experiment_key,lot_number,wafer_number,main_active_duration,mean__EpdIntensity,std__EpdIntensity,robust_width__EpdIntensity,late_minus_early__EpdIntensity,mean__ForeLinePressure,std__ForeLinePressure,robust_width__ForeLinePressure,late_minus_early__ForeLinePressure,mean__Gas1Flow,std__Gas1Flow,robust_width__Gas1Flow,late_minus_early__Gas1Flow,mean__Gas2Flow,std__Gas2Flow,robust_width__Gas2Flow,late_minus_early__Gas2Flow,mean__Gas4Flow,std__Gas4Flow,robust_width__Gas4Flow,late_minus_early__Gas4Flow,mean__Gas5Flow,std__Gas5Flow,robust_width__Gas5Flow,late_minus_early__Gas5Flow,mean__Gas7Flow,std__Gas7Flow,robust_width__Gas7Flow,late_minus_early__Gas7Flow,mean__Heater1Temp,std__Heater1Temp,robust_width__Heater1Temp,late_minus_early__Heater1Temp,mean__Heater2Temp,std__Heater2Temp,robust_width__Heater2Temp,late_minus_early__Heater2Temp,mean__Heater3Temp,std__Heater3Temp,robust_width__Heater3Temp,late_minus_early__Heater3Temp,mean__Heater4Temp,std__Heater4Temp,robust_width__Heater4Temp,late_minus_early__Heater4Temp,mean__HeliumBPFlow,std__HeliumBPFlow,robust_width__HeliumBPFlow,late_minus_early__HeliumBPFlow,mean__HeliumBPPressure,std__HeliumBPPressure,robust_width__HeliumBPPressure,late_minus_early__HeliumBPPressure,mean__PlatenDcBias,std__PlatenDcBias,robust_width__PlatenDcBias,late_minus_early__PlatenDcBias,mean__PlatenRFLoadCapacitor,std__PlatenRFLoadCapacitor,robust_width__PlatenRFLoadCapacitor,late_minus_early__PlatenRFLoadCapacitor,mean__PlatenRFLoadPower,std__PlatenRFLoadPower,robust_width__PlatenRFLoadPower,late_minus_early__PlatenRFLoadPower,mean__PlatenRFPeakToPeak,std__PlatenRFPeakToPeak,robust_width__PlatenRFPeakToPeak,late_minus_early__PlatenRFPeakToPeak,mean__PlatenRFReflectedPower,std__PlatenRFReflectedPower,robust_width__PlatenRFReflectedPower,late_minus_early__PlatenRFReflectedPower,mean__PlatenRFTuningCapacitor,std__PlatenRFTuningCapacitor,robust_width__PlatenRFTuningCapacitor,late_minus_early__PlatenRFTuningCapacitor,mean__Pressure,std__Pressure,robust_width__Pressure,late_minus_early__Pressure,mean__SourceRF2PeakToPeak,std__SourceRF2PeakToPeak,robust_width__SourceRF2PeakToPeak,late_minus_early__SourceRF2PeakToPeak,mean__SourceRF2TuningCapacitor,std__SourceRF2TuningCapacitor,robust_width__SourceRF2TuningCapacitor,late_minus_early__SourceRF2TuningCapacitor,mean__SourceRFLoadPower,std__SourceRFLoadPower,robust_width__SourceRFLoadPower,late_minus_early__SourceRFLoadPower,mean__SourceRFPeakToPeak,std__SourceRFPeakToPeak,robust_width__SourceRFPeakToPeak,late_minus_early__SourceRFPeakToPeak,mean__SourceRFReflectedPower,std__SourceRFReflectedPower,robust_width__SourceRFReflectedPower,late_minus_early__SourceRFReflectedPower,mean__SourceRFTuningCapacitor,std__SourceRFTuningCapacitor,robust_width__SourceRFTuningCapacitor,late_minus_early__SourceRFTuningCapacitor,mean__moriInnerCurrent,std__moriInnerCurrent,robust_width__moriInnerCurrent,late_minus_early__moriInnerCurrent,mean_si_etch,cv_si_etch_pct,std_si_etch,range_si_etch,p90_width_si_etch
2024-07-02_01,1,1,597.7999999523163,0.12300000339746475,0.0,0.0,0.0,133.4037536499891,28.17998856772991,69.58220672607422,1.1125473705023694,0.22396655556150902,0.08105936745182521,0.20999999344348907,-0.04528428134461707,4.1647859536684475,0.11323047106822545,0.2800002098083496,-0.06384615276170802,71.4211568840197,121.55537113810311,299.989990234375,-3.788645151890435,440.6698412488536,254.22010161673253,600.0,8.316622646756002,2.0023946438744713,0.03638262083828628,0.08999991416931152,0.035986589348834475,1371.013408096977,0.03406912512863522,0.0999755859375,-0.0071888799252519675,54.43598669938818,0.1205443442902723,0.2999992370605469,0.13160668567670086,10.162575279350664,0.049485956141187316,0.09999942779541016,-0.07157149681678199,60.00642115104956,0.08565391452840466,0.1999969482421875,0.10468190170849567,1.7187734702757769,0.07854354358593119,0.2003234624862671,0.16182159101683946,14.986849260489677,0.0016836146074234576,0.004883766174316406,0.0015771381033697907,2.288010418933371,11.351338907285351,33.14920530319213,0.7050388090586581,88.5444742271334,7.379436285428529,5.5513153076171875,8.203380451553244,44.180594835951176,20.598961372133466,50.58442687988281,0.5615049923542728,563.8176075300644,183.27066499731248,488.5082702636719,3.372128234659158,3.3795013448728066,6.2089800415657574,6.2715535163879395,-1.0807533011862067,27.959007810509725,1.875932718786543,4.599138259887695,-0.37594930144855354,0.04238973206912096,0.006190728975178627,0.01029999926686287,-0.00017441494894964577,0.2002585790627776,3.3008836159013457,0.0,-0.6453286748267336,2.0,0.0,0.0,0.0,2791.768392852477,5.351987639535612,13.092529296875,-0.3637540172971967,3276.3486748634773,72.57894646807064,187.993896484375,20.922019932979765,143.30789979851764,165.33584806330558,373.882266998291,-22.12255145235605,3.0,0.0,0.0,0.0,9.998393408670074,0.007378850232131738,0.0201416015625,0.0024419197669391934,44.28899101123595,8.28102276677696,3.6675814288162503,12.0867,10.961
2024-07-02_02,1,2,595.0,0.12300000339746475,0.0,0.0,0.0,132.95497325094797,27.977804513524212,69.58220672607422,0.9694113627201375,0.23238911334067203,0.08513215877548455,0.23000001162290573,0.012268907464101558,3.9642305354117067,0.13502021157964625,0.34999990463256836,0.11875631308355272,71.79514420508302,121.76101586477468,300.0,-4.932302263613892,439.6682042490731,254.94573087651435,600.0,9.77742863502823,2.040131011837593,0.037735116377895665,0.09999990463256836,-0.005428565650427153,1371.0139414879584,0.034632980538557984,0.0999755859375,0.006048943014548058,54.44788270227371,0.15705413941466137,0.3999977111816406,0.23075607684479849,10.15819897318399,0.04932291346221851,0.09999942779541016,0.06453744583770948,60.00873631303028,0.07059792330262832,0.1999969482421875,0.08537750885265893,1.7036047310678548,0.06144871519174123,0.14770960807800293,-0.15947998651937256,14.987271370746756,0.0015415623754658453,0.0030517578125,0.0005601305921523192,3.8966681037538793,14.788007470156371,41.535691261291504,-1.3976964277379658,89.36407374342282,7.560866251357232,4.0284423828125,6.178977592852931,44.19310900408735,20.603790888182154,51.13376426696777,0.07109012764041012,568.3066696351574,182.74992630494117,488.2198486328125,-3.469338912322769,3.2039666435085437,5.780611346711518,5.539109706878662,-0.9506387680268089,28.04364501532688,1.859518013809966,4.5411529541015625,-0.3823892128567721,0.04240299024123458,0.006177381641183232,0.010400000959634781,-0.0002233613658101652,0.086038403613593,2.0980279065623284,0.0,0.003590412300173984,2.0,0.0,0.0,0.0,2791.5008119972804,8.061979705709561,13.931640625,0.28039858521560745,3271.772803768035,72.09582164256584,188.45166015625,15.504943539915985,139.75378328946329,164.77565389322191,370.1437454223633,-18.307054199090544,3.0,0.0,0.0,0.0,9.999289901025834,0.007286735935743475,0.01812744140625,0.001164481219122493,44.038886516853935,8.21018937248339,3.6156759805667615,11.483000000000004,10.699260000000002
2024-07-02_03,1,3,598.0,0.12300000339746475,0.0,0.0,0.0,132.9272400222467,27.882927008134367,69.58220672607422,0.8226725504948433,0.20601136784966934,0.09436003793924447,0.2499999925494194,-0.01891304414881312,3.9719358393676463,0.11923541413876743,0.309999942779541,-0.02178930997051154,71.36173499907846,121.53581691343179,300.0,-2.1681436752607794,440.54787560204363,254.26124783010724,600.0,5.3997327133166095,2.0447408511303053,0.041738257408222915,0.1099998950958252,-0.006070236497897952,1371.013503890578,0.03417168875293797,0.0999755859375,0.0035108483357362275,54.43229673124802,0.1699212779428596,0.3999977111816406,0.28194026883230805,10.155867664601164,0.04965423467479602,0.09999942779541016,0.03946465712327196,60.01270448511877,0.07431138027464598,0.1999969482421875,0.07474853362526801,1.7094197743555168,0.06900692354137818,0.16479992866516113,-0.17640310924587443,14.987339541729538,0.0015435987653171252,0.0030517578125,0.0006298061995995141,3.1830570704958503,14.089837756802186,39.674062728881836,-1.050796170697164,89.07887330193935,7.335179323819258,3.96435546875,5.5548023802779625,44.136254032891316,20.583903832667076,51.08798789978027,0.10380378136267865,567.5936085947458,181.89792148132062,485.88519287109375,1.7454875831222125,3.133075487339419,5.402700322006545,5.5848870277404785,-0.19796203914095356,28.128716310343588,1.7988387866858282,4.48011589050293,-0.2854450825464774,0.04239822770940624,0.0062078332608309205,0.01029999926686287,-5.602019910629086e-05,0.08928015813186631,2.181863787146304,0.0,-0.17734417867501046,2.0,0.0,0.0,0.0,2791.568589965861,5.566117027628675,12.5888671875,0.23241166845218686,3276.688388652285,73.02686811530046,191.503662109375,13.64835666414092,143.00871682493872,165.05038380331348,371.89856338500977,-15.346523393356676,3.0,0.0,0.0,0.0,9.999791487129745,0.008051403989367174,0.0201416015625,0.0005793172778894018,44.149623595505616,8.116611726747891,3.5834535260678626,11.4007,10.715219999999997
2024-07-02_04,1,4,598.0,0.12300000339746475,0.0,0.0,0.0,132.65593026625754,27.851234238843627,69.58219909667969,0.7655143897270023,0.2517586097268208,0.09106184776311503,0.24000001698732376,0.025501672234573114,3.989662346175107,0.12670074670621947,0.309999942779541,-0.06095318690590279,71.42783663812457,121.5506032690063,300.0,-1.5451336743895752,440.427063299716,254.48387250139578,600.0,4.2035114059480065,2.052524192402571,0.03786351944886787,0.09999990463256836,-0.006889624340478573,1371.0128688066152,0.03348074518239492,0.0999755859375,-0.0018390157949852437,54.44463382824254,0.1796303250982868,0.3999977111816406,0.3294302260995323,10.199999809265137,0.0,0.0,0.0,60.01136709383522,0.08365839954468081,0.1999969482421875,0.09381231097473375,1.6545640052022523,0.023466583769335733,0.06103694438934326,-0.05441276883600543,14.987219953010888,0.00157499003101938,0.003662109375,0.000851297856971911,3.920327531259142,12.959469382651633,36.25599002838135,-0.31294234700027523,88.85464947951434,7.305314081138468,3.9796142578125,5.662836971888979,44.142054672904415,20.605702623611286,50.76754188537598,0.1940580387179267,570.4479229364935,179.57894886022535,476.34051513671875,5.971586935496248,3.210228852633747,5.468010902791549,5.905331611633301,-0.5158036350207187,28.199088439380233,1.766188053251965,4.41297721862793,-0.3024445983478472,0.04237820087383719,0.00622676533081007,0.01029999926686287,-0.00011973275513353643,0.05336402579319991,1.6852508083732811,0.0,0.08446176076015102,2.0,0.0,0.0,0.0,2791.315886461468,5.341448855522606,13.763916015625,0.18077102712186388,3272.3520750239,72.97672060641978,192.2666015625,14.10741126019002,140.53114641840662,165.06857444030322,372.20375061035156,-13.146945439852203,3.0,0.0,0.0,0.0,9.999157135241887,0.007036227722476842,0.0201416015625,0.001532537083962282,43.90529550561798,8.045149787008544,3.532246787855696,11.366,10.487419999999991
2024-07-02_05,1,5,594.7999999523163,0.12300000339746475,0.0,0.0,0.0,132.60800120826528,27.976698538592924,69.58219909667969,1.6623610712900927,0.28564033702516756,0.08686617798970721,0.20999999344348907,-0.06584874023096401,4.063257161549159,0.10546945970578689,0.26999998092651367,-0.060924367343678565,71.7954080655,121.77183449470296,300.0,-5.24618491957105,439.48836501562295,255.11461343868143,600.0,10.657563015593212,2.056416758929982,0.03691552159785409,0.08999991416931152,-0.005815117699758954,1371.0153575942095,0.036048977513731595,0.0999755859375,-0.0005040785845267237,54.42877329850397,0.22079867524602909,0.6000022888183594,0.41445442648495145,10.197142687885702,0.019624237398144617,0.0,-0.002520993978036401,60.01556265951205,0.07758789540127882,0.1999969482421875,0.12285611449169664,1.643617159058066,0.07639704461080654,0.20337533950805664,-0.20190430528977332,14.987269602543165,0.0015361291606298616,0.0030517578125,0.0004667762948677989,3.0294878086122146,12.495312059487857,35.14511585235596,-0.3740184287063215,88.74784603961376,7.48559327484831,4.0382080078125,5.83212804188247,44.20676359994071,20.605669838009558,50.72176551818848,0.04493157523018709,569.4657003399504,182.66550946110172,483.56427001953125,0.5830331754283407,3.404511563514962,6.041764176148966,6.665242576599117,-0.7741442940190058,28.26454676075142,1.7631787411270674,4.347665786743164,-0.3586360931396477,0.04240278946126209,0.00622461242211563,0.010400000959634781,-0.00020756324549683208,0.08719573974609375,2.126061462337276,0.0,-0.08642636467428769,2.0,0.0,0.0,0.0,2791.5145072872897,7.989670596258705,12.5888671875,0.11086897649693128,3272.3972904083507,73.68470136853286,193.792724609375,16.02067850577714,142.49281007269852,165.72329738743636,375.8964900970459,-17.404270207381046,3.0,0.0,0.0,0.0,9.999791136990074,0.0077607863916735725,0.0201416015625,-0.0014725372570900674,43.42659101123596,8.034918336906768,3.4892911242553044,11.182200000000002,10.478119999999995
2024-07-02_06,1,6,598.0,0.12300000339746475,0.0,0.0,0.0,132.84530616627615,27.944746003693417,69.88739013671875,1.3044366134847678,0.25695754008928756,0.08290672617947199,0.20999999344348907,-0.008160534769570738,3.8808926917445654,0.12227987144083784,0.31999993324279785,0.10556858279633285,71.31304886518653,121.50506105283384,300.0,-3.2998160727596257,440.6143482319689,254.31395652149402,600.0,7.244783092501962,2.0640621361466245,0.037717123642323325,0.09999990463256836,-0.008979919363424127,1371.0139718471821,0.03466455098490173,0.0999755859375,-0.005015497622252951,54.42754902866763,0.2399366784047281,0.6000022888183594,0.4598675029333634,10.166466070791824,0.04826120836496585,0.09999942779541016,0.048494705787073045,60.01019700208821,0.07431544711329705,0.1999969482421875,0.07207307847447453,1.6681819325583869,0.035833248061401236,0.08911395072937012,-0.0912758614307263,14.987219136122356,0.0015776968707144191,0.003662109375,0.0009350011181279427,3.711258900360852,11.502428898321137,32.53273010253906,-0.7106015578560205,88.80336089087983,7.288538582291001,3.9033203125,5.888520869124292,44.120780511828656,20.579745787161773,50.675981521606445,0.36767663604837963,572.3280027307263,181.89723475501674,488.7005310058594,9.300427720698167,3.311947014172842,5.446984791149034,6.683553695678711,-0.4341232496248342,28.279571204152006,1.7215778628305896,4.321420669555664,-0.3385921912049774,0.042394349169682315,0.006251009488537453,0.010499998927116394,-0.00023428110848103256,0.17850930058649256,3.085090929937348,0.0,-0.1827027757829647,2.0,0.0,0.0,0.0,2791.3277838887757,5.630571919742833,13.931640625,-0.5349945782818395,3272.7160835533946,73.3605267514583,193.334716796875,16.836722995923992,144.57788462305658,165.846836549217,375.92700576782227,-14.843427664460137,3.0,0.0,0.0,0.0,9.999217738359121,0.006981786758592937,0.0201416015625,0.0013876902219838172,43.584064044943815,7.996607554371472,3.4852465579200778,11.268999999999998,10.552659999999996
2024-07-02_08,1,8,594.8000001907349,0.12300000339746475,0.0,0.0,0.0,132.46766737929914,28.00338292063987,69.58219909667969,1.1991979038014051,0.24438991660706136,0.08134885584836624,0.2200000062584877,-0.01754621872756662,4.0866924580005035,0.09696579545959899,0.25,0.0359999897099339,71.87028526695399,121.78248698023485,299.989990234375,-5.671613526914044,439.42507427167493,255.1808677903375,600.0,12.012184270089449,2.0168235124459786,0.03094303492619701,0.06999993324279785,-0.0029915935852948827,1371.0155256204043,0.03620964109228901,0.0999755859375,0.003696576286756681,54.422722466733276,0.24637499559992107,0.6000022888183594,0.4623536246163482,10.173109211641199,0.045461860493587865,0.09999942779541016,-0.01596629519422521,60.01136103910559,0.07350907347113066,0.1999969482421875,0.0747894351221916,1.6550453400010823,0.03055281938443646,0.07934808731079102,-0.07668506478061188,14.987321919673631,0.0015492346084518198,0.0030517578125,0.000812508078182006,3.701018113849544,10.11094366536472,29.151280021667475,-1.7035483640782974,88.68280306636787,7.478640259608303,3.8953781127929688,6.261967423933896,44.18477486233751,20.600312477758884,50.630205154418945,0.10340368126620803,571.8414277610458,180.3601583513037,482.9737548828125,-3.894726459919866,3.3440233655787317,5.57508254174853,6.683553695678711,-0.9321737775469527,28.31664777739709,1.7284909449534767,4.275642395019531,-0.4063475248192532,0.042407058271415096,0.006276445938956574,0.010599996894598007,-0.00023663882948771198,0.1255618670808167,2.5870287014257265,0.0,0.09232489962537749,2.0,0.0,0.0,0.0,2791.359855567227,6.90629836375031,13.763916015625,0.3904317391015866,3269.1100623686975,72.44653999412125,190.0693359375,18.040792821034756,142.4364201919171,166.37253261536,375.9575252532959,-17.648828836649415,3.0,0.0,0.0,0.0,9.999032868778004,0.006778948968979795,0.01812744140625,-0.0005314706754298015,43.09692808988764,8.024052828688655,3.4581202774745448,11.125700000000002,10.355420000000002
2024-07-02_09,1,9,598.0,0.12300000339746475,0.0,0.0,0.0,132.88030397178576,27.949019000633797,69.88739013671875,0.7991972479931917,0.20394516902480964,0.08266832059880441,0.2200000137090683,-0.01018394706116671,4.067820151328084,0.10252801406320214,0.25999999046325684,-0.037993326234976976,71.40557627205213,121.47885326967122,299.989990234375,0.6411369007274033,440.4692996680159,254.32181131908283,600.0,-0.31854504645866655,2.077435587210545,0.04071424382119344,0.09999990463256836,-0.043662192430783175,1371.0129356575585,0.03355471214949562,0.0999755859375,-0.005015497622480325,54.424907769777434,0.25314780706457085,0.6000022888183594,0.5162214961737703,10.119726112796805,0.042238131451422564,0.09999942779541016,-0.02692292286799436,60.01771944097674,0.08024652848736903,0.1999969482421875,0.10551764574338307,1.624618520508718,0.024327184561550565,0.06347846984863281,-0.05703184596670918,14.987292196949124,0.001581519131630743,0.0030517578125,0.0008053715811122686,3.138447605300133,9.41722335225789,27.558213233947754,-2.1721217592424376,88.61463889100008,7.328179073087581,3.7842941284179688,5.866188219957124,44.139146691299686,20.593552978091164,50.58442687988281,-0.12699918523679798,571.6339896510414,180.6462781328749,483.9625244140625,2.4259548888956033,3.2868006225340305,5.140420147841286,7.04977560043335,-0.38428825923057897,28.31488431970717,1.6917512065389413,4.254280090332031,-0.3375764897834479,0.042401102812109445,0.006285921005800108,0.010499998927116394,-0.00014331128236442364,0.06917937038655028,1.8910098401792033,0.0,-0.2574680290094586,2.0,0.0,0.0,0.0,2791.2939427821225,5.0416963851808365,13.42822265625,0.15971981801294532,3272.0192909457537,72.16961888980822,190.587890625,15.386583207044168,144.53916249710434,165.84348209492234,375.92700576782227,-10.747823112385703,3.0,0.0,0.0,0.0,9.999853422712699,0.00791364128780681,0.02215576171875,-0.0006904793423547773,43.339929213483146,8.006126316472708,3.4698494783013167,11.1749,10.45776
2024-07-02_10,1,10,598.0,0.12300000339746475,0.0,0.0,0.0,132.6247076980249,27.847863669086973,69.27701568603516,0.7920526612961112,0.2666733542501438,0.09413385994426862,0.25,0.022424749456919135,4.042571069643435,0.1126610680151151,0.2799999713897705,-0.09287624494686586,71.3203874135758,121.51814356885681,299.989990234375,-2.236906152199893,440.46612035897374,254.3928580201195,600.0,5.378228044430159,2.0698996487368473,0.0388998154497342,0.09999990463256836,-0.03760868729556277,1371.0155428443534,0.03622602601404995,0.0999755859375,0.012538744055746065,54.40839170445092,0.2413185608344099,0.6000022888183594,0.5337801330464345,10.130591981748163,0.04607924169942341,0.09999942779541016,0.0006688924936142371,60.00434615053249,0.07539756266246662,0.1999969482421875,0.08327719519369481,1.6483725525790016,0.019819690542532308,0.05127108097076416,-0.04087438950171829,14.987240356412153,0.0016307275528234227,0.003662109375,0.0008931654352810625,3.2360435646539227,8.892948960371779,16.84621810913086,-1.9001599777502363,88.50542219742928,7.272006704017093,3.8087081909179688,5.606224334359567,44.10290406564134,20.58299829006405,50.35554313659668,0.2075308158644873,569.5614554744147,183.0241079409873,487.4645080566406,1.7784439137947174,3.3284306833872384,5.243868126400306,7.04977560043335,-0.34930426130276837,28.315710801099385,1.6924906126803283,4.254280090332031,-0.3433893930951868,0.04240872569641255,0.006295756692778119,0.010400000959634781,-8.729111129125028e-05,0.08948422721778618,2.187417980835635,0.0,0.004082746729005549,2.0,0.0,0.0,0.0,2791.3055586028922,5.171522918569925,13.59619140625,0.26074953621446184,3270.749266680249,71.72123373754947,189.214599609375,15.035472652983572,143.9857786147342,166.30338459150678,379.86389350891113,-13.956502617800936,3.0,0.0,0.0,0.0,9.999732902001394,0.007785220304687677,0.0201416015625,-0.0008825219195820466,43.28435730337079,7.9896259417856355,3.458258239845298,11.186,10.404039999999997
2024-07-05_01,2,1,597.7999999523163,0.12300000339746475,0.0,0.0,0.0,133.39946660644634,28.26809593361897,70.19256591796875,0.8614585997667632,0.206110367834269,0.12931186976781436,0.3399999961256981,-0.12573578534803562,4.085344502200251,0.11187305135441522,0.28999996185302734,0.09632105532298496,71.40704006395337,121.57749742029156,299.989990234375,-2.9301169159227243,440.7270619944984,254.37039161332163,600.0,6.90003409433524,1.8772575262796918,0.04499687796200262,0.1099998950958252,-0.046354514499970634,1371.0146786897078,0.035384271545417775,0.0999755859375,-0.0031764818274950812,54.08247451016735,0.23350005324709716,0.5999984741210938,0.3794316575678707,10.126020299471342,0.04387414704167168,0.09999942779541016,0.013879519242506078,60.04819333768609,0.07655836428625193,0.09999847412109375,0.07541729853703316,1.5574026162807757,0.08326804001658665,0.22717976570129395,0.18899224354670596,14.986953782875801,0.0017932462772629059,0.004883766174316406,0.0014750582717333316,2.6850980806510187,10.552390401477506,30.796227550506593,0.6370611414064133,87.8837434478428,7.342082124420694,5.966972351074219,8.21170931436545,44.121144897563006,20.623984722782527,50.675981521606445,0.449510000222503,561.5802917429436,180.53956172563528,480.4673767089844,1.8670904102133363,3.385395799627073,6.220364993568472,6.344797992706273,-0.8821788624514606,27.948446798165108,1.877118150488467,4.623859596252441,-0.38682973344987914,0.042398059842827726,0.0062170360405261185,0.01029999926686287,-0.00011872904169619308,0.10931546265464961,2.4419997872801207,0.0,-0.1883165493458011,2.0,0.0,0.0,0.0,2791.861070919994,5.528260843061778,14.099609375,-0.8937090105036987,3281.8412939779732,73.60088498177095,191.35107421875,21.669163324362216,143.61754513679938,166.18353778339528,375.93005752563477,-22.169145708498775,3.0,0.0,0.0,0.0,9.99714045955186,0.006597180741553672,0.01812744140625,0.0017884838142521176,44.20857078651686,8.531945226805206,3.7718510450590257,12.2361,11.12328
2024-07-05_02,2,2,598.0,0.12300000339746475,0.0,0.0,0.0,133.02009131285865,28.053537102685887,69.88739013671875,1.1166302607609566,0.21187897065211622,0.1085287164280698,0.29999999329447746,-0.047458194208683385,4.069037132620293,0.12118055014147926,0.3099997043609619,-0.05535115765090026,71.63810427514547,121.72921807111662,299.989990234375,-2.6216556470542116,440.11002533366474,254.81033731384574,600.0,6.413612127702777,2.010605131810583,0.04669840397911346,0.11999988555908203,0.0792307193861359,1371.0113312349156,0.03169305863081998,0.0999755859375,0.00016718325400688627,54.048545468814076,0.2275646371615295,0.5999984741210938,0.435952802166895,10.130391371844008,0.048056060856026046,0.09999942779541016,-0.010367833651029557,60.0201600794408,0.07506605687498778,0.1999969482421875,0.10300912506205862,1.5032762741014256,0.018031246220290682,0.04760885238647461,-0.038198154108181503,14.987135870247053,0.0015783139251806524,0.0042724609375,0.0009401458561626441,3.5984597953814244,15.053897746337968,42.17658042907715,-0.24542391659025364,89.1652578336664,7.350337965462922,4.025390625,6.0351984764022575,44.083925593461295,20.587771550289723,51.13376426696777,0.15501673644202896,564.8697856978324,182.38598164168678,484.16851806640625,4.620759944852011,3.1912198326746903,5.650487598945982,5.5848870277404785,-0.4189660645099389,28.02621452436125,1.828761962100293,4.5197906494140625,-0.29725947427909105,0.042379337720714935,0.00619944593825808,0.010200001299381256,-0.00015903050297976645,0.0890760915967303,2.1777401354472463,0.0,-0.09798585132611634,2.0,0.0,0.0,0.0,2791.6336343013413,5.389878891438851,13.763671875,0.1355707174957388,3282.6882191986115,73.55351073416037,192.57177734375,15.028328069476174,141.5116975517107,165.67196926913425,373.821231842041,-15.035214395427403,3.0,0.0,0.0,0.0,9.998864183773447,0.007765837703503739,0.02215576171875,0.0009700366884572986,44.20844943820225,8.228945331191017,3.6378891360368857,11.6006,10.723260000000003
2024-07-05_03,2,3,598.0,0.12300000339746475,0.0,0.0,0.0,132.8588769167253,27.922407759275963,69.88739013671875,1.168685654732684,0.2324506859586206,0.09803372255230716,0.26999999582767487,-0.001020066218955229,4.010294241715497,0.12486293017388791,0.32000017166137695,0.0011204030601481563,71.35891670437137,121.52299411149508,299.989990234375,-2.363344344920961,440.43179727445596,254.4517894070681,600.0,5.405383933347991,2.044520187640979,0.04023534554105802,0.09999990463256836,-0.00658862208044253,1371.014105549069,0.03480293117844197,0.0999755859375,0.00200619904899213,54.03881638889447,0.22698525331468053,0.5999984741210938,0.4720734242212856,10.131126916834997,0.04630091275488257,0.09999942779541016,0.05535085384662253,60.00715445388085,0.0792108465652589,0.1999969482421875,0.11304292710727992,1.4842288871546407,0.021840138056775753,0.05615413188934326,-0.051563016945701756,14.987222604550713,0.0015825209701025502,0.0030517578125,0.0009023624917734452,3.6805771403948784,14.350447300892665,40.4065055847168,-0.07267287582856774,88.84533062924991,7.284818567634859,3.9490966796875,5.6246531926668695,44.106010994995685,20.569307570519612,51.04221153259277,0.3189133577123542,566.3014539376185,182.42962774033762,483.8938903808594,5.8623863653992885,3.2330641636917004,5.660038740276474,5.951109409332275,-0.21740609734477978,28.12091474938018,1.794241280879694,4.47706413269043,-0.29512115784712023,0.04237993948089363,0.00622622401658867,0.01029999926686287,-8.595345174289282e-05,0.12356374160934953,2.5523382326730224,0.0,-0.08497210729082293,2.0,0.0,0.0,0.0,2791.5132017145183,5.348974281309845,12.5888671875,-0.14876574257959874,3281.119391622132,74.28956009132474,196.08154296875,14.38350532046934,142.28962896660155,166.89456019613775,378.00226402282715,-16.349602807724352,3.0,0.0,0.0,0.0,9.99976589447756,0.007643404080240016,0.0201416015625,0.0013001052830929893,43.95148597898877,8.025678050555902,3.5274047631088563,11.317,10.52178
2024-07-05_04,2,4,595.0,0.12300000339746475,0.0,0.0,0.0,132.82791529099146,28.074063789592927,69.88739013671875,1.5238742251356143,0.2926411298034783,0.08771065423537831,0.2199999839067459,0.04490756374948163,3.9721841680747207,0.11422749241697792,0.2999999523162842,-0.04571429220568257,71.84629365597145,121.77024160083964,299.989990234375,-4.720739381807306,439.57939362381734,255.010772357479,600.0,9.780404068441953,2.048864202994493,0.03911982868530552,0.09999990463256836,-0.007226891878272301,1371.0136391424364,0.03431552200333293,0.0999755859375,-0.007393152573513362,54.01549087032195,0.22765482370842624,0.5,0.5347908340582279,10.188911163037822,0.03139904779770526,0.09999942779541016,0.020167951824284103,60.013474179852395,0.07228356417212452,0.1999969482421875,0.06151205110950997,1.5372497306395603,0.06844865112275283,0.18189024925231934,-0.1803454156683273,14.98725557295225,0.0015647827859253689,0.0030517578125,0.0005026889448398464,3.649617892439647,13.269155796680884,37.00369310379028,-1.3236826536034338,88.62723226142516,7.512444872713328,4.0284423828125,5.7098589880000645,44.20104627647707,20.61408946052983,50.72176551818848,0.08778568235766215,569.8881023622329,183.9314157634175,489.0095520019531,-1.5460968017578125,3.410766462376091,5.997958836144534,6.340220212936401,-0.5526414979656202,28.219469949763308,1.7855979610604684,4.400768280029297,-0.34984471617626767,0.042395597741243136,0.006220804442643161,0.010399997234344482,-0.0002418490674565843,0.17607621223695816,3.0346299478961276,0.0,0.08796511097114626,2.0,0.0,0.0,0.0,2791.40785783337,8.07079787560209,13.931884765625,0.5317735688026914,3282.431618885327,75.06947781039133,196.23388671875,16.30688804818783,144.93026008080412,166.76334658687088,377.9412269592285,-17.489157713561497,3.0,0.0,0.0,0.0,9.999744739904198,0.007838142405420334,0.0201416015625,-0.0018957907412229247,43.42695056179775,7.937927107062419,3.447199680415539,11.159200000000006,10.332059999999998
2024-07-05_05,2,5,598.0,0.12300000339746475,0.0,0.0,0.0,132.8219403541435,27.91129203892179,69.88739013671875,0.894120972292086,0.27180541673782915,0.08880734119909371,0.22999998927116394,0.06085284327757995,3.9603042729281137,0.12849699771169404,0.3299999237060547,0.012324423694291653,71.28113001414623,121.50470922982676,299.989990234375,-1.9174247038547634,440.58625741365245,254.24156082974503,600.0,4.624247739944963,2.063838131409431,0.03786395628447345,0.09999990463256836,-0.013913042170547119,1371.0121000207655,0.03260822232743273,0.0999755859375,-0.0003343665082411462,54.00127079924466,0.21581967766283144,0.5,0.4934784560697949,10.201002822118394,0.009964719422088295,0.0,0.002508370772652313,60.01745203337674,0.06725425075107651,0.1999969482421875,0.08745724221934381,1.4352739758014839,0.02084158241902096,0.05371248722076416,-0.04881940936563822,14.987223012038434,0.0015535584619241326,0.003662109375,0.0009237978370695288,4.081062432955197,12.214300217318392,34.455397605895996,-1.4356968378940955,88.49830431860053,7.289889068483619,4.0009765625,5.462573440577273,44.12148457217559,20.562615639596686,50.675981521606445,0.08948870885332383,570.2315698417682,182.1137553225437,489.2498779296875,0.5283205676636271,3.3330681481000393,5.446149653649424,6.591998100280762,-0.16573390067495852,28.24851498975279,1.7377710127958883,4.361095428466797,-0.2832556504469643,0.0423854225888395,0.006253405509719176,0.010399997234344482,-0.00010752513145025067,0.1951409176973466,3.213718136639225,0.0,-0.08191004086497633,2.0,0.0,0.0,0.0,2791.446082959164,5.612568226279627,14.099609375,-0.1161937904998922,3277.49201151632,74.10460832562582,195.318359375,16.41850194006065,141.33161707476046,166.01168743242548,375.8964900970459,-12.784704125445842,3.0,0.0,0.0,0.0,9.999189455267658,0.007032612289535019,0.01812744140625,0.002027651936714392,43.54600561797753,7.915984225487488,3.4470949355489964,11.223499999999994,10.395219999999997
2024-07-05_06,2,6,598.0,0.12300000339746475,0.0,0.0,0.0,132.6624603647725,27.98959973363607,69.88738250732422,0.9824103320322877,0.30862587834706834,0.08030669284385952,0.20000000298023224,0.057224080536551925,3.982828510919569,0.12671672735735878,0.3299999237060547,-0.06996656979206817,71.57468054825904,121.61595833116294,299.989990234375,-2.063444543879072,440.0890623362556,254.73813564627187,600.0,5.097007000725398,2.061601424209253,0.04042330887672418,0.09999990463256836,-0.010150507939699072,1371.0184508603936,0.03878403446835007,0.0999755859375,-0.007523246433493114,54.01748563357717,0.23929795058894182,0.5999984741210938,0.4807689181937036,10.197492301045592,0.015635273891927707,0.0,0.0025083468510551654,60.00738858395458,0.07102078810173716,0.1999969482421875,0.08979873912390701,1.469639998102459,0.0160518375052127,0.04272592067718506,-0.028864995093648593,14.98719934172074,0.00156134918504639,0.003662109375,0.0006532796649239003,3.5934805131923073,11.036017325735319,31.464584350585938,-0.9710295734596888,88.46837456893539,7.30476137917421,3.958251953125,5.7578781998675765,44.104556999091756,20.558297727497642,50.675981521606445,0.0868093465084172,570.1715343173074,181.97092922790304,484.5118408203125,2.2836826286188625,3.2680824024995725,5.268243923119437,6.683553695678711,-0.5478786834107594,28.290327686882467,1.7181901098815329,4.330577850341797,-0.3107937331183699,0.042385756962601655,0.006276994205369295,0.010399997234344482,-0.00018545144228233196,0.10912586238941434,2.436663299701276,0.0,-0.0831859040021099,2.0,0.0,0.0,0.0,2791.365608789258,5.337988827853658,13.59619140625,0.03732861164826318,3279.755848926989,74.1537147965511,196.234130859375,18.81532272287859,145.14721646846158,166.41817548189513,377.9412269592285,-12.641195498182611,3.0,0.0,0.0,0.0,9.999990804424177,0.007151554841099375,0.01812744140625,-0.0008016142956801531,43.41621348314607,7.907519914909597,3.433145727479441,11.215199999999996,10.362799999999991
2024-07-05_07,2,7,598.0,0.12300000339746475,0.0,0.0,0.0,132.7705150184644,28.000349122601598,70.19257354736328,0.8711553337581961,0.33441323978158194,0.07807519124411343,0.17999999225139618,0.0040301007645385245,3.8922835306673296,0.11227431859927155,0.2799999713897705,0.1679431802054312,71.23998658522025,121.42049465101405,299.989990234375,-1.0892145909418787,440.3996003959857,254.45155046629543,600.0,2.5334620320278987,2.066215264043932,0.03894528441121527,0.1099998950958252,0.0034448095787329436,1371.0115986386895,0.03201643764710583,0.0999755859375,0.0043467646059980325,54.01989283126479,0.2565141361179695,0.5999984741210938,0.5513377109897633,10.171313924798994,0.047395088818953705,0.09999942779541016,-0.017892850282597905,60.007656145877,0.0631142002187343,0.1999969482421875,0.06421326474600875,1.398002416423554,0.021536954773798155,0.05615413188934326,-0.05225299413387585,14.987184437809482,0.0016132224173530155,0.003662109375,0.0009962547582933468,3.347740704540583,10.623747739209886,30.487991333007812,-0.20648475474737182,88.46131070024471,7.298047110035378,3.8911056518554688,5.824227718206558,44.11643383902317,20.56260757472197,50.58442687988281,0.02334818313751441,569.0758532412831,182.95232766621055,490.41717529296875,2.7319679387836686,3.2749544139932785,5.300316277422991,6.683553695678711,-0.5726813601523042,28.302524911643907,1.7091073974351871,4.306161880493164,-0.3355096765983845,0.04235780639097528,0.0062609898936794575,0.010399997234344482,-6.438137334226213e-05,0.15478628879803472,2.8188869573770003,0.0,-0.0035724001983336306,2.0,0.0,0.0,0.0,2791.2620690032336,5.082676848332756,13.59619140625,-0.21416481043570457,3277.1399417980506,74.06935497998474,196.5390625,16.836976118311213,144.85821408150946,166.86634538225218,379.86389350891113,-12.332692946877387,3.0,0.0,0.0,0.0,9.999686438197955,0.007509521792650716,0.0201416015625,0.0006062434269828998,43.29778764044944,7.923243698486318,3.430589230805898,11.200500000000003,10.237520000000004
2024-07-05_08,2,8,595.0,0.12300000339746475,0.0,0.0,0.0,132.56549298571002,28.124784243566822,69.88738250732422,1.2299728553836076,0.3217405914635678,0.09736339910273557,0.25,-0.06124369560920895,3.89971440237376,0.097814960787602,0.25,0.02949580144481523,71.72874983173284,121.82900024735478,299.989990234375,-4.775764639284304,439.87796556476945,254.79030000070372,600.0,9.663109441164181,2.0530308674500195,0.03561506468602143,0.08999991416931152,0.025966370806974837,1371.0166290037093,0.0372286264188511,0.0999755859375,0.002352366728018751,54.011055090094125,0.24976199847388428,0.5999984741210938,0.5436972866539236,10.188944793837045,0.03985125206434446,0.09999942779541016,0.005041963913861025,60.011861267910206,0.07493492194875019,0.1999969482421875,0.059327473359950034,1.4021191854550634,0.016865720538300762,0.04638814926147461,-0.03480443814221568,14.987370022842962,0.0015578249071279888,0.003662109375,0.0007191393555725512,3.774788917392813,10.722153496076878,30.426953315734863,-1.2694161455170452,88.58150266871478,7.493076037511379,3.91400146484375,6.370485037740536,44.18111081982172,20.61621869709562,50.675981521606445,0.0015387495024867803,572.352717850798,182.32850011634736,481.1128692626953,-0.72613679260769,3.3825860655345825,5.6443708359531515,6.683553695678711,-0.8404643687568294,28.317183559299796,1.7280674691937334,4.284799575805664,-0.4018133275649127,0.042391666345128046,0.006240650055378127,0.010399997234344482,-0.00023294121277432633,0.21627532282183248,3.4015197524437886,0.0,-0.01230998960863644,2.0,0.0,0.0,0.0,2791.2869907502204,7.224319273527484,13.59619140625,0.5472840894167348,3276.3040751795616,74.24683515447697,193.4110107421875,18.76939543395474,145.31344379853178,167.34660270476004,379.6960506439209,-16.199891903019733,3.0,0.0,0.0,0.0,10.000206294880119,0.006984641799708079,0.01812744140625,-0.0014691521139713615,42.96067191011236,7.931542072431988,3.407443767150033,11.091,10.287579999999998
2024-07-05_09,2,9,597.7999999523163,0.12300000339746475,0.0,0.0,0.0,132.72142484020628,28.059446604008695,69.88738250732422,0.43889492889709913,0.2986254195293356,0.07037370561729199,0.1600000113248825,-0.04827759284401517,4.086759211785817,0.09765696364821945,0.23099977970123264,-0.04031773474702849,71.34519047024583,121.50595421016833,299.989990234375,-0.00036767422591310606,440.47856387565764,254.38151306573977,600.0,1.0520406056406841,2.0536788874645295,0.04090991272216481,0.1099998950958252,0.02617055995009787,1371.0140433933425,0.03473873315748916,0.0999755859375,-0.0006687330162549188,54.011839317398326,0.2498029781344711,0.5999984741210938,0.5033443221280365,10.200501483419668,0.007065120654965408,0.0,-0.002508370772652313,60.00805998199361,0.07382403027876773,0.1999969482421875,0.09548416265277382,1.4565804832755125,0.03519660024212157,0.08545184135437012,-0.08917936832211093,14.98721286652479,0.0015808012112337874,0.003662109375,0.0008809351203442617,3.612309606418163,10.34326501821782,29.969176292419434,-0.5291745846088118,88.42823340342595,7.293172186844893,3.7641525268554688,5.694350649281887,44.145028975496324,20.583217522367363,50.58442687988281,-0.059863390332481003,569.3767119851001,184.11547995303633,488.013833618164,0.7196200061401896,3.3616954753817025,5.341512363605367,7.003997802734375,-0.5602800248433715,28.313105211927738,1.695392232782675,4.267097473144531,-0.31152870981988556,0.042400668573294796,0.006299081740804374,0.010399997234344482,-0.00016889645777218992,0.15698149563078098,2.8585827920358633,0.0,-0.0048482505772823314,2.0,0.0,0.0,0.0,2791.34803454549,5.525947823938254,13.931640625,0.06596736844176121,3272.8170524469588,72.69894253813032,192.4344482421875,15.034965183423992,141.5711212566465,166.67760947853247,379.8944149017334,-11.061683983308399,3.0,0.0,0.0,0.0,9.999380296369061,0.007284287654790021,0.0201416015625,0.0018322667150592054,43.18773370786516,7.937536055997761,3.428041934830096,11.1648,10.34574
2024-07-05_10,2,10,598.0,0.12300000339746475,0.0,0.0,0.0,132.67847975549472,27.943581107184976,69.58219909667969,0.5118742690835916,0.24196589844184888,0.08866942614036624,0.23999999463558197,-0.039715719633551944,4.102962234035378,0.08910367303092873,0.2200000286102295,0.013110362566433942,71.4458574465523,121.49892095418208,299.989990234375,-2.218461475627848,440.29350887186666,254.52338558220697,600.0,4.874548579538157,2.0387729494040006,0.034038303795280216,0.08999991416931152,-0.0006187237226047415,1371.0141724000125,0.03487172311886386,0.0999755859375,0.00183901579475787,54.01925748457123,0.26235480177883314,0.7000007629394531,0.550836320704839,10.197425434159738,0.015836938791549734,0.0,-0.00518391682551389,60.0090269281967,0.06811193261871992,0.1999969482421875,0.08277491821493044,1.4333136901533432,0.018876593433612927,0.04882955551147461,-0.04260955566546598,14.987164849383662,0.0016186693934732636,0.0042724609375,0.0009830005990210111,3.3435164731866496,9.921489657990167,28.87051010131836,-1.6203389359158415,88.44692996846757,7.333148079287677,3.8697433471679688,6.199467911768124,44.115944049622215,20.58587077418096,50.584428787231445,0.16757103910414628,569.3304083086663,182.87892079512807,487.533203125,-3.60109504010768,3.2154479160884955,5.052855645598442,7.095553398132324,-0.7272387300633567,28.308951027454718,1.6940230704389971,4.260383605957031,-0.35262148037403307,0.04236693371464699,0.006244142606987538,0.010399997234344482,-0.0001553512991321962,0.05346606097385581,1.687624916974092,0.0,-0.0030620600467541614,2.0,0.0,0.0,0.0,2791.4546115560224,5.6151269215945545,13.931640625,-0.46257503853985327,3275.336077242143,72.82551516747901,192.419189453125,16.71781181412007,144.5801498524045,167.12918306025372,381.6339740753174,-13.348428866536324,3.0,0.0,0.0,0.0,9.999988792812255,0.0068565106701628095,0.01812744140625,-0.00155609985657712,43.10430337078652,7.904161880850117,3.4070339160397003,11.144800000000004,10.32336
2024-07-09_01,3,1,598.0,0.12300000339746475,0.0,0.0,0.0,134.55295557068646,28.259526509068948,70.19256591796875,0.96403762728076,0.4732163125597406,0.06981673109042218,0.1600000262260437,-0.09143812474747964,4.231043135350622,0.13768387200907142,0.36999988555908203,0.16971571070693425,71.60075539612501,121.6793513399098,299.989990234375,-3.0987625411247564,440.16241219034964,254.71882582721113,600.0,6.860852287764544,1.9060815764844556,0.06380311289227468,0.16999995708465576,-0.14153845613218086,1371.0117323405764,0.03217607508917979,0.0999755859375,-0.0011702827785029513,54.93346676177622,0.16346244495355453,0.3999977111816406,0.31772586733202957,10.165329347442759,0.05150550152547848,0.09999942779541016,0.022407853882448592,60.00056815394507,0.074248250683416,0.1999969482421875,0.07274241112546775,1.3919505471571039,0.09157599696099226,0.2465895414352417,0.21877790852932644,14.986810749567939,0.001729800416671524,0.004883766174316406,0.0013331744981854854,3.1063781698106405,10.641306133049037,30.701621055603027,0.9065221831152668,87.89750095037105,7.007720561933427,5.92974853515625,9.085375546611672,44.08955790342116,20.600380692547322,50.630205154418945,0.3435629490625942,564.4751186696075,182.17891911106042,486.4345397949219,4.604454908083881,3.4740899905191243,6.153524573573568,6.683553695678711,-0.8732223415803357,28.026859402058715,1.8798541670738693,4.657123565673828,-0.3676664901018931,0.04237218284608926,0.006091442722708181,0.010200001299381256,-9.983276518491652e-05,0.1067790723652076,2.3828244121601494,0.0,-0.09441345112778271,2.0,0.0,0.0,0.0,2791.59737782684,5.857184798262876,15.610107421875,-0.5282443757837427,3286.123821007293,74.51802359668527,194.403076171875,16.82856469808212,144.55888549207805,167.06689681709707,375.89648628234863,-21.51197696609242,3.0,0.0,0.0,0.0,9.998925470819604,0.007397494712211901,0.01812744140625,-0.00025599776303053545,44.18354494382022,8.290144945796357,3.662879918033774,12.049099999999996,10.94482
2024-07-09_02,3,2,595.0,0.12300000339746475,0.0,0.0,0.0,134.27600672680845,28.064298795279147,69.58219909667969,1.3971835609243612,0.27746303848514176,0.08059495293790055,0.21000000834465027,-0.00171428531283091,4.274690867992499,0.10744797065575395,0.26999998092651367,-0.04621849781324894,71.90026874302308,121.9388578061344,299.989990234375,-4.588301928626265,439.68108714892657,255.06170123749118,600.0,9.614336102750144,1.875359537740869,0.040032803794516875,0.09999990463256836,0.04500839089145181,1371.0147813366304,0.035486404128801656,0.0999755859375,0.0020163143383342685,54.926511604298824,0.1823141892319492,0.3999977111816406,0.42604945206842615,10.179536231102482,0.04393185968928893,0.09999942779541016,-0.010083999954352052,60.006283407570216,0.07727763170554204,0.1999969482421875,0.08991522268086527,1.4607200576493176,0.01575778813799282,0.04150521755218506,-0.03035437079036929,14.987188509715502,0.0015538936118952768,0.003662109375,0.0008679109461162682,4.09593058241311,13.608717462086625,38.04132270812988,-0.15890137968944895,89.04066069164784,7.494442580071849,4.051338195800781,6.187225187275587,44.17315815533361,20.606186881949956,50.76754379272461,-0.06224237009256228,568.2424788423764,181.8297502045892,483.9281921386719,0.5637596835609884,3.3803402521880344,6.0706761350785,5.905331611633301,-0.6688939235979268,28.100093993448443,1.8454877316720089,4.5381011962890625,-0.3699920590184327,0.042390523867065745,0.0061198596175206605,0.010250000283122063,-0.00020773115278292092,0.12300723086121262,2.5342476772938642,0.0,0.003846868947774418,2.0,0.0,0.0,0.0,2791.3668014362293,8.284110784938054,15.106689453125,0.7419273568802964,3283.013580404302,74.6326907234774,195.01318359375,13.694091386554646,142.24161617602073,166.9229535184428,375.89648818969727,-17.855790521317175,3.0,0.0,0.0,0.0,9.999275006594196,0.0076509579207574814,0.01812744140625,0.000534862229804034,43.90555393258427,8.198846902643583,3.5997491486901936,12.817,10.769200000000003
2024-07-09_03,3,3,598.0,0.12300000339746475,0.0,0.0,0.0,134.13124704249364,27.897092034693785,69.27702331542969,0.35928156224380814,0.2775025083177447,0.09964672443679826,0.26999998837709427,0.13939799416037804,4.080601823246228,0.10483896020375007,0.26999998092651367,-0.08879597011617157,71.35354060544911,121.50297223730276,299.989990234375,-1.5399495347069632,440.4466151826878,254.429979934043,600.0,3.948444935789098,1.95003009691401,0.03710476224169835,0.10000002384185791,0.06254181873838238,1371.0128019556716,0.03340648066474724,0.0999755859375,-0.01638395889926869,54.9062181662174,0.18233930152929956,0.3999977111816406,0.40334309223901954,10.152323719650875,0.049945692106945036,0.09999942779541016,-0.015050081106332769,60.01029728743114,0.07199341156784915,0.1999969482421875,0.06772529321370513,1.3672120873244937,0.01591978437638144,0.04150509834289551,-0.03274564699185745,14.987207702871391,0.0016321784705651068,0.003662109375,0.0008023367278955362,3.9332348907404384,12.610813244409364,35.37095260620117,-0.5700020534936403,88.68578139916984,7.269375823862806,4.03759765625,5.63483464677995,44.13248894263254,20.603456969466958,50.72176551818848,0.09270381927490234,569.2778350870891,180.68096194255892,485.1298828125,0.9739644487565329,3.382442629990451,5.754253588059786,6.2715535163879395,-0.2446584117203252,28.17625824403141,1.787759406855749,4.4831695556640625,-0.29709105986017903,0.0423932126123833,0.006183421709697306,0.01029999926686287,-0.0001200671809223966,0.10810551823520692,2.412441493727962,0.0,-0.08777899088269493,2.0,0.0,0.0,0.0,2791.6124188809918,5.33643456074654,13.09228515625,-0.15241601235902635,3282.239725769104,74.47449115969101,196.23388671875,13.090544327445514,141.77620159698864,166.5464359668875,375.89648818969727,-13.111527796971757,3.0,0.0,0.0,0.0,9.99967228804333,0.007987705431011322,0.0201416015625,0.00010776998207262523,44.266009562584266,8.370073181989039,3.70509739513457,11.824000000000003,10.911300000000004
2024-07-09_04,3,4,598.0,0.12300000339746475,0.0,0.0,0.0,134.00074474152336,27.949972697129997,69.58220672607422,0.7976660871983938,0.2956703451154763,0.0888829427465705,0.2199999988079071,-0.1142307702937852,3.991494505830291,0.12578661735676436,0.3299999237060547,0.15561871225618562,71.4177533486632,121.58593913430433,299.989990234375,-1.7024916464176272,440.5993701448731,254.30316286015764,600.0,5.000953134485712,2.0321631251829038,0.0346906744336727,0.08999991416931152,0.040484911422665526,1371.0143061018994,0.0350085185108072,0.0999755859375,0.00568423063850787,54.89715787631857,0.17882309742803018,0.3999977111816406,0.404179486941338,10.129789584219475,0.04688810685706681,0.09999942779541016,-0.012374511131872268,60.01812073029391,0.0689451535816932,0.1999969482421875,0.060032822216633974,1.426948369525819,0.02581421498921229,0.06836140155792236,-0.06404600115524084,14.987225860626312,0.001622866206400766,0.003662109375,0.0010636434905890724,4.086235579819394,11.187638402543376,31.647695541381836,-0.28262793818445076,88.4551029715479,7.25190046682271,4.0101318359375,5.994661851072792,44.106577310463294,20.583502866290775,50.675981521606445,0.020592440729551242,570.3460600000685,181.04235563813205,485.3358459472656,5.215335246312634,3.4207208640499784,5.758019142316276,6.683553695678711,-0.36247108385814064,28.23628106558853,1.7614733915106031,4.44044303894043,-0.32083734620773896,0.042382647566415126,0.006193269131014914,0.010399997234344482,-0.0001222410528954887,0.19202887083287623,3.162187718810319,0.0,-0.2653783460125875,2.0,0.0,0.0,0.0,2791.48559113212,5.407013295484127,13.763916015625,-0.04293976340386507,3280.4469809167085,74.95636818901033,197.149658203125,13.051759853809472,141.79420065234154,166.53502100260647,375.9575252532959,-13.891281006726928,3.0,0.0,0.0,0.0,9.998903928812194,0.007318978434189272,0.01812744140625,-6.730101977581171e-05,44.079486308876405,8.301984955629676,3.659472321881762,11.719900000000004,10.839
2024-07-09_05,3,5,602.1999998092651,0.12300000339746475,0.0,0.0,0.0,133.9661242116495,27.92869350048601,69.27702331542969,0.6423083333874047,0.634681275505251,6.752463748982649,0.20000000298023224,-1.5575083056031618,4.047755660526306,0.11777995058161776,0.2999999523162842,-0.06096346037728395,72.29279878591392,122.13549107371429,299.989990234375,-4.304651196597391,438.58752509945657,255.55747425763735,600.0,7.645797296714932,2.0600530730775626,0.039257665984530024,0.09999990463256836,-0.0023255827418990904,1371.013708471777,0.034388810676572734,0.0999755859375,0.0011625068132161687,54.901792484450624,0.1601892423475872,0.3999977111816406,0.3272412195554253,10.174867160450098,0.04561583301006295,0.09999942779541016,0.018770632949777877,60.011951907539114,0.06771117927990622,0.1999969482421875,0.07707574280393459,1.4136562696886885,0.01412301915805568,0.03662228584289551,-0.0198603547688736,14.987125799475438,0.001786809714062692,0.0042724609375,0.0014723432420495897,3.5255464513305017,9.666315497059813,28.168583869934082,-1.724447855521674,88.67259517862186,5.013528354166649,3.9033203125,4.057598018963077,44.06918353831784,20.695967401831318,50.58442687988281,0.4427970936924126,568.6153210542433,184.72481865467455,490.0807189941406,5.236458863926941,3.604223817961654,10.593316049965676,6.683553695678711,-1.3750819205383817,28.330358685091987,2.093746733671785,4.385509490966797,-0.5671981513698228,0.042366367519262975,0.006206801041522691,0.010399997234344482,0.00010166110538960965,0.23137123492926082,3.517103321063968,0.0,0.2628546109627251,1.99800796812749,0.04458770774023784,0.0,0.009966777408637828,2790.8665255968313,14.283807696736677,13.42822265625,3.04000945740745,3279.2875023344122,77.67031569926735,198.5076904296875,18.76229097993655,143.02148066478895,166.09955748147928,375.9270076751709,-10.081247367732146,3.0,0.0,0.0,0.0,9.999747703433195,0.00727790740483969,0.01812744140625,-0.0023755124241020553,43.97683269134832,8.179743662509992,3.597192185043186,11.617200000000004,10.767099999999992
2024-07-09_06,3,6,598.0,0.12300000339746475,0.0,0.0,0.0,133.93421823673128,27.895639507417588,69.27702331542969,0.8165488418528071,0.309465063418863,0.06530934606839452,0.14999999105930328,-0.023428093838228248,4.124667341595149,0.09342694674542075,0.23999977111816406,0.08612036665147738,71.34928114737708,121.5870111511687,299.989990234375,-2.8837125753379667,440.4446358400936,254.6306748939922,600.0,5.985166757401828,2.072046086844773,0.03818025461153877,0.09999990463256836,-0.025501657090458263,1371.0109969801983,0.031280920149425365,0.0999755859375,0.0003343665082411462,54.90023371480612,0.1810564067893876,0.3999977111816406,0.39531642059019845,10.186024634904266,0.03609023594661611,0.09999942779541016,-0.006521725734341288,60.01410867505471,0.07035345873463603,0.1999969482421875,0.09013292063837497,1.467300144217557,0.01841250712908315,0.04882967472076416,-0.03841045149991329,14.987415449231095,0.0016178507472125586,0.003662109375,0.0010064692800266783,3.719615526559639,8.893871875116712,17.029327392578125,-1.943334995703554,88.26553519774104,7.213918531428968,3.9063644409179688,5.749514012033728,44.088762085639445,20.58789569714115,50.53864860534668,0.2959478914139666,570.7496796521564,181.59908419572872,485.8852233886719,2.9269454598825178,3.3005599626397575,5.3392252265460565,6.637775897979736,-0.3623179967661567,28.314019093821177,1.7197828779973166,4.345836639404297,-0.3370917361715584,0.04240377762285474,0.006233178646914932,0.010499998927116394,-0.00011923095603850326,0.14218503135137836,2.7474707919312196,0.0,-0.17683383852343096,2.0,0.0,0.0,0.0,2791.3745872219524,5.256621534035873,13.763916015625,0.09459959304467702,3278.551843845338,74.57211148623364,196.9970703125,15.546581867944951,143.35109357473564,167.21956086792213,379.9554500579834,-13.067179003686817,3.0,0.0,0.0,0.0,9.999456805793868,0.0071373988523308115,0.0201416015625,0.00018863454710249528,43.70646829337079,8.218838840407233,3.5921641918658307,11.652900000000002,10.709740000000004
2024-07-09_07,3,7,597.7999999523163,0.12300000339746475,0.0,0.0,0.0,133.95135184769646,27.978086411182325,69.88739013671875,1.0114999822150992,0.25868227495547125,0.08787572644504972,0.2200000137090683,-0.005484950594778437,3.9584548837763807,0.10260727160282733,0.25,0.0714548650792608,71.2224848539335,121.47836324771289,299.989990234375,-3.016170461898838,440.82710219314663,254.34002549784253,600.0,6.753243771683799,2.0674180042783554,0.034456430592288666,0.08999991416931152,-0.02740800819269351,1371.014812436311,0.03551723145033458,0.0999755859375,-0.004012398097756886,54.90193944057095,0.18399873358447336,0.3999977111816406,0.4050151927016685,10.175652122497558,0.04291788547875574,0.09999942779541016,-0.018060097327598612,60.01802640806473,0.06733840786167432,0.1999969482421875,0.09096887518331442,1.42234177736933,0.016550597307727438,0.04516744613647461,-0.03316004439739895,14.98725717219222,0.001566421632780488,0.0030517578125,0.0009135593937390496,3.361149411855334,8.453219628088407,15.930662155151367,-1.860200110087825,88.27997878482908,7.210371822869893,3.8883590698242188,5.333466825676609,44.096510646016306,20.60242712585866,50.318922042846665,0.33889314402704684,570.6630289033105,181.26701694551545,486.42767639160155,5.057102981618414,3.316132054718392,5.098769609847007,6.688131475448604,-0.27451346580400093,28.32766018296564,1.704834865581224,4.288156509399414,-0.31761701768855843,0.04238371200622822,0.006233180820441019,0.010499998927116394,-0.0001571907017093449,0.12416644399381402,2.565691934991487,0.0,-0.09313759436974157,2.0,0.0,0.0,0.0,2791.278815370898,5.633647777409042,14.099609375,0.005901425977299368,3280.364921809678,74.56806920774909,197.454833984375,16.196754889344902,146.28518998583024,167.50079002284133,381.6644916534424,-14.224177242521478,3.0,0.0,0.0,0.0,9.999991942887322,0.0076689630431991465,0.02215576171875,-0.0013910264873189249,43.58551297651685,8.203095008473198,3.575361039394092,11.5995,10.68531999999999
2024-07-09_08,3,8,598.0,0.12300000339746475,0.0,0.0,0.0,133.87860966207032,27.970742082257736,69.58220672607422,0.7757214351641437,0.2634704120398634,0.08967226904143287,0.24000000953674316,-0.04635451580195321,3.9161417884437664,0.10390775540304223,0.2700002193450928,0.03571907533052343,71.34816783113608,121.52215783831345,299.9800109863281,-2.4947154133091516,440.42653139854747,254.41375237744796,600.0,6.109280781602365,2.0372818110978392,0.0369878723953596,0.08999991416931152,0.030735765811193083,1371.0180163292612,0.038426617783572606,0.0999755859375,-0.0026749320652470487,54.9024068321603,0.1977153582180435,0.5,0.43762459643310336,10.173854866461465,0.046168427147191264,0.09999942779541016,0.005016717623707478,60.01474388655672,0.07530059890978419,0.1999969482421875,0.10434703125203981,1.4070434846913125,0.01831661971984001,0.04760885238647461,-0.040380379826727486,14.98725362431441,0.0016013889867018754,0.0030517578125,0.0010095296496128725,3.6828014873732933,8.103830117553459,16.113773345947266,-1.8567808320291062,88.2167911636355,7.2837672090120495,3.8727951049804688,5.362510133347783,44.078354534836606,20.588412118431386,50.40131950378418,0.2721403019882729,572.4397156312688,181.46421661782526,489.1125183105469,3.9399498266520823,3.3981151179024724,5.180371159722026,7.141331195831299,-0.14583050287686827,28.336778899013936,1.7020892729337904,4.272592544555664,-0.31612689678485495,0.04236837139895571,0.0062214347290474046,0.010399997234344482,-0.0001759197731131673,0.21100728051872086,3.326870700244743,0.0,0.007399976851549445,2.0,0.0,0.0,0.0,2791.237879817839,5.4081435176290436,13.931640625,0.23858703817404603,3278.5249564611804,74.11198918606273,195.47119140625,15.53177788265566,145.57149631879037,167.43505756773564,379.74182510375977,-14.025194710313684,3.0,0.0,0.0,0.0,9.999381385492027,0.007143808875556406,0.0201416015625,0.0011788706316995246,43.50429716483146,8.184176535682242,3.560468480577612,11.5364,10.673679999999996
2024-07-09_09,3,9,598.0099999904633,0.12300000339746475,0.0,0.0,0.0,133.85167253571424,28.00365910968966,69.88739013671875,0.17759893410979544,0.31763958647368906,0.06870034703031834,0.15999998152256012,-0.061204013838292604,3.9265563635473786,0.10593069842806092,0.26999998092651367,0.06528430638903338,71.34599122178122,121.50602556118443,299.989990234375,-1.7074246200449466,440.359885067216,254.5413958788597,600.0,4.503562222356379,2.026890645613841,0.031397187436373764,0.07999992370605469,-0.0018227407366135928,1371.0138381452953,0.03452509839188308,0.0999755859375,0.0016718325407509838,54.90441273160301,0.21136367850053916,0.6000022888183594,0.4421404261254125,10.19231011739187,0.026642699302886045,0.0,0.015384527353139887,60.00725479916719,0.07581557827199961,0.1999969482421875,0.10451439949979857,1.5132915698258385,0.09401612238329321,0.2197333574295044,-0.23967338625005263,14.987262188252378,0.0016285711424802256,0.003662109375,0.0008921384014026756,3.347628467818719,7.797217552605483,15.442365646362305,-2.3874354378435525,88.27267755803676,7.283093850325485,3.8880538940429688,5.387848944967018,44.08660406127338,20.592522865178026,50.26398277282715,0.03942415945505928,571.2600539962172,182.41237069901223,486.3658752441406,0.3228951138397633,3.407221702222978,5.151561353214369,7.5075531005859375,-0.4206502049613161,28.339408331194758,1.6962759764059,4.232915878295898,-0.3418838475460184,0.04240080203944447,0.006293454040210661,0.010399997234344482,-2.792643937578332e-05,0.0525477520003043,1.6600884728914835,0.0,0.08395142060857154,2.0,0.0,0.0,0.0,2791.3976538175725,5.556152821915843,13.931640625,-0.07719252978677105,3275.861707028638,73.37672903165159,193.639892578125,16.864284349524496,143.23044804082352,167.46341004831567,380.0164852142334,-12.491563076159622,3.0,0.0,0.0,0.0,10.000067581743032,0.007163276407572093,0.0201416015625,-0.0019299433781547748,43.42807412224719,8.140607080525127,3.535308876931355,11.419199999999996,10.630679999999998
2024-07-09_10,3,10,591.7999999523163,0.12300000339746475,0.0,0.0,0.0,133.88047369621896,27.977374998707997,69.61272506713865,1.753783316225622,0.3386081084974009,0.06680868459672554,0.1599999964237213,0.011604730090176707,3.9950169266075704,0.10827517641188573,0.2800002098083496,0.1433615120681555,71.28672624742109,121.43140881022899,299.989990234375,-5.459324348724223,440.4886202088079,254.41018244919027,600.0,11.814594133077435,2.0122871485110876,0.034169739084575504,0.07999992370605469,-0.014341201935265335,1371.0172255232528,0.03775464380632334,0.0999755859375,0.004897452689419879,54.92179008818962,0.2364183164768327,0.6000022888183594,0.4972979893555518,10.199999809265137,0.0,0.0,0.0,60.017533329370856,0.08116493609882094,0.1999969482421875,0.10861432874524724,1.3867763336848569,0.01920249659517212,0.05005037784576416,-0.04382705205195658,14.987305465582255,0.001517755280058478,0.0030517578125,0.0004526425052340244,3.7621589473775914,8.805073824239223,16.849269866943356,-1.9429258365888855,88.23624559274397,7.946253672161179,3.8404541015625,6.106243575545577,44.09880274115382,20.603627580701634,50.53864860534668,0.717829304772458,571.4425779497301,181.10613816148893,485.0474853515625,6.637697735348297,3.329868384086955,5.216857220914015,7.003997802734375,-0.40403517871163785,28.34434715928258,1.705282576676002,4.272592544555664,-0.4112266334327508,0.04239638474065106,0.006276443426185873,0.010499998927116394,-0.00016621630512983487,0.10861908680683857,2.412013904272814,0.0,-0.1886786190239159,2.0,0.0,0.0,0.0,2791.371630941855,5.431204397979742,13.931640625,-0.022108335752818675,3277.0505859375,73.27688304027193,194.09765625,18.266252259950306,145.84662864079345,168.07673908429373,381.817081451416,-19.918070435523987,3.0,0.0,0.0,0.0,9.99911605377455,0.006855737487914953,0.01812744140625,-0.0008845603143843306,42.98307262797753,8.184442301833153,3.51792477879186,11.441000000000004,10.546899999999994
2024-07-11_01,4,1,598.0,0.12300000339746475,0.0,0.0,0.0,134.52173313636996,28.348230372203282,70.19256591796875,0.7415280485631683,0.315773989992177,0.05699185877788003,0.14000000059604645,-0.018311036205585773,3.9671013407865043,0.09781493932345665,0.2500002384185791,-0.05081941770470655,71.31192232495961,121.56918945406143,299.989990234375,-2.424046497007069,440.7384105194217,254.304300424093,600.0,4.808410784871285,1.9921832176723118,0.03398546153011259,0.08999991416931152,0.021053493421612002,1371.014005272654,0.034699246067860914,0.0999755859375,0.002674932065019675,54.70367712354389,0.0984327003778808,0.20000076293945312,0.168060366525296,10.180675279253185,0.03948423081975346,0.09999942779541016,0.05518363072321897,59.68736238393525,0.08140827218024972,0.20000076293945312,0.1157198239329702,1.3854746237442033,0.01612886196504155,0.04272592067718506,-0.028577164662721533,14.987356273596282,0.0016109054305893749,0.003662109375,0.0008227338758999281,3.744858854951288,12.481108062519107,35.279396057128906,0.8891195469476703,87.77864097456835,7.482902917842593,5.041656494140625,8.543253510293354,44.06139644672543,20.583866281753817,50.72175979614258,0.25797825433737387,562.3648417277385,183.4749568750664,486.1598205566406,3.416684051819857,3.456902276487932,6.051901719742409,6.317331314086914,-0.8345638632300902,27.99872440591938,1.891953847288889,4.663228988647461,-0.3690493465666016,0.04234971541603725,0.0061675465092147636,0.010200001299381256,-6.0033352179675314e-05,0.1826416992575219,3.1579255690054904,0.0,-0.1954613561215608,2.0,0.0,0.0,0.0,2791.8061378144853,5.43124330525971,13.595947265625,-0.36823959095454484,3282.3907888215426,74.27884280846625,194.555419921875,15.82726969128862,142.52555284720128,166.48775619167762,373.912784576416,-20.624286753676813,3.0,0.0,0.0,0.0,9.998344325732324,0.007010764689152888,0.01812744140625,-0.00013135189196766817,44.30630482640449,8.471968963468587,3.753616393752773,12.110099999999996,11.010940000000003
2024-07-11_02,4,2,598.0,0.12300000339746475,0.0,0.0,0.0,134.1972632833804,28.013993558103614,69.58220672607422,0.8252248732142675,0.3336810440109032,0.05716871460289834,0.15000000596046448,-0.0010702335415875286,3.9890204133576113,0.1262787223952855,0.3299999237060547,0.1504180650647271,71.48606824474948,121.64819543408642,299.989990234375,-3.1951839553385497,440.31418771593917,254.59458080327295,600.0,8.310384542248357,2.0382480416079503,0.04262692749771558,0.1099998950958252,-0.009180593052037889,1371.0187516896392,0.03902672539009869,0.0999755859375,0.002842115319253935,54.721731968366036,0.14555468027796753,0.40000152587890625,0.32943210155270464,10.188064070140108,0.03242075283452612,0.09999942779541016,-0.022073452289289364,59.70284196247189,0.06862518175432776,0.20000076293945312,0.07274309368835219,1.3653995455088563,0.01411404740994425,0.03662216663360596,-0.02187942441889268,14.987473412287033,0.0016186894676389087,0.003662109375,0.0010003278088017709,4.0607269463113465,15.209527929763102,42.32917404174805,-1.4519767936655512,88.84432057862456,7.2742608367284465,4.0406494140625,5.926566751505618,44.05276423766437,20.563772349487706,51.08798789978027,0.26226538399789234,565.8881914042502,182.44014571129284,482.6578674316406,-1.3934288152483987,3.25816464179268,5.795599547182694,5.859553813934326,-0.5055457428782977,28.073478911720922,1.8343454683765241,4.556413650512695,-0.3168668364202709,0.0424098292137121,0.006225647736452387,0.01029999926686287,-8.879601955413818e-05,0.06846512794813477,1.8710339510257332,0.0,0.0,2.0,0.0,0.0,0.0,2791.611748249305,5.619556285644448,14.77099609375,0.007845569215078285,3282.950089526392,74.67761211554087,196.996826171875,14.207692226040308,141.2129202134551,166.41599567938013,373.88226890563965,-15.975215430243736,3.0,0.0,0.0,0.0,9.999658816078362,0.008258662059494687,0.0201416015625,-0.00035371429545527633,44.36490342820225,8.377681206075186,3.716750176597906,11.917900000000005,10.91704
2024-07-11_03,4,3,602.0,0.12300000339746475,0.0,0.0,0.0,133.96916174912366,28.003572661719573,69.58220672607422,0.23471881701701136,0.6108402512820357,6.180007833495619,0.1599999964237213,-1.3266445083692175,3.978714739433043,0.12973637789230097,0.3299999237060547,0.056810633288665535,72.2745433315902,122.16445169142315,299.989990234375,-3.187823771406272,438.7196698991693,255.49401812999707,600.0,5.4715120645852835,2.0400032839558127,0.03847427514526274,0.09999990463256836,-0.0010631211176264088,1371.0134473969792,0.034111272430402934,0.0999755859375,0.004650027252864675,54.71112589992902,0.15383680884182807,0.40000152587890625,0.3230898213940989,10.183693027781395,0.03694262707497209,0.09999942779541016,0.02790681705918452,59.706111012246275,0.06658029814973983,0.20000076293945312,0.08388792399156131,1.3371879065484156,0.01409842881932713,0.03662216663360596,-0.022245054031131195,14.98729450019322,0.0017837049056099723,0.0042724609375,0.0013628005981445312,4.760502323681474,14.390777025367825,40.162357330322266,-0.28216947035932094,88.77435773268604,4.967683849490151,3.994873046875,4.00134150609621,44.054507269807054,20.67752132699897,51.04220390319824,0.3284289623019703,568.6416116370509,184.0681203474354,488.42584228515625,6.66271698910532,3.583801445436464,10.390373591226771,5.859553813934326,-1.313563295296607,28.19991158314695,2.1135009877453697,4.4984283447265625,-0.5051117260194715,0.04235659223278766,0.006171328975626554,0.01029999926686287,0.00010282376725412323,0.08767356606505314,2.1500468048043646,0.0,0.1759123374457375,1.9983394221188975,0.04071634023587357,0.0,0.008305647840531671,2791.064980244961,13.403055682745837,14.93896484375,2.506071882786273,3279.649423387034,77.0128549748185,196.844482421875,14.941644307386923,140.64243937821453,166.2046984256787,375.8964900970459,-9.665901988843757,3.0,0.0,0.0,0.0,9.999476495196122,0.00743672082501669,0.01812744140625,0.0006523702627809769,44.32450595134832,8.2290322440764,3.647477886764016,11.7626,10.813380000000002
2024-07-11_04,4,4,598.0,0.12300000339746475,0.0,0.0,0.0,133.88075230584738,27.970790152112176,69.88739013671875,0.0489929990226301,0.34584754306059523,0.07166647476741402,0.17000001668930054,-0.03441471611476665,3.9906586733441496,0.11696485386449958,0.3000001907348633,-0.03496657047782037,71.30660982699881,121.56572896166193,299.989990234375,0.25931447248183304,440.5941340383659,254.46745929351536,600.0,0.39147156058345445,2.0564225586072054,0.043381465317314565,0.1099998950958252,0.010819395848340907,1371.014005272654,0.034699246067860914,0.0999755859375,0.004513947860004919,54.72363782606568,0.17062774053514754,0.40000152587890625,0.3715732791352053,10.175793996585806,0.042832768411452074,0.09999942779541016,-0.03143794719989401,59.699465154445676,0.0671310979662142,0.20000076293945312,0.059866640480066735,1.3457872969217024,0.013888359215044783,0.03540146350860596,-0.024096354393656094,14.9872719845378,0.001615542004312361,0.003662109375,0.000984003711305803,4.087898728202633,13.219731245991156,36.83584117889404,-1.7040351689061195,88.4432424386183,7.272152522071634,4.01318359375,6.015570730668642,44.11295956108172,20.59366798250811,50.72175979614258,-0.03720400883601371,568.5952091299941,182.75198138580566,483.61920166015625,-2.139228795284339,3.393967423230579,5.9298842294647,6.363109111785889,-0.282934133218832,28.229829415793564,1.7625996773674177,4.412975311279297,-0.306312902316602,0.04238782984502576,0.006229730049870937,0.010399997234344482,-6.321088775344125e-05,0.12325763734277377,2.5462700305765327,0.0,0.17938555203951323,2.0,0.0,0.0,0.0,2791.3783488323043,6.188696837996523,14.099609375,-0.08616531014831708,3283.389655865383,75.69945002096182,198.980712890625,13.628451854488958,144.4309550074581,167.29240589231597,377.9412269592285,-10.351745975456112,3.0,0.0,0.0,0.0,9.999653432330174,0.008093292970367835,0.0201416015625,-0.0019232198147456359,43.998570636404494,8.227259782651366,3.61987670691036,11.665300000000002,10.771739999999994
2024-07-11_05,4,5,602.2000000476837,0.12300000339746475,0.0,0.0,0.0,133.79701592849386,27.9446176560309,69.58220672607422,0.1323140800197109,0.647320716892917,6.739097291603323,0.17999999225139618,-1.581943519376342,4.000086348686877,0.11590824291579871,0.2999999523162842,-0.03503323749846343,72.07793154233973,122.07225136890247,299.989990234375,-3.607275631253998,438.9626743837815,255.2907759624358,600.0,6.701279618019271,2.0579614394689463,0.03996461804845974,0.1099998950958252,-0.003089701218462526,1371.0189196825977,0.03916059197536452,0.0999755859375,0.0,54.69814126140093,0.19905970490054936,0.5,0.4162791115897022,10.148273677623287,0.05192489411448259,0.09999942779541016,-0.07242483474883521,59.708997343957506,0.06706282869102284,0.20000076293945312,0.0420272548333358,1.3651318415148483,0.01180826596845172,0.029297709465026855,-0.006787074562718987,14.987187604346914,0.0018549493030411142,0.0042724609375,0.0015848704746783682,4.537318133104686,11.974901154852208,33.50321941375733,-1.2220584641263335,88.72851139615732,5.028561172555147,3.9332275390625,4.366499378039592,44.046750628457445,20.699826646385702,50.630205154418945,0.3583135351390183,569.4629618022863,184.9157905371857,490.3966064453125,2.628496391828662,3.6926028664714865,10.779976638014636,6.564531421661402,-1.9567332802420832,28.326093015759433,2.0943603593665565,4.372997283935547,-0.5539008295813268,0.04236261582850499,0.0062250105890292035,0.010399997234344482,2.4418405371651186e-05,0.17609950112473283,3.052738071166583,0.0,-0.0750288915792573,1.99800796812749,0.04458770774023784,0.0,0.009966777408637828,2790.7836567142886,14.340250478598707,12.924560546875,2.8646325399708985,3278.022484686903,78.12767508078136,199.8809814453125,19.356444906950856,142.0012687560255,166.52547239441188,378.4386653900147,-9.04402354864584,3.0,0.0,0.0,0.0,9.9993752321874,0.007131036465451392,0.01812744140625,-0.0011375417741046334,43.92957708887641,8.105878968785943,3.560878350323841,11.5096,10.673539999999996
2024-07-11_06,4,6,598.0,0.12300000339746475,0.0,0.0,0.0,133.97360366150434,27.961737964336827,69.58220672607422,1.4606015674246748,0.3429889668530244,0.08884954733702496,0.20999999344348907,-0.062123743736225645,3.9202975769259787,0.12607498052042335,0.32000017166137695,0.1405518529407157,71.3597726162046,121.5496949321855,299.9800109863281,-2.210568232088022,440.426855568103,254.49961790141754,600.0,5.140283909928428,2.061571331336641,0.03818346984284767,0.09999990463256836,-0.02122073388817336,1371.014005272654,0.034699246067860914,0.0999755859375,0.0,54.70391242570281,0.20395976208007216,0.5,0.440467891884488,10.121932724175027,0.04241605547331086,0.09999942779541016,0.02190624989793477,59.70969580009764,0.07029295107543344,0.20000076293945312,0.07909812416918527,1.3666582439145847,0.013804834469647982,0.03540146350860596,-0.02218767631811458,14.987323414079723,0.0016470252623142986,0.0042724609375,0.0008390803002207292,3.9913741436661465,11.20685178638347,31.58665657043457,-0.7888371505864886,88.48527654825106,7.263539853914805,3.9429855346679688,6.089386947178909,44.09257308681926,20.6007931475247,50.630205154418945,0.11574593674777844,570.2202286230844,182.5907540277443,486.02252197265625,0.1702881624865995,3.3243901142280703,5.508000518326878,6.683553695678711,-0.4909244161659858,28.30533289678198,1.7168057797434872,4.327524185180664,-0.33584645121392853,0.04237171472120309,0.006216662982312913,0.010399997234344482,-7.909716708105752e-05,0.12397187850579734,2.5603002759506013,0.0,-0.08573761751819214,2.0,0.0,0.0,0.0,2791.3640921952056,5.587892988155138,14.099609375,-0.12209684952449606,3281.0645461775953,75.27132535646784,198.675537109375,16.540987863189912,145.24624105202878,167.2709360836796,379.74182510375977,-12.39817003741311,3.0,0.0,0.0,0.0,9.99954096795085,0.007900356791758063,0.0201416015625,-0.0006332014715386691,43.64391731,8.18144367910612,3.570702514073297,11.6483,10.718159999999996
2024-07-11_07,4,7,595.0,0.12300000339746475,0.0,0.0,0.0,133.8482756537776,28.13312067496329,69.88739013671875,1.143802982618837,0.3238911305545449,0.052397303303580854,0.12999999523162842,0.011949579665014753,4.082137114178109,0.1074655987381657,0.26999998092651367,-0.07312603076966884,71.70986554477557,121.72020256452417,299.9800109863281,-3.6660671243491123,439.50680962573455,255.10719860395446,600.0,7.722975451605635,2.0709105631516826,0.03605099053294472,0.09999990463256836,-0.02756301374996406,1371.0139078940115,0.03459798169140567,0.0999755859375,0.000672104779368965,54.71283661165545,0.22704363225547608,0.5999984741210938,0.49999939093068946,10.165288986377819,0.04760484430732729,0.09999942779541016,0.008571379525321277,59.71659960798038,0.06568473431122239,0.09999847412109375,0.05983284060694416,1.3247740419721732,0.015401693546875274,0.04028439521789551,-0.03057595962235915,14.987350340171528,0.0015079918227337192,0.0030517578125,0.0005109017636595325,4.248174474444441,11.462194662620016,32.22754669189453,-1.3308121689227441,88.56573902739473,7.503805076920917,3.885009765625,6.269368605453437,44.14674670273258,20.60742763036298,50.675981521606445,-0.05162511873646025,571.281600762439,181.91048460146465,489.59320068359375,-0.7402166029985437,3.3639734685208187,5.659660619189509,6.660664796829224,-0.9879533792618944,28.327093877459085,1.7331267741331187,4.295480728149414,-0.39004707977551334,0.04241014744708395,0.006212842219984238,0.010499998927116394,-0.0001450420897297494,0.0862947779317056,2.1039070207629456,0.0,-0.08719574102834493,2.0,0.0,0.0,0.0,2791.184340610299,8.009554436708754,13.931640625,0.5424870338761139,3279.3480803787065,75.30918207066797,198.2177734375,17.02650751706915,145.80262188501254,168.54241867756164,383.72448921203613,-15.691797314171026,3.0,0.0,0.0,0.0,9.999619495484136,0.006773672985959297,0.01812744140625,-0.0001218282875896648,43.214110956853936,8.15675271575707,3.5248681690634576,11.4471,10.64716
2024-07-11_08,4,8,595.0,0.12300000339746475,0.0,0.0,0.0,133.78807956941665,28.195948273734974,69.88739013671875,1.3551243758001021,0.3980073911733725,0.056821864217791604,0.14000001549720764,-0.03368067053937107,3.907194242762622,0.1122196164629437,0.2799999713897705,0.08976472125333901,71.83525865084319,121.86345190651325,299.989990234375,-3.4142856287104735,439.76306313588736,254.95099798272145,600.0,7.326436288416858,2.048437458012373,0.03832352168766985,0.09999990463256836,0.04132769849120077,1371.0166625976562,0.037258701041103674,0.0999755859375,0.0026884191177032335,54.69835419808665,0.21051162436698345,0.5,0.46302508827017164,10.189482396328321,0.030677667784336414,0.09999942779541016,-0.0013445301216190586,59.71952300174262,0.07089005840493896,0.09999847412109375,0.05680714454971536,1.3157091437168018,0.015135483547737787,0.03906369209289551,-0.029498830362528317,14.987338848011468,0.0015789617640286431,0.0030517578125,0.0007704518422357864,4.038687866221192,11.02282247918787,31.266211986541748,-1.226792795517866,88.52960379621494,7.519151911850524,3.79345703125,6.089524689467012,44.13596372066006,20.602388852296567,50.675981521606445,-0.24627660863539802,570.8676632091564,181.95025899558453,483.9625244140625,-4.094146728515625,3.376448522269305,5.56878893117763,6.752220392227173,-0.9284807640276531,28.335006494675913,1.7244816874429223,4.269540786743164,-0.38845194327731036,0.042385685037300794,0.006215125134082968,0.010499998927116394,-0.00016722720460731616,0.1593607625653667,2.894702342910612,0.0,0.17875126429966517,2.0,0.0,0.0,0.0,2791.217556286884,7.405360506628216,13.763916015625,0.1362550879725859,3279.4674949235814,75.12272363138274,197.149658203125,17.227828338366635,145.82141921020323,168.48453219610042,383.6787109375,-14.949761382671966,3.0,0.0,0.0,0.0,9.999559952046281,0.008055714040998547,0.0201416015625,-0.00112722220540995,43.135930337078655,8.16164485938929,3.520601440905925,11.480199999999996,10.57696
2024-07-11_09,4,9,592.0,0.12300000339746475,0.0,0.0,0.0,133.7412607836506,28.062751376204993,69.88739013671875,0.19692705128642274,0.3367443444048159,0.05259755658109001,0.12999999523162842,0.023293919118775708,3.9153461920897006,0.10381263992594496,0.2700002193450928,0.05133447171868477,71.37466727651602,121.54004953399777,299.989990234375,-0.12672330457340308,440.19131914114314,254.63478416629766,600.0,1.2384796835280554,2.032917902502648,0.03481792015060948,0.08999991416931152,0.021283769929731022,1371.012526491855,0.0330972863654341,0.0999755859375,-0.00033775535780478094,54.70739692757557,0.21082490085859826,0.5,0.4768579521694747,10.18632207598005,0.03436109885071958,0.09999942779541016,0.004898620618355665,59.71252965363487,0.06637503622819435,0.20000076293945312,0.04645356616457974,1.3318982549472178,0.015049749951731731,0.04028439521789551,-0.029763797247732038,14.987427199704145,0.0015490816040427615,0.003662109375,0.0007269140836356769,4.47074004871867,11.261481370359554,31.861324310302734,-1.7614128992364213,88.41253522746025,8.004180230067952,3.7842941284179688,6.6600979196058745,44.075962975555804,20.592626523551836,50.675981521606445,-0.11282053831461525,570.6999995712491,183.02264079066765,488.7005310058594,-3.8039235810975924,3.4860826492931083,5.452451558828449,7.82799768447876,-0.7042197620533912,28.334829211919462,1.706488941425277,4.269540786743164,-0.3944981774768337,0.04239378544624312,0.006264996000520225,0.010499998927116394,-4.6115013065978205e-05,0.10657257471725531,2.3667523614855024,0.0,0.1734709224185428,2.0,0.0,0.0,0.0,2791.3623332159214,5.427205501467673,13.931640625,0.024667275918545783,3275.5603838672273,73.78747788262783,194.860595703125,16.44803392564927,142.10442691185875,167.6594079620799,381.96967124938965,-12.511403644407125,3.0,0.0,0.0,0.0,9.999628079255583,0.007104366574228818,0.01812744140625,-0.0003810476612393643,42.94292808988764,8.187082199943648,3.515772821781791,11.465000000000003,10.552679999999995
2024-07-11_10,4,10,602.0,0.12300000339746475,0.0,0.0,0.0,133.87500125931885,28.092964598308416,69.88739013671875,0.3061989945826724,0.5901228838598053,6.187637941963255,0.12999999523162842,-1.3199501649393046,3.885841927390604,0.10702020223377429,0.26999998092651367,0.008122926534608332,72.14404174312887,122.03662764107733,299.989990234375,-1.9275249777596883,438.82060319675196,255.40711731113365,600.0,3.2893685024739057,2.08565254545576,0.029068305790058577,0.06999993324279785,-0.001860450272544334,1371.0144435004593,0.03514801154953105,0.0999755859375,0.014116154160774386,54.69850615416203,0.19955402754324414,0.5,0.4264127027948845,10.187545546421138,0.03301985001519645,0.09999942779541016,0.004983360189140029,59.70757240997284,0.061335050283685535,0.20000076293945312,0.0757481457783129,1.3350192770060016,0.012422322278435257,0.030518531799316406,-0.012556190110520227,14.987166580826054,0.0018030976879086366,0.0042724609375,0.0013263043375104644,3.3547757968123433,10.18074114993354,29.05362033843994,-1.358580654245674,88.81345701265161,4.988323317170496,3.7568283081054688,4.00952392400697,44.08020116323967,20.673183773775474,50.49287223815918,0.060149867669288426,568.8521270194508,185.543231982888,491.1038818359375,7.088292777736342,3.5942614516351594,10.12453410654156,7.04977560043335,-1.7211526650130944,28.36354290326542,2.0060255200231616,4.242073059082031,-0.5287153396099491,0.042356359626700694,0.006235309142816191,0.010499998927116394,5.365435058789225e-05,0.10475217349819867,2.3446099601971793,0.0,0.0871957417738398,1.9983394221188975,0.04071634023587357,0.0,0.008305647840531671,2790.840708418092,13.267447028514336,13.59619140625,2.35215784624188,3277.859821847886,76.90594018232407,197.30224609375,17.126613680310584,145.28323968895563,167.63646258139084,381.63397216796875,-7.108937200121716,3.0,0.0,0.0,0.0,9.99976481428498,0.007543418849034475,0.01812744140625,-0.0017297497619424007,43.42402808988764,8.0576427027631,3.4989530306306302,11.4366,10.545539999999995
2024-07-19_01,5,1,602.2000000476837,0.12300000339746475,0.0,0.0,0.0,134.6649497919982,28.408232713000405,70.19258117675781,0.6382521695869059,0.5513446222221452,6.750828909466673,0.23900000229477858,-1.5808139556022578,4.122168012586723,0.1298401963732952,0.3399999141693115,0.1941195678869354,72.39199532157214,122.20525878081105,299.989990234375,-3.7828073761986047,438.50820552020434,255.6131399460621,600.0,6.5528235609745025,1.9887217809242081,0.037267094080391625,0.09999990463256836,0.028687685233018012,1371.0106879610464,0.03089178947171459,0.0999755859375,-0.00033214480367860233,54.40159346287944,0.2994420214485341,0.7999992370605469,0.6712629058432356,10.11381160500515,0.06061164405130239,0.19999980926513672,-0.012790790824002585,59.730411732180976,0.08188150744687393,0.09999847412109375,0.07225931997711399,1.5550526179086324,0.016380823266166293,0.04382455348968506,-0.014831388907575072,14.987079790072295,0.0018651639103213137,0.0042724609375,0.0016872906605680527,3.3844439331120544,11.376224480223282,32.16040410995484,1.0894398515010595,87.90111724377311,5.236289574428162,6.0191650390625,7.1436886708205805,44.075886062733524,20.69403364498358,50.58442687988281,0.45663710686059034,562.0344713674599,184.858239168161,487.3271789550781,9.287790799061668,3.7773798801212672,10.615469628053168,6.678975915908818,-2.2239476664926223,28.049028086947256,2.216374479060524,4.605243682861328,-0.616646247052671,0.04234365830358716,0.006244329597390432,0.01029999926686287,3.9700907577704114e-05,0.14367611696362337,2.787732043344619,0.0,-0.18148881018755839,1.99800796812749,0.04458770774023784,0.0,0.009966777408637828,2791.312508997214,14.563540282880817,15.106689453125,2.1647892441860677,3286.780902350883,78.17928494636293,198.2177734375,24.808454646620703,147.94174906425425,168.72467073933288,381.7865619659424,-19.03158599752129,3.0,0.0,0.0,0.0,9.997717488492786,0.006977379500530075,0.01812744140625,-0.0010339001880534937,44.31420112359551,8.504150321585307,3.768546277360208,12.2089,11.041180000000004
2024-07-19_02,5,2,591.8000001907349,0.12300000339746475,0.0,0.0,0.0,134.44681918363312,28.11261766920321,69.88739013671875,0.7779121044519854,0.21664527071753165,0.0814625345861578,0.2199999913573265,0.01609797300015753,4.190756762752661,0.1115842620767513,0.28999996185302734,0.0593412091603156,71.44116903016771,121.57112069581089,299.989990234375,-2.2967226878091793,440.2175929835519,254.54364808196715,600.0,5.245304133440982,2.042820906357185,0.036927331471295774,0.09999990463256836,-0.008733097765897035,1371.0158407262854,0.03650694841817423,0.0999755859375,0.0011821437526577938,54.40459421003187,0.23278407846078475,0.6000022888183594,0.5123311120110543,10.101047590938775,0.04265963931350803,0.0,0.007263566996599025,59.7176013572796,0.0723002983827054,0.20000076293945312,0.10405439943880879,1.3779688573366886,0.023920241714042657,0.05615413188934326,-0.05451059381704071,14.987381760171942,0.0015707224421114472,0.003662109375,0.000537173168078553,4.2877783900982624,15.536438271986468,42.93954277038574,0.1741410735491158,88.64919712596347,8.003287282581317,4.0665901184082,6.693575466580285,44.18301219875748,20.610275315774032,51.408430099487305,0.23553896916878614,565.2611881049903,181.81634534430353,483.7427978515625,4.490938650595126,3.2641092430699516,5.6385438127528795,5.951109409332275,-0.5023955044311443,28.0706476688385,1.8290378463184915,4.516740798950195,-0.3454880714416504,0.04234212812451595,0.006188383366324394,0.01029999926686287,-8.496619458939897e-05,0.052891876890852646,1.660988891561519,0.0,0.08969967429702347,2.0,0.0,0.0,0.0,2791.6305513124207,5.494591668501279,13.931640625,-0.012473853858864459,3286.204540933145,74.85342201554666,197.30224609375,16.686717677760953,144.2047739776405,168.44468589843282,381.664493560791,-15.981492126310172,3.0,0.0,0.0,0.0,9.999035080703528,0.0073184388042712364,0.01812744140625,0.0019154580863744997,43.71237640449438,8.360054255022217,3.65437838357526,11.751600000000003,10.761080000000009
2024-07-19_03,5,3,598.0,0.12300000339746475,0.0,0.0,0.0,134.35776359203547,28.031456109785857,69.58219909667969,1.0273204089008345,0.25012704828428367,0.07050648304239816,0.18000000715255737,-0.015367892667352112,4.200688738521626,0.11040665183821,0.2800002098083496,0.06083611540969791,71.50270817547772,121.61846275353358,299.989990234375,-2.7199498888441553,440.2670862913052,254.67086283135967,600.0,5.707441781675584,2.051424228798303,0.0379485958145938,0.09999990463256836,-0.0034615283825725207,1371.0164119066183,0.03703294886540587,0.0999755859375,-0.0006687330162549188,54.427214837719944,0.17722565649291416,0.3999977111816406,0.36354381982299344,10.12905404337351,0.045400818227430945,0.09999942779541016,0.03712353339562213,59.71106657859116,0.08206549641978554,0.20000076293945312,0.10602063080139601,1.4053619568740912,0.015897769085160107,0.04150521755218506,-0.02995509128506768,14.987346476354315,0.00160217294036394,0.003662109375,0.00096868751041157,4.444223501179299,14.97518774827305,41.32206153869629,0.013677215895127048,88.4793810184406,7.254827985445722,4.0284423828125,5.674416536471526,44.146233017569756,20.586671087969478,51.13376426696777,0.18471868062099617,568.3034853053628,181.83646474154565,484.1684875488281,4.464365011872246,3.3463836457855582,5.694773489294656,6.179998397827148,-0.4724755044777358,28.154908558071675,1.7829643205508092,4.4496002197265625,-0.29412596839726035,0.04237579381755366,0.006238581369372375,0.01029999926686287,-7.207359632720178e-05,0.12335967124803773,2.5477933007486357,0.0,0.08624795766977164,2.0,0.0,0.0,0.0,2791.7247720537916,5.088181138311312,12.5888671875,-0.5616606135035909,3286.108109484704,75.39636687761497,198.065185546875,16.320508873980998,144.28243357965437,168.89133337171796,382.366397857666,-14.175184345564304,3.0,0.0,0.0,0.0,9.999779362297504,0.00826482205271474,0.0201416015625,0.0003940604602199471,43.85850112359551,8.154389054976729,3.576392815299318,11.5154,10.694960000000007
2024-07-19_04,5,4,595.0,0.12300000339746475,0.0,0.0,0.0,134.297644403673,28.115187548972404,69.58219909667969,1.0966150171616391,0.22858534987092077,0.10602473691244801,0.29999999329447746,-0.17878991691943474,4.174361567904231,0.11318218924090652,0.2799997329711914,-0.05233612781813157,71.8362365747966,121.73804016007743,299.98500061035156,-3.561579305111991,439.3089468302906,255.20952756300827,600.0,7.246873709334068,2.0668245467447464,0.03871807454690681,0.09999990463256836,0.0024033498363333905,1371.0119930390388,0.03248350534801848,0.0999755859375,-0.004368681066125646,54.42765425097558,0.22060666091835823,0.6000022888183594,0.45630221967937956,10.167237899957165,0.04693431029405399,0.09999942779541016,-0.03647037954891452,59.71223129251952,0.08334940169515466,0.20000076293945312,0.11798353435612086,1.3998881354928017,0.02764330341504086,0.06591999530792236,-0.06524498482712171,14.987492472894731,0.0015437598839969648,0.003662109375,0.0005632079949915436,4.377980680875881,14.290772459263057,39.70458126068115,-1.4345750888856519,88.39985091826549,7.469565902153097,4.07269287109375,5.917964576948592,44.26503669190151,20.60398423850191,50.76754188537598,-0.06662793840681047,568.494833874446,183.53064953300643,487.1211853027344,-0.06335756959038008,3.4557597357253993,5.9930643839156685,6.637775897979736,-0.9451762095719825,28.23008889985341,1.7847909333412968,4.400768280029297,-0.3434076293175963,0.04239227118343616,0.0062106353241708325,0.010399997234344482,-0.00027327732253475123,0.1540795039105159,2.798041864197591,0.0,-0.0025645857097721936,2.0,0.0,0.0,0.0,2791.329517897739,7.827568261606808,13.595947265625,0.4457277442229497,3284.354765533119,76.63539983127318,200.659423828125,16.492052094275095,144.98184220124315,169.6548527193641,383.8618221282959,-14.667452127793268,3.0,0.0,0.0,0.0,9.999651327568998,0.0076298307963819255,0.0201416015625,0.0011035486429662456,43.35476853932584,8.052509080511827,3.491146673464098,11.348100000000002,10.50206
2024-07-19_05,5,5,597.8000001907349,0.12300000339746475,0.0,0.0,0.0,134.28521834791306,28.033964133012272,69.58219909667969,1.2702434437729266,0.1804214048912643,0.11260857924260528,0.3000000137835741,0.18986622136970827,4.146301014766246,0.12580214577262536,0.3299999237060547,0.11762540037416702,71.56962199603335,121.67959422165599,299.9800109863281,-3.8610534135682144,440.2372292492302,254.7101968548423,600.0,9.002174286938043,2.0629598139520473,0.03706588606596118,0.08999991416931152,-0.005501674967864911,1371.016116465693,0.036762924726702964,0.0999755859375,-0.009863811990499016,54.418896104181094,0.24260487827410843,0.6000022888183594,0.5372919892786356,10.188762415372409,0.031582494165029854,0.09999942779541016,-0.005518363072321009,59.71434779087436,0.07919840416963986,0.20000076293945312,0.1096994406403482,1.4132911527037222,0.012132080424566477,0.030518531799316406,-0.013775178620647921,14.9872408292764,0.0016220672372962346,0.003662109375,0.0008452074184859271,4.409291808979966,12.726126972285204,35.6151008605957,-0.08303279302590738,88.33071300879769,7.291355356277568,3.96923828125,6.021516394057002,44.13126504827901,20.57413279958166,50.72176551818848,0.4345826432856441,569.8006538467663,182.43190175463795,487.9795227050781,6.8896314180814215,3.4479383372318586,5.740947165580181,6.77510929107666,-0.5629593142398623,28.267415239978394,1.7327866655327788,4.351940155029297,-0.3046849611212181,0.04236735757938695,0.006233834234266901,0.010399997234344482,-0.00024180609832539363,0.07109077479129651,1.943488769324809,0.0,0.004337916804795283,2.0,0.0,0.0,0.0,2791.430277928381,5.597813824814949,14.267333984375,0.32925874333704996,3286.410393776782,76.22979025932072,200.6591796875,18.133761300689912,148.12134281400853,169.60917806860343,385.7844867706299,-15.287629953594916,3.0,0.0,0.0,0.0,10.000111877160727,0.007808111709980268,0.0201416015625,-0.00019209679951082137,43.50141797752809,8.058713793660152,3.5056547709928134,11.486200000000004,10.572679999999998
2024-07-19_06,5,6,598.0,0.12300000339746475,0.0,0.0,0.0,134.230526442354,27.98031305836635,69.58219909667969,0.7915420340853814,0.13956870617664446,0.10539690130502592,0.2800000123679638,-0.05754180612621898,4.092270162583035,0.11568710569927498,0.2799997329711914,0.13259193370972167,71.59869602939973,121.69332262893242,299.9800109863281,-3.172441640697457,440.0421014841246,254.73489123538587,600.0,6.705786425533063,2.0668137209425796,0.03659409877831207,0.08999991416931152,-0.03045149790403423,1371.0142726764277,0.03497441774136211,0.0999755859375,-0.0036780315897431137,54.403242704901,0.24031831458929057,0.6000022888183594,0.5336124586022422,10.147977372708029,0.053824573770530466,0.09999942779541016,-0.07090262824476312,59.70956202296261,0.07857489965997884,0.20000076293945312,0.12123798765864535,1.3789619683262817,0.0159522884208446,0.04150509834289551,-0.030447058255058446,14.98736545099777,0.0016473940877908527,0.003662109375,0.0008135447932726692,4.378901039067418,11.584556512842958,32.83791732788086,-0.08119554105012394,88.30450820221385,7.280825423642917,3.933837890625,6.039664115395425,44.13991194941534,20.582984866972584,50.630210876464844,0.26808315774668756,569.5673096968313,183.2727605956577,488.6318359375,3.1785291078497266,3.401650618704485,5.483795538430948,6.683553695678711,-0.535324247535256,28.29771807360354,1.7197008541480234,4.330575942993164,-0.3399241552703778,0.042362085972336254,0.006220173187086644,0.010399997234344482,-0.00013227440279761637,0.13983823877638776,2.701794015634689,0.0,-0.0002551700757897485,2.0,0.0,0.0,0.0,2791.405451788308,5.3803229137209,13.931640625,0.007847610525004711,3282.5378209008536,75.87213188531773,199.74365234375,17.055401958350558,145.3479592690935,169.34150132345545,383.8923397064209,-13.913735597029984,3.0,0.0,0.0,0.0,9.999560509187168,0.00806933088992622,0.0201416015625,-0.00047833146060227705,43.371765168539326,8.057243564512182,3.494568757857472,11.443999999999996,10.568179999999998
2024-07-19_07,5,7,598.0,0.12300000339746475,0.0,0.0,0.0,134.29358397929894,28.014505385322803,69.58219909667969,0.7063148619737945,0.2664727518937184,0.09868762300077115,0.26999998837709427,0.03091973277201321,4.067686417556375,0.10685338222504821,0.2799999713897705,0.07740799958091937,71.41450680800179,121.5419961222526,299.9800109863281,-0.3510702239337036,440.4175712915616,254.50172478994187,600.0,1.660819087140112,2.055620148603592,0.040571888124928554,0.09999990463256836,-0.003946481141757108,1371.0134370396345,0.03410017414306728,0.0999755859375,0.0023405655570059025,54.40554957770855,0.2488679236861694,0.6000022888183594,0.5496658848280944,10.167937137497903,0.046671553535982555,0.09999942779541016,0.025752361004169444,59.70896030707887,0.07318474971749554,0.20000076293945312,0.09732483063254449,1.4388092649855848,0.021234017533728666,0.05493330955505371,-0.04874387513036327,14.987299345202048,0.001555078513756999,0.0030517578125,0.0005818035291582646,4.1924126499753775,10.681086783997788,30.54902744293213,-0.9784295471216926,88.30069318004215,7.345422273552672,3.8544845581054688,6.104181712287712,44.131708404046165,20.573081933475972,50.58442687988281,-0.1288362649770889,571.346719469525,184.14671346810755,493.919189453125,0.49226512079656004,3.364351917263737,5.174685921311852,7.04977560043335,-0.5787289147841492,28.316090388347455,1.707167630561691,4.290903091430664,-0.32814031939043886,0.04236880617495844,0.006242929235364618,0.010399997234344482,5.016710771160726e-06,0.05443538817543124,1.7188413220346983,0.0,0.08854450748915657,2.0,0.0,0.0,0.0,2791.3235739118395,5.386645567273539,13.59619140625,0.2093942699625586,3284.327199289927,76.04215547791067,200.964599609375,17.117416126672197,148.21722983867576,169.4960306164719,385.8150043487549,-10.452079045732688,3.0,0.0,0.0,0.0,9.999863555063893,0.007970713443721904,0.0201416015625,-0.0006333067265646974,43.26722436393258,8.043109383532169,3.4800301828093785,11.3465,10.51372
2024-07-19_08,5,8,598.0,0.12300000339746475,0.0,0.0,0.0,134.31450094964663,28.06771930942914,69.58219909667969,0.6797764628228435,0.2843530601172623,0.07350862764566542,0.18000000715255737,-0.04294314406762351,4.008930157036815,0.11165928320568827,0.2799999713897705,0.12408026245525461,71.43724184012989,121.64928481282317,299.9800109863281,-2.6042807197516,440.3483170029791,254.6536601690686,600.0,6.464397851041326,2.050725464476506,0.035106564287150546,0.08999991416931152,0.01459865705624086,1371.0149077603905,0.035611385260879744,0.0999755859375,0.0,54.412838290822584,0.25283907149949286,0.6000022888183594,0.5237461715238894,10.14593793683449,0.05083081199013604,0.09999942779541016,0.033611871725739206,59.71985956674752,0.08111608423932812,0.20000076293945312,0.12474954407350225,1.4207197764134256,0.019498951898501087,0.05127108097076416,-0.04132757238719775,14.987276681168588,0.0016334999889367056,0.003662109375,0.0010952805994346448,4.232195881926787,9.939913736319811,18.555253982543945,-0.16601455490724693,88.29250491610023,7.365433151153724,3.86669921875,6.303694999337594,44.143784173871715,20.59340186418201,50.630210876464844,0.015922693105849817,570.4575882442657,181.43798514646014,481.0785217285156,5.817030559016757,3.329486735837689,5.191947825066708,7.095553398132324,-0.4382570269564323,28.32490716256333,1.7007866107043164,4.272592544555664,-0.3558315481230565,0.04235723814284052,0.006214350397104876,0.010399997234344482,-8.979932183904304e-05,0.1230535682568539,2.541723438983486,0.0,-0.18168209547980574,2.0,0.0,0.0,0.0,2791.2114517380264,5.4829120495863215,13.763916015625,-0.05642261313778363,3282.5637378443926,75.81215234588265,200.506591796875,17.199325306359697,147.67305954767684,169.78427247803387,385.7844867706299,-13.957319049133503,3.0,0.0,0.0,0.0,9.99952076924999,0.007956114504522637,0.024169921875,1.682007193259949e-05,43.17212696629213,8.10099796106178,3.4973731252863294,11.458800000000004,10.54542
2024-07-19_09,5,9,602.2000000476837,0.12300000339746475,0.0,0.0,0.0,134.1385762973294,28.076671815909435,69.58219909667969,0.7021284135077224,0.6395584327968983,6.739966346249248,0.2199999839067459,-1.5875249141734404,4.118373178944961,0.10567278088965672,0.25999975204467773,-0.07205977471563862,72.33469783699766,122.18385403910446,299.989990234375,-4.184783895233906,438.536413052316,255.55648811181945,600.0,7.851627367328945,2.069156651794515,0.037384858971984965,0.08999991416931152,-0.0397508215666611,1371.010389229216,0.0305079201946305,0.0999755859375,-0.001826796420800747,54.402855048616566,0.24011386915512647,0.6000022888183594,0.5289043920776777,10.190902925265895,0.03203332098494956,0.09999942779541016,-4.752529747520384e-08,59.710723808562136,0.07132687338676962,0.20000076293945312,0.11113039441283235,1.368143972489305,0.016261987915306756,0.04150521755218506,-0.031116716093399166,14.98725448123329,0.0018040113117997881,0.0048828125,0.0016822228796051775,3.9021744367135947,9.059447768198652,17.456586837768555,-2.0253745709542814,88.46460831782733,4.996617275780787,3.82672119140625,3.439278903593646,44.08964058950761,20.689554782141773,50.30976676940918,0.4342042251282763,569.7576907133835,184.02000305426344,491.2686431884766,6.6462928036914946,3.4505825730023356,9.862886648793578,6.77510929107666,-1.232729806524525,28.38192098232538,2.0480158943298896,4.254281997680664,-0.5266318875689819,0.04236852569668832,0.006270636231770116,0.010599996894598007,-9.136221857365678e-06,0.14372677822037047,2.7876531657536976,0.0,0.07756365652496236,1.99800796812749,0.04458770774023784,0.0,0.009966777408637828,2790.6077241327657,14.84962890529248,13.931640625,3.201739238346363,3281.7410432326683,78.24927112692406,199.4384765625,21.99816570091889,148.5646229461528,169.5890078803368,385.8424701690674,-9.248426202919774,3.0,0.0,0.0,0.0,9.999853369407603,0.007862977958037438,0.0201416015625,-0.0026532217513679512,43.233769856629216,8.019919987762421,3.467313750195011,11.351799999999995,10.501399999999997
2024-07-19_10,5,10,598.0,0.12300000339746475,0.0,0.0,0.0,134.30603222159868,28.13644738629319,69.88738250732422,1.2784092019632851,0.2230992983156066,0.0975870191726285,0.26000000536441803,0.022290970342090488,4.137569379822461,0.10675045341479633,0.2799999713897705,-0.04928093052229343,71.33927438410254,121.50004587198356,299.9800109863281,-2.943896431061617,440.2227301966662,254.65107244780702,600.0,6.665635464980824,2.0663790825576296,0.03516347879987777,0.08999991416931152,-0.017575252016252207,1371.0172475434115,0.03777374094281085,0.0999755859375,0.0015046492865167238,54.397091288105855,0.2157184106516983,0.5,0.46722352145906854,10.199999809265137,0.0,0.0,0.0,59.713607576370876,0.06865017730630747,0.20000076293945312,0.0699006530353472,1.3770975938651602,0.013057845783109683,0.03418076038360596,-0.01916236243519087,14.987410348938763,0.001617550982482339,0.003662109375,0.0008962178310021329,3.9992511890198386,9.176417159014365,17.57866096496582,-1.670097368616723,88.06085299887573,7.3173009382766985,3.897216796875,5.252291476048754,44.13593263029853,20.589038638423563,50.35554313659668,0.008420491298309685,570.957631964701,183.14052572280454,490.4858703613281,0.590785227491665,3.3252012936597044,4.928422303058119,7.5075531005859375,-0.15784908433049205,28.332227124692764,1.6946909729348412,4.242071151733398,-0.3237003307278741,0.04238515527341646,0.0062670112256952085,0.010399997234344482,-0.00028076928956153463,0.0867292990217397,2.1213349141779507,0.0,-0.0007655166064616387,2.0,0.0,0.0,0.0,2791.191808580037,5.514000154764838,13.763916015625,-0.17711218384192762,3280.54488269496,75.03157822958822,198.52294921875,17.63591284098038,147.52580344067175,170.3516557951851,385.9065589904785,-14.619641862186711,3.0,0.0,0.0,0.0,9.999538271134611,0.007558508315240068,0.02215576171875,-0.0005624796634542406,43.02462584269663,8.067813864924236,3.4711467290688547,11.413599999999995,10.49492
2024-08-01_01,6,1,595.0,0.12300000339746475,0.0,0.0,0.0,134.56150255151974,28.48887655205887,70.49775695800781,0.7883516968799142,0.38460349422749335,0.07540689646843694,0.1899999976158142,-0.13068907195780455,4.353632393383211,0.12156024475097255,0.3100004196166992,0.10779831629841308,71.70527196285485,121.70037087409074,299.989990234375,-4.305361197682231,439.68152401604317,254.95188488488398,600.0,9.128000054239237,1.98749663460479,0.05115087984561215,0.13499999046325684,-0.10838649693657376,1371.0136055484895,0.03427990274982002,0.0999755859375,0.0142822265625,55.01307108709889,0.17250650728194833,0.5,0.3610073762781454,10.214079168855504,0.036201087581301084,0.10000038146972656,-0.00016804382580737354,59.181922190932816,0.09082097351093885,0.20000076293945312,0.10957966652237161,1.3985500789537866,0.021110429106911403,0.05493330955505371,-0.05037862172647678,14.987304590722566,0.0015780510393414572,0.003662109375,0.000613497886336134,4.6940154314682045,14.220071224321483,38.9568772315979,-0.18685537546622655,88.05164556525727,7.615952979363154,4.684593200683594,8.15988013403755,44.2250887988716,20.636852635334424,51.06509971618652,-0.06724335806710258,564.8874812792707,183.0153508476086,483.79083251953125,2.247187612838161,3.3769407630197064,5.996378893163677,5.928220510482788,-0.9673341673587545,28.04928418385085,1.9185268665374917,4.676961898803711,-0.378978309310785,0.042393279122939755,0.006149044110077566,0.01029999926686287,-0.0001816807674760515,0.16187320986101705,2.942651811293652,0.0,-0.19824209133116136,2.0,0.0,0.0,0.0,2791.6011518252794,8.089541156974246,14.015625,0.00565503545158208,3291.574766261603,75.41964124192266,197.91259765625,17.785120552126955,144.89016329665338,168.5082082180273,377.9717445373535,-21.634597361588675,3.0,0.0,0.0,0.0,9.99846623373288,0.006954745838361473,0.01812744140625,-0.00037234971503252723,43.75222247191011,8.336723025503959,3.647501604985448,11.8876,10.830820000000005
2024-08-01_02,6,2,597.7999999523163,0.12300000339746475,0.0,0.0,0.0,134.29787484873896,27.955481781807897,69.27702331542969,1.2809605423024664,0.30544147239094693,0.07335935114768163,0.17999999225139618,0.03508361336466759,4.397237457638999,0.1296098906973143,0.3300004005432129,0.15085284845486147,71.53452828896285,121.65145877407278,299.989990234375,-3.3123745011713908,440.16948690167237,254.6828273326549,600.0,7.776738935489732,1.887581935455169,0.04103272153770661,0.11000001430511475,-0.019314394547389035,1371.015748662534,0.036420617690486184,0.0999755859375,-0.0023405655570059025,55.02749153953731,0.1583995172643992,0.40000152587890625,0.34197354396450663,10.210534966510275,0.030700654800469695,0.10000038146972656,-0.004347842672597579,59.19782623239983,0.07979036913969899,0.20000076293945312,0.12123781542315726,1.3393024440991839,0.016032550124938632,0.04272592067718506,-0.03282730196630679,14.987230222759438,0.0015826689471057844,0.003662109375,0.0008350008706177192,4.549983140058741,14.22491961498329,38.731040191650386,0.8968767242686804,88.49127202129684,7.263085488377837,4.08123779296875,5.595762832507631,44.141002384555776,20.594209686869902,50.859100341796875,0.4080957329791488,567.2359661855028,181.8983934665352,482.6921691894531,9.128529704932703,3.318887907234223,5.761869051524593,6.317331314086914,-0.328482243129641,28.119319806051095,1.8318270472929818,4.562517166137695,-0.3029191677386933,0.04241173892440804,0.006151942047462952,0.01029999926686287,-0.00017608695953187647,0.0896672583742684,2.193214409249213,0.0,0.09262724783906968,2.0,0.0,0.0,0.0,2791.480294748772,6.263384279679367,13.931640625,0.44292498432287175,3290.471039859427,75.05748546647446,197.6224365234375,13.876218661815528,142.34344360326045,167.46225614937498,375.90869522094727,-16.308367269892358,3.0,0.0,0.0,0.0,9.999496853231985,0.007939930016772694,0.0201416015625,-3.0389996275914655e-05,44.195029213483146,8.353623877846086,3.6918865131985816,11.765499999999996,10.869999999999996
2024-08-01_03,6,3,598.0,0.12300000339746475,0.0,0.0,0.0,134.16236749647135,27.939607903954265,69.27702331542969,1.1375548831595381,0.35080240747512426,0.07651965117927052,0.17000001668930054,-0.010100334848473502,4.358856566093391,0.09412299210256057,0.23000001907348633,-0.005317718288970319,71.33740888161579,121.4654793464761,299.9800109863281,-2.532892745131477,440.3735525835242,254.506221389492,600.0,6.119982555957108,1.9316449372993987,0.03612503810102274,0.10000002384185791,0.0384949960038814,1371.0114649368027,0.03185543907542898,0.0999755859375,0.0071888799252519675,55.01394176068652,0.1836228297051341,0.40000152587890625,0.4026753288447651,10.202540804175221,0.02925973147798797,0.0,0.002675668850390167,59.2031094465954,0.07236072606162773,0.20000076293945312,0.08361296510218352,1.3109853796558768,0.014760725471626166,0.03906369209289551,-0.027668753595256446,14.987247497650422,0.0016088343996987753,0.003662109375,0.0008298912175916939,4.433703753510593,11.280953079239884,31.952878952026367,-1.260853355943559,88.02331547607989,7.197732912745425,4.025390625,5.498613744276412,44.14930935027168,20.60879164465619,50.72176551818848,0.1908428804531539,568.018166672462,182.0413502747278,486.0911865234375,-0.03548342089197831,3.4007782248057117,5.676543384907375,6.683553695678711,-0.32771675522909494,28.191062463641128,1.7981855128481965,4.538103103637695,-0.3180508757116023,0.04241263758252892,0.006201114861843089,0.01029999926686287,-8.143811022557484e-05,0.12749206864367515,2.6337317674552514,0.0,0.002806883591872006,2.0,0.0,0.0,0.0,2791.392662933462,5.3498219852762645,13.763916015625,-0.18412653179848348,3287.2116107436896,74.91468128518193,197.760009765625,17.302155051343107,141.78673171423145,167.68034189374436,378.00226402282715,-13.725929611103965,3.0,0.0,0.0,0.0,9.999359157323758,0.007480142776976385,0.0201416015625,0.0008049840512480699,44.066997752808994,8.303068738733037,3.6589131145116736,11.7982,10.780679999999997
2024-08-01_04,6,4,598.0,0.12300000339746475,0.0,0.0,0.0,134.0171724304791,27.975108270374136,69.58220672607422,0.7665349647751611,0.35225342705332685,0.06846653782896076,0.18000000715255737,0.021705685052584633,4.277128056912309,0.10164187162560757,0.25999975204467773,-0.011086968673910569,71.28179201805376,121.49396850275313,299.989990234375,-1.3869731385871376,440.43788228677454,254.40803766372304,600.0,3.1120565523670507,1.9964861241681486,0.033210899753980616,0.08999991416931152,0.03688960290672805,1371.0174480962419,0.03794664125858863,0.0999755859375,0.006352963654762789,55.00247410092215,0.19364851078834203,0.40000152587890625,0.4394653345828914,10.149548748989481,0.05105639638623627,0.09999942779541016,-0.019565130954601884,59.206519723456665,0.0737830931210558,0.20000076293945312,0.0780943739773079,1.326971731270408,0.011482857080587622,0.028077006340026855,-0.013087234967528394,14.987206675862039,0.001597786579813521,0.0042724609375,0.0007277890591321778,3.88766629414509,8.749710789724409,16.907255172729492,-1.8536676977789126,87.84137784561877,7.3102196677943105,4.428230285644531,5.964240527073287,44.07887494002087,20.604728594238278,50.35554313659668,-0.04547179104093857,569.3806174076428,182.20997415796253,484.3058776855469,1.7415855688394686,3.5543503011799467,6.046279184783786,7.5075531005859375,-0.3608635018601465,28.247560972355952,1.7773730302120005,4.4679107666015625,-0.3497584607688893,0.042371714750472335,0.006182994941024829,0.01029999926686287,-8.494999371842782e-05,0.21774155270172496,3.4328493185082,0.0,-0.3603021309128573,2.0,0.0,0.0,0.0,2791.172896537921,6.093811122533714,13.763916015625,0.04686520171435404,3287.910394676869,75.6561020352992,199.74365234375,17.897981063179486,142.69888924484226,167.8751898629241,379.5892086029053,-11.307465317257254,3.0,0.0,0.0,0.0,10.000085769150816,0.0066931500115600204,0.01812744140625,-0.000747771566130595,43.89461797752809,8.291566692234257,3.6395515239081897,11.712699999999998,10.818460000000002
2024-08-01_05,6,5,598.0,0.12300000339746475,0.0,0.0,0.0,134.0565576422617,27.996050687609955,69.58220672607422,1.2370717007180758,0.3653059173848658,0.07062526895781013,0.17999997735023499,-0.05103678782050031,4.165315948254844,0.10248152938159322,0.26999998092651367,-0.10389629056222471,71.36211973503207,121.56732724274563,299.9800109863281,-3.2475752931518116,440.48298417397945,254.50895931311854,600.0,7.304130549414879,2.0638849459855066,0.041158644808634716,0.1099998950958252,0.06309365349071072,1371.011531787746,0.03193610978498058,0.0999755859375,-0.0020061990487647563,54.99658979583607,0.18940980413359187,0.40000152587890625,0.3973247311187009,10.16188568432807,0.04856649220307271,0.09999942779541016,-0.002675569974460501,59.206218635306556,0.06915540440272686,0.20000076293945312,0.08260968058404217,1.3767384327362708,0.016658860355954534,0.04394662380218506,-0.035019733634680916,14.987225665491348,0.0016028336022366706,0.003662109375,0.0007972015584982728,3.860688379798514,7.338698802441726,15.808588027954102,-1.6336078340791937,87.88173143411711,7.428437611131461,5.151527404785156,6.676327033983824,44.03698463210371,20.594192842920233,50.26398277282715,0.11880777352629934,569.9896179015562,180.8486495280371,481.4218444824219,0.8089575623987457,3.520296298814374,5.929421480738001,8.239997863769531,-0.42340603103879904,28.281383369009617,1.7628781981816393,4.44959831237793,-0.37896025858595195,0.0423863586536551,0.006180953794933948,0.01029999926686287,-8.444827249316778e-05,0.176009457153606,3.0413367444917805,0.0,0.08650312774556138,2.0,0.0,0.0,0.0,2791.262800037482,5.965577108984422,13.931640625,-0.0409858218804402,3287.928351787132,76.37797437149071,202.032470703125,17.034489558293444,146.00834668643176,168.76657715904736,381.7560443878174,-14.66715507762487,3.0,0.0,0.0,0.0,9.999521443613475,0.008017246132145989,0.02215576171875,-0.0007174230339543897,43.69129550561797,8.246711995146322,3.603095307296623,11.5711,10.739600000000005
2024-08-01_06,6,6,594.7999999523163,0.12300000339746475,0.0,0.0,0.0,133.81643196105958,28.033184748555634,69.58220672607422,1.2468990454152618,0.4073378137405179,0.06557083490866097,0.17000001668930054,0.007008403464525692,4.18865882512902,0.10152806670042193,0.25,-0.01332773000252363,71.7656906622329,121.7874716923016,299.989990234375,-5.577613393258019,439.5227246435951,255.13372745280168,600.0,12.42405105438553,2.07329743164928,0.038362941796721,0.08999991416931152,0.021310941912546788,1371.0134084903493,0.034069547483914844,0.0999755859375,0.0003360523896844825,55.00793281362838,0.2156347497586689,0.5999984741210938,0.44084020021583115,10.187596518893201,0.032961801041861735,0.09999942779541016,-0.009747843381736843,59.22268907947701,0.07142825867253882,0.20000076293945312,0.0737823550440666,1.382230999008948,0.016796910388929626,0.044679117202758745,-0.03711665898811911,14.987221384769729,0.0015878061364611121,0.003662109375,0.0004462586731470708,3.6621801119892536,7.115884142138244,15.198217391967773,-1.8087474213928738,88.07234576944043,7.722066508347452,4.921417236328125,5.051105615196107,44.15536933963038,20.638905188619553,50.26398277282715,0.009309384001404908,573.24384337866,182.014483333244,487.64306640625,-4.341694243615393,3.5810829421702555,5.932720061701952,8.148442268371582,-0.743830957307535,28.327610826893014,1.7646011659780445,4.391613006591797,-0.36855072213822027,0.04239768025379221,0.006212968227130809,0.010400000959634781,-0.00015260518974617027,0.09068357066947873,2.210881935920337,0.0,-0.18080293671423647,2.0,0.0,0.0,0.0,2791.1745674402573,8.022407447307396,13.763916015625,0.2547355074839288,3288.2401428735557,76.61634063864624,201.81884765625,19.672889722295167,147.90202373023794,169.60000889890824,383.86792182922363,-17.57363491218632,3.0,0.0,0.0,0.0,9.999907603544347,0.007534755884235102,0.0201416015625,-0.0011476869342708085,43.231184269662926,8.232762394312575,3.5591206811687828,11.4925,10.64736
2024-08-01_07,6,7,594.7999999523163,0.12300000339746475,0.0,0.0,0.0,133.89839593198118,28.06163114752839,69.27702331542969,1.5110506971343227,0.32973781610236447,0.06046985578385793,0.14000001549720764,-0.007798319604216508,4.179028568107541,0.09847456824872622,0.25,0.011647058535023014,71.88944528253263,121.86861859004097,299.989990234375,-5.335361346730792,439.3633365997346,255.20863429209777,600.0,10.96005055724072,2.1061109094860173,0.040694454424144794,0.10000014305114746,-0.04194961876428449,1371.0166345932905,0.03723363421834447,0.0999755859375,-0.0016802619484224124,55.01680677013237,0.22739977667670205,0.5999984741210938,0.46436899008870824,10.19384858395873,0.024026681795685848,0.0,0.005041987956071026,59.214689151539524,0.07529889523260494,0.20000076293945312,0.07882434620576362,1.362869029966723,0.015135832050662412,0.04028439521789551,-0.03088165852202085,14.987321919673631,0.0015806007284818902,0.003662109375,0.0005457645704769476,3.792091501700778,7.196680000267745,16.022216796875,-1.2715703691755027,87.72368170703159,7.570484369899732,5.227821350097656,6.09108416267803,44.154507661066134,20.62113116565558,50.218204498291016,0.12379224761193797,571.6397904596408,182.96037960446742,485.953857421875,-1.9351298869157745,3.533412518560135,5.852586415287886,8.239997863769531,-0.9393289519458259,28.338853934151786,1.7661711176087247,4.411755752563476,-0.40319823898187224,0.042418722296838,0.006228468436794665,0.010499998927116394,-0.0001453780013473127,0.21527089607815783,3.3855196397662533,0.0,-0.08437469225971639,2.0,0.0,0.0,0.0,2790.970777064732,7.954418476108038,13.59619140625,0.011276834953150683,3286.7504780232407,76.08621115367445,200.750732421875,17.257055458902414,147.61865811323918,169.7235473217033,383.83130073547363,-17.87184456897384,3.0,0.0,0.0,0.0,9.999492568649163,0.008092047378278218,0.0201416015625,-0.001022351689698553,42.97732808988764,8.946924670011366,3.845149169385882,22.300400000000003,10.624539999999996
2024-08-01_08,6,8,598.0,0.12300000339746475,0.0,0.0,0.0,133.9030978140007,27.99325058599323,69.27702331542969,1.290147373110159,0.37060514806739586,0.07587273134950577,0.20000001788139343,-0.06371237449098788,4.164439998395225,0.10741955125049489,0.2800002098083496,-0.040468212752837296,71.34516530921007,121.50339497787688,299.989990234375,-3.935200817253829,440.42109864980074,254.4166609351406,600.0,8.037107716435969,2.1083316463405413,0.03839641907301014,0.09000015258789062,-0.01707359779638562,1371.0122337226524,0.03276293058365776,0.0999755859375,-0.0013374660325098375,55.021297212509516,0.23356923191208193,0.5999984741210938,0.47123641074700373,10.194516724625068,0.022764909606466002,0.0,0.0025083468510551654,59.211668465377414,0.06496338151466499,0.20000076293945312,0.06170644728236141,1.349527064552677,0.01357711836505065,0.03662216663360596,-0.023230812222662545,14.987148530743903,0.001588805300831622,0.003662109375,0.000829881648954256,3.0626768056703066,6.435495511479135,15.289772987365723,-0.8596727281908527,87.96879548717207,7.215087448119661,5.145423889160156,6.004807607784713,44.062299347051365,20.604541893429076,50.218204498291016,0.4761499800410931,571.1980904362665,182.2994450231142,488.357177734375,-1.8802948508374584,3.4814976903456425,5.333851364017241,8.239997863769531,-0.4363432331415624,28.33193937905534,1.727579049547782,4.367198944091797,-0.3422869679122478,0.0423674686861373,0.00618588598971526,0.010400000959634781,-0.0002187292580570696,0.1097890891505898,2.4505317700233675,0.0,-0.17989589857018512,2.0,0.0,0.0,0.0,2791.0799056511983,5.518350586040195,13.931640625,-0.47941706730762235,3286.328502026261,76.048372597753,201.26953125,17.777028980063733,147.2594934786813,169.35551000900728,383.83130073547363,-14.863382001385645,3.0,0.0,0.0,0.0,9.999782743361514,0.007698067976117876,0.0201416015625,0.00010770778592217312,43.32931011235955,8.148893133925917,3.530859176723535,11.548699999999997,10.605380000000004
2024-08-01_09,6,9,597.7999999523163,0.12300000339746475,0.0,0.0,0.0,133.83611622111854,28.027810909130658,69.88739013671875,1.1166307997942795,0.3316989976464207,0.06178279168156777,0.15000000596046448,-0.044314381576152584,4.174063539106312,0.10219354003723424,0.25,-0.061705669033088384,71.48970545301631,121.59966740409713,299.989990234375,-3.8365216848026193,439.978687488355,254.78456082141707,600.0,8.552642536402516,2.104785924372466,0.03373625056451773,0.09000015258789062,-0.022625433162701825,1371.0165511421535,0.03715871133594159,0.0999755859375,0.010030995244505903,55.014949812617985,0.232796881217757,0.5999984741210938,0.46755747332620956,10.19698979304387,0.01708624306655117,0.0,0.0,59.205919941930865,0.06921737772016612,0.20000076293945312,0.08578676204617608,1.3273783829698595,0.013299343845495467,0.034180641174316406,-0.020458627903341853,14.987162445540411,0.0015586820038970745,0.003662109375,0.0007165682355694258,3.3759289438509223,6.858435682576932,15.63158054351806,-0.2638983423494574,87.58713718066646,7.343809700128222,5.5418548583984375,6.704401096771392,44.049492700761775,20.5988691880798,50.218204498291016,0.4355776700686462,569.784004308388,182.3188164451523,489.4078063964844,-1.3681669203333513,3.4654533048674314,5.490795474648075,8.239997863769531,-0.6390514740950888,28.352921136964525,1.7286841462252132,4.358043670654297,-0.33820940738537786,0.042403109975308675,0.006228216259368933,0.010400000959634781,-8.545169314014278e-05,0.08859553767685906,2.166088886349612,0.0,-0.004082740349913128,2.0,0.0,0.0,0.0,2791.1290366488556,5.266986403736445,13.763916015625,-0.2357855449154158,3284.7311628769075,75.3679756035943,198.980712890625,16.360576923076678,146.66046558112205,169.62169503378797,383.86182022094727,-15.152644230769226,3.0,0.0,0.0,0.0,9.999624139090445,0.008067897329287168,0.02215576171875,2.01563372659308e-05,43.23398539325843,8.119518633105228,3.510391499839611,11.466100000000004,10.541400000000005
2024-08-01_10,6,10,598.0,0.12300000339746475,0.0,0.0,0.0,133.98584775564385,28.05327290106608,69.88739013671875,0.5552529586996116,0.40142092824639863,0.06425995294188454,0.15000000596046448,-0.057809363739147634,4.0214744592262965,0.09842319698313395,0.2499997615814209,0.032424750136691216,71.10624849184755,121.34672031071659,299.989990234375,0.24662201053595822,440.7180429130683,254.2550015212199,600.0,0.5862543993570171,2.0720293646231815,0.03461001988004283,0.07999992370605469,0.006354542081571601,1371.0128353811435,0.03344365024109145,0.0999755859375,-0.0035108483357362275,55.018254757405764,0.23620954621096968,0.5999984741210938,0.4806012884031574,10.196489297757775,0.018404495400907616,0.0,0.0,59.21213653038992,0.06528852539820909,0.20000076293945312,0.0899672747455682,1.419084777325063,0.024166855379191606,0.06225776672363281,-0.058430192661923286,14.98716791128084,0.0015991714142828135,0.0042724609375,0.0006675688319379702,3.1897097236533822,6.985070845281355,15.442365646362305,-0.671254105392507,87.95459835284612,7.563242003140961,5.97857666015625,7.9830347670360595,44.084675527742895,20.620529566974433,50.218204498291016,2.5516371238154534e-08,571.9957121833437,182.69027062947663,489.5931701660156,0.9418126237032993,3.4801202256697072,5.685355021001506,8.514663696289062,-1.3007621629954778,28.33645951026501,1.7165098299041721,4.318368911743164,-0.3718154549997408,0.04238796348094103,0.006231024129129423,0.010400000959634781,-6.97327715447546e-05,0.17636657837281375,3.046994573260737,0.0,-0.35749525370007773,2.0,0.0,0.0,0.0,2791.021592854736,5.598298467716365,14.099609375,-0.1773979671820598,3281.495335126473,73.98132892358977,196.08154296875,15.031887705110876,143.46506627592024,169.28578012259362,385.75397300720215,-10.760020399572056,3.0,0.0,0.0,0.0,9.99972952667665,0.007927027039222212,0.0201416015625,-0.0012563622516132966,43.2034202247191,8.130119772919224,3.512489810267271,11.479100000000004,10.5798
2024-08-05_01,7,1,597.8000001907349,0.12300000339746475,0.0,0.0,0.0,133.8099867192399,28.38280401661763,70.19257354736328,0.827775910546535,0.3179832786570823,0.058983981474280384,0.14999999105930328,-0.02916387782547386,4.035444846121364,0.10988737089297311,0.2799997329711914,0.05745818702672212,71.43223073183742,121.64020989063476,299.989990234375,-3.375601409389361,440.3772628959605,254.72377412778962,600.0,8.328746134222115,2.0827959248054784,0.032189995529243294,0.07999992370605469,-0.02421404525986448,1371.018122664742,0.03851484193099712,0.0999755859375,0.008693529211996065,54.69933071710593,0.13368840811850505,0.40000152587890625,0.2876262983749527,10.167892969571627,0.046688504394178224,0.09999942779541016,0.024080129770132075,60.01551809789345,0.06754089326373354,0.1999969482421875,0.01454857280820221,1.2945567993416036,0.019038393298999482,0.05005037784576416,-0.03971080118198467,14.987161005779253,0.0017005342951720113,0.0042724609375,0.0009472617337529243,4.371281448734245,11.57769582938887,32.53883562088012,1.4640208582415624,87.31037616889213,7.579256183387201,5.842460632324219,9.245567074587512,44.127758959384266,20.598873374646022,50.58442687988281,0.4746190488936506,562.1792300833507,183.91397283683966,492.1407165527344,9.513430847372092,3.5198507662887457,6.273133201220033,7.008575582504268,-0.9925660489494583,28.021256406650096,1.8711422658760632,4.641864776611328,-0.34697201259957566,0.04240421373708591,0.006192549645988228,0.010200001299381256,-0.00016989958874357586,0.1624421645965066,2.9602324329310097,0.0,0.17147522865729187,2.0,0.0,0.0,0.0,2791.603738291048,5.874211936053426,15.4423828125,-0.28684727085055783,3288.6697330130382,75.10076750917662,197.912353515625,18.1636162697273,144.5427972104637,168.81092455082074,379.9279863357544,-22.401709087716313,3.0,0.0,0.0,0.0,9.99793129860358,0.007150282803553617,0.01812744140625,0.0005692303380033792,43.83111460674157,8.43570442691753,3.697463275248195,12.023199999999996,10.866660000000005
2024-08-05_02,7,2,598.0,0.12300000339746475,0.0,0.0,0.0,133.4753692024968,28.04738536874531,69.58219146728516,0.768576886741613,0.31094282953456587,0.06358124569871311,0.15999998152256012,-0.021705686005710767,4.10433969645945,0.11954479619830465,0.2999999523162842,0.08349496664410871,71.47189229664454,121.59658791906432,299.989990234375,-2.5533275730833225,439.9666982774789,254.71574131513435,600.0,5.759933316189347,2.0799330916543424,0.04088943508483741,0.10000014305114746,0.012274249740269028,1371.0103618962355,0.030472409717298324,0.0999755859375,-0.0005015497622480325,54.71738569412053,0.16964216204975424,0.40000152587890625,0.34431463260714423,10.133634425054542,0.047245488938756484,0.09999942779541016,0.02424735289353741,60.00320942558918,0.07789624389427711,0.1999969482421875,0.10936383020917617,1.3137080676975716,0.0132271049743014,0.03540146350860596,-0.019938077216961725,14.987132400862153,0.001623164161948103,0.0042724609375,0.0008278515027910771,4.540901169733872,13.917515912472822,38.20917320251465,-1.1629185038665462,88.35221344824421,7.269875465120198,4.129150390625,5.8171648213695875,44.165333818329174,20.587817289655177,50.85909652709961,0.2696908453236446,565.9971951886747,182.3624909338048,488.6318359375,2.956684737699902,3.3864985014589406,5.755908238458455,6.2715535163879395,-0.3323098270403202,28.089004535094745,1.817733434776169,4.5442047119140625,-0.2803517727548872,0.04239461693784458,0.00615369882623476,0.01029999926686287,-0.00013812700517001897,0.0529558888967521,1.6729915692302584,0.0,0.0,2.0,0.0,0.0,0.0,2791.5303764483556,5.6490032989422785,14.099609375,0.20601998523761722,3288.75625999091,75.18473651732897,198.828125,14.77698447951525,142.81688189849294,168.15316582777822,378.00226402282715,-13.852954083063139,3.0,0.0,0.0,0.0,9.999293150052065,0.0075862846592242,0.02215576171875,-0.0020377404713709524,44.11084831460674,8.377694682179824,3.695472193517218,11.908500000000004,10.904899999999998
2024-08-05_03,7,3,595.0,0.12300000339746475,0.0,0.0,0.0,133.3179960097036,28.100385439095355,69.88738250732422,0.7704002444483535,0.32172043074012524,0.07150736671715492,0.17999999225139618,0.003966385501773417,4.106666683269444,0.11489990553600749,0.2999999523162842,-0.024907551292611352,71.71527574068594,121.70025704695782,299.9800109863281,-4.030470293801002,439.81338563248994,254.83231249429215,600.0,8.714269420479525,2.095446871974135,0.037793711264733645,0.10000014305114746,0.0035798261145583155,1371.0147141487369,0.03541961982407853,0.0999755859375,0.0,54.72994010294637,0.18853434215979858,0.5,0.4364706151625626,10.189952823744026,0.03006244975244851,0.09999942779541016,-0.0016806626520242673,60.020564163884806,0.07829065618991994,0.1999969482421875,0.07445331861993054,1.2911663564943499,0.012138733322450529,0.030518412590026855,-0.018547049490343692,14.987223372344047,0.0015496213313336419,0.003662109375,0.0004432085181473866,4.7989022975326865,11.45192672796388,31.73924970626831,-1.5005361316584747,88.02186133453162,7.478255599340463,4.039131164550781,5.9416411621730845,44.262160221094724,20.643785254572943,50.721763610839844,0.03869959406492285,567.9029299161767,184.06341499070516,491.20684814453125,0.4482373405904809,3.587093921743774,6.085179831120506,6.683553695678711,-0.7449850160284206,28.176918388694844,1.8165316491563601,4.5197906494140625,-0.3673813122661187,0.04238444183995667,0.006180500579214005,0.010200001299381256,-0.00019983207853902646,0.1983292923178724,3.2569872530358825,0.0,-0.0043597886542312,2.0,0.0,0.0,0.0,2791.3112411499023,7.876903045346354,11.581787109375,0.32103671546747137,3289.014942784463,75.93688320245472,200.35400390625,14.498852744222859,145.71661428802756,169.47975228736854,381.756046295166,-16.195378106381725,3.0,0.0,0.0,0.0,9.999197179271329,0.007073641610585163,0.01812744140625,-0.0014420405155473048,43.68900561797753,8.2695855821225,3.612899709556959,11.6708,10.693599999999996
2024-08-05_04,7,4,598.0,0.12300000339746475,0.0,0.0,0.0,133.19273362690612,28.006021597589047,69.58220672607422,0.9165756582815163,0.3142326985523528,0.09728066876607819,0.23999997973442078,0.07122073580127794,4.1106787196611805,0.1255251912921081,0.3299999237060547,-0.05369563445598402,71.49046159129115,121.62488656470246,299.9800109863281,-2.2547824619069985,440.17066078527205,254.72287805569903,600.0,5.899297858959073,2.097709761459825,0.03864652810451938,0.10000014305114746,-0.00790970979326966,1371.013503890578,0.03417168875293797,0.0999755859375,0.0023405655570059025,54.71431038109446,0.2139780485043914,0.5,0.4725755736181938,10.136877469018485,0.04824694879013906,0.09999942779541016,0.001170561863824915,60.01213615899579,0.07074405115589168,0.1999969482421875,0.09247402203919819,1.271541712834898,0.012066023061490547,0.030518412590026855,-0.017864042699935023,14.987165256233688,0.0016094537404091746,0.0042724609375,0.0008564027256792173,3.8136708993889425,8.237747307553702,16.541032791137695,-2.34538318480935,87.82495545735131,7.408355011667266,5.240028381347656,6.802728875424947,44.140432295931575,20.61725457081454,50.30976486206055,-0.020975221359606167,568.0559315274926,181.8828642583908,487.6018371582031,0.23091778707339472,3.3911971856607357,5.889750318323035,7.095553398132324,-0.8396162573734056,28.228652969406266,1.774392307833503,4.4648590087890625,-0.3657729904787175,0.042387629246674864,0.006161075632796521,0.010399997234344482,-0.00013461562004376398,0.07132209387562101,1.95014340380335,0.0,0.08854450748915656,2.0,0.0,0.0,0.0,2791.349331768091,5.442593605239745,13.931640625,-0.04715343462612509,3289.6139118853957,75.94305082240756,201.116943359375,15.186013926630494,146.17660169177373,169.46919017262564,381.7560443878174,-13.149445836759327,3.0,0.0,0.0,0.0,9.999600226167292,0.007670298769168878,0.0201416015625,-0.002155618125380343,43.76099325842696,8.197102270896814,3.5871333721535184,11.506499999999996,10.7376
2024-08-05_05,7,5,598.0,0.12300000339746475,0.0,0.0,0.0,133.23966950327608,27.97764932116057,69.58220672607422,1.0446718432831403,0.321885657279722,0.09325598212226957,0.24000000953674316,-0.002909698548499373,4.141952527242933,0.11801261124719217,0.3000001907348633,-0.06802673403634696,71.30316631605619,121.5435057357156,299.9800109863281,-1.8016385845372724,440.44392379882225,254.44243817719067,600.0,5.104832515668704,2.0954429572420112,0.03751114994257942,0.09000015258789062,0.0032943275859920185,1371.0159439500142,0.03660322667151173,0.0999755859375,-0.0026749320652470487,54.715279639424864,0.23546459987422008,0.5999984741210938,0.5130434642268682,10.192845052478704,0.02577365010986071,0.0,0.01321062674889184,60.01377430682755,0.07612343782620677,0.1999969482421875,0.09581873329187829,1.2722771774761974,0.01295344269705467,0.032959938049316406,-0.019915621017532636,14.987122608402906,0.0015697689888361829,0.0042724609375,0.0008094940695873021,3.7692042841476088,6.8135804925505346,15.289772987365723,-1.9046509656619066,87.70724744599067,7.408623749760419,5.584892272949219,5.408905798774896,44.11964782350082,20.615832112770242,50.26398849487305,0.08244589100713284,568.5773707485167,180.99522479999723,482.93255615234375,-2.455807816623519,3.468656653643591,5.661118444232552,8.148442268371582,-0.5014119571056157,28.266736298729768,1.7589945759168428,4.43128776550293,-0.32364931393626506,0.042411935371535155,0.006246274497214377,0.01029999926686287,-0.00011622091836255288,0.12718596565249132,2.628145274343273,0.0,0.07961350380377627,2.0,0.0,0.0,0.0,2791.269361469826,6.521630563149036,13.931640625,0.3157607879124953,3284.85390114027,75.6172502281401,200.811767578125,17.54304101235857,143.18695088701875,168.89392858865966,381.9391574859619,-11.852613181174803,3.0,0.0,0.0,0.0,9.99956724708274,0.007602526036750139,0.0201416015625,0.000400771265443467,43.5520786516854,8.123752520463698,3.5380630871806247,11.432499999999996,10.577920000000006
2024-08-05_06,7,6,598.0,0.12300000339746475,0.0,0.0,0.0,133.17885695903527,27.965012928823516,69.58220672607422,1.0778445144959505,0.33208291623174685,0.0715681986266368,0.17999999225139618,-0.05359531770519488,4.160528261021442,0.12101702637213317,0.309999942779541,-0.07652170642163814,71.45185569288232,121.63829040259856,299.9800109863281,-2.140401324942502,440.34329512046753,254.656414190097,600.0,5.905718654693146,2.1016683012536044,0.03473154271839268,0.09000015258789062,-0.0007023444542517687,1371.0197210283193,0.03978319247550922,0.0999755859375,-0.01604959239125492,54.69725888965521,0.24725678345252378,0.5999984741210938,0.536120609296205,10.153092688838202,0.04990398035705076,0.09999942779541016,-0.05652141571044922,60.01802043474785,0.07086015704099109,0.1999969482421875,0.09397869046316742,1.2610615476721787,0.014052271493324458,0.03662228584289551,-0.02709308954385614,14.987020555047916,0.0016295370226731194,0.0042724609375,0.0008584934732187577,3.2640826392038256,6.481428046982422,15.167698860168457,-1.1585806109833476,87.47208244303962,7.388232935067826,5.4872283935546875,6.700461182705936,44.1662979062207,20.64509484745427,50.17242622375488,0.1310560328505872,570.4126144353063,181.79435709751382,484.5118713378906,0.5912452876368661,3.5326016525243165,5.837441999772872,8.239997863769531,-0.7262435634636062,28.308295984883564,1.751501542375644,4.43433952331543,-0.34449676526430295,0.04240922726857666,0.006225419235720966,0.010399997234344482,-0.00015451532966117426,0.05203757864780866,1.6438560361968177,0.0,0.0,2.0,0.0,0.0,0.0,2791.2480338149867,6.219586552768124,13.59619140625,0.08110980285846381,3286.5714469254117,75.95006086297715,200.96435546875,15.721369408444843,146.77214619883006,169.42749838896293,383.83130264282227,-12.749643242877482,3.0,0.0,0.0,0.0,10.000178704728892,0.007287815961529058,0.0201416015625,-0.0002695023016787701,43.370857303370784,8.116380620726767,3.5201438572138457,11.525100000000002,10.600340000000005
2024-08-07_01,8,1,595.0,0.12300000339746475,0.0,0.0,0.0,134.41167888205538,28.549715618963617,70.19256591796875,0.9930056596002714,0.3188944897640707,0.08387591375548019,0.20000000298023224,0.026571428710046918,4.231465057419833,0.11062993901556377,0.26999998092651367,-0.04989914854033639,71.71607852014162,121.70068324469356,299.989990234375,-3.8654281894762477,439.78715246483205,254.8624356908707,600.0,8.117580307231208,2.044522813090714,0.0385102186775967,0.08999991416931152,0.027932777324644498,1371.0124633542953,0.03302568618710434,0.0999755859375,-0.0057128906250909495,54.91753972602147,0.23402223344663814,0.6000022888183594,0.5154626221216034,10.120799993635506,0.040587257220678775,0.09999942779541016,-0.008235246994916068,59.19032280547645,0.08128105975337238,0.20000076293945312,0.12420226666105805,1.383976669721706,0.020355741318851234,0.05127108097076416,-0.04404923535194727,14.987147064619167,0.0016148085257785992,0.0042724609375,0.0005755031810092959,4.0658530400645345,12.530423062062706,35.706655979156494,0.28035993816471905,87.7488314496173,7.681327166598357,5.836669921875,9.582319612462982,44.22758073704217,20.64144228594037,50.72176551818848,0.021773410444502872,563.344326911434,183.36378218397286,487.9794921875,-0.31644512785589995,3.463481653673244,6.100181398819157,6.317331314086914,-1.575755261435729,28.010889896141585,1.910245139180298,4.654073715209961,-0.45291006905691944,0.04240238541043714,0.006156392057299539,0.01029999926686287,-0.00019344541267687226,0.12798084623070174,2.639150832474282,0.0,-0.08899095038405988,2.0,0.0,0.0,0.0,2791.659635728405,8.245189433720002,12.924560546875,0.2031381302522277,3288.8025116459016,75.69698847348494,197.912353515625,17.726123867515525,144.23440507342738,168.50533628088877,377.9412269592285,-21.40732425401191,3.0,0.0,0.0,0.0,9.998397199376937,0.006978554440561507,0.01812744140625,0.00016588483538093612,43.74446306921348,8.417886093328715,3.682359073304637,11.947500000000003,10.876659999999994
2024-08-07_02,8,2,594.7999999523163,0.12300000339746475,0.0,0.0,0.0,133.98702783087722,28.15416204478616,69.88739013671875,1.028396904568723,0.29920000113922507,0.08452158222030486,0.19999998807907104,-0.0345210079322843,4.05195631980896,0.12681542688640793,0.3299999237060547,0.15702519537020088,71.678403423406,121.70386525996784,299.989990234375,-4.526588183059161,439.76886562571804,254.85894341437248,600.0,9.58626960105255,2.085361302800539,0.03908530526773809,0.10000014305114746,-0.006285714702445766,1371.0146182789522,0.035323886028013694,0.0999755859375,-0.0003360523896844825,54.9248064262326,0.2382637660465536,0.6000022888183594,0.49008412080652164,10.189378021304346,0.030811529315487994,0.09999942779541016,0.03294098797966427,59.21189916274127,0.07428931712924781,0.20000076293945312,0.07596706101874418,1.2858872963801151,0.01654644375272753,0.04272592067718506,-0.034074046832172744,14.987161676743451,0.0015985478644435721,0.0042724609375,0.0006247816967359654,4.444438744232434,15.04783135959362,41.28543968200683,-1.642459994404256,88.93600836515928,7.440778400327588,4.0577392578125,6.178141591002955,44.273114402835105,20.65343104929872,51.20700645446777,0.09632565794872505,567.1544389433019,181.35333977515464,482.14971923828125,-2.4062183283957665,3.1729299279909675,5.619775456206761,5.566576099395748,-0.8450805930843375,28.075353530755564,1.8502266237188465,4.547258377075195,-0.35389669081743946,0.04238705855895992,0.006152904352743915,0.01029999926686287,-0.0001912605080033533,0.05247131988781841,1.6520438045292019,0.0,-0.08924740703166031,2.0,0.0,0.0,0.0,2791.3309120601366,8.209470551179843,13.595947265625,0.6161058954830878,3289.2368404510244,75.5285162755716,197.760009765625,16.23507172400241,142.22411372208796,168.0246602611967,376.1833553314209,-16.558984445523805,3.0,0.0,0.0,0.0,9.99966860410546,0.008130371337425894,0.0201416015625,-0.0002911816124164801,43.896177528089886,8.344640426722332,3.662978175794793,11.679700000000004,10.81834
2024-08-07_03,8,3,594.8000001907349,0.12300000339746475,0.0,0.0,0.0,133.84474507307806,28.114845263181802,69.88739013671875,1.4402690086044174,0.3307327735993792,0.07554886498796295,0.17999999225139618,0.016302520177569724,4.080352963279275,0.11422477325711455,0.28999996185302734,0.08127727628755999,71.78296141289738,121.77571958151474,299.989990234375,-5.189596188099685,439.4994774832846,255.0995194704835,600.0,10.589461552996625,2.0909041629919485,0.03934879337633306,0.10000014305114746,-0.006252108101083564,1371.0176427504596,0.03811269697837228,0.0999755859375,0.0,54.927360944988344,0.2244943887574329,0.6000022888183594,0.46302609483735324,10.201008216473236,0.009991207153757049,0.0,0.0025210180202446253,59.212874048056726,0.0772137281913594,0.20000076293945312,0.11025237395983822,1.2852402007078925,0.017305819318403942,0.04272592067718506,-0.037730110793554594,14.987246621716924,0.0015958566784243264,0.0030517578125,0.0006873234981235044,4.900985387914321,13.782816258444415,38.1176176071167,-0.5892380177473822,88.58292200200698,7.526129511240541,4.029052734375,5.696672107792708,44.24967934231798,20.632118496931785,50.85909652709961,0.19472847625988976,570.0688586323201,180.18767005826288,480.87255859375,4.227210857487535,3.3432078264540985,5.8312251545824205,5.9327982902526815,-0.49039910292299815,28.15354248046875,1.8314911746792466,4.5045318603515625,-0.35690763136919657,0.04240272237097516,0.006180182378242602,0.010400000959634781,-0.0001514286992429642,0.10684042794363839,2.377368424988024,0.0,-0.08052782972319787,2.0,0.0,0.0,0.0,2791.4607927389707,8.14665679750101,14.93896484375,-0.0993024553572468,3286.3392212119224,75.61067102777605,198.52294921875,16.04683766084554,141.84425847093598,168.74797959114866,379.9859676361084,-18.178978953642,3.0,0.0,0.0,0.0,9.999590748057646,0.00789577462914496,0.0201416015625,0.000643132313960848,43.71542808988764,8.245838443088264,3.60470357499656,11.5432,10.706500000000004
2024-08-07_04,8,4,598.0099999904633,0.12300000339746475,0.0,0.0,0.0,133.81269521021358,28.064446698533978,69.88739013671875,0.724176457893094,0.34376128398651706,0.08640133431701491,0.20000000298023224,0.008093646381760522,4.120167176805584,0.11087370907153701,0.29000020027160645,-0.0705016560379077,71.51084263441852,121.54750588559529,299.989990234375,-1.5816055423514683,440.28115876707017,254.56527485918855,600.0,4.098879148728884,2.095205583129189,0.0389946238155245,0.10000014305114746,-0.006638801217477841,1371.0105958745378,0.03077427835394661,0.0999755859375,-0.0031764818274950812,54.91594757518813,0.23960122116503374,0.6000022888183594,0.5071912465685529,10.195018240617136,0.027825196443902547,0.0,-0.006856148059551259,59.20488136390984,0.07624748961221202,0.20000076293945312,0.08879666025423205,1.2864464992505975,0.012567304670263133,0.032959938049316406,-0.01668412988401191,14.987085459424437,0.0016057230307110072,0.0042724609375,0.0008105035609631273,4.033912298393186,12.178650041836026,34.028138160705566,-0.5806171806360965,88.29424142773755,7.292452335768722,4.0711669921875,5.982337059384605,44.16210448068347,20.600764458792707,50.675987243652344,0.14422291018890832,568.2389736245684,184.05163560706768,491.5158386230469,4.781516748128524,3.409915407868591,5.777803446329258,6.591998100280762,-0.5096795253056943,28.216523084701084,1.7724991726678758,4.4496002197265625,-0.29711664958940887,0.042401470659305045,0.0062086123449640145,0.010399997234344482,-9.431444843576581e-05,0.12524731124934047,2.5871030372226627,0.0,-0.08369625053278179,2.0,0.0,0.0,0.0,2791.314932427491,5.998270419202888,13.59619140625,0.13838894949321912,3286.216979796812,76.20566952392383,201.26953125,14.424838164977245,141.77459980611695,168.19233849657223,381.93915367126465,-12.668651938039716,3.0,0.0,0.0,0.0,9.999790165504857,0.007450572005511555,0.0201416015625,-0.00028301002987163315,43.83268764044944,8.20395698236298,3.596014838236006,11.605899999999998,10.747680000000004
2024-08-07_05,8,5,598.0,0.12300000339746475,0.0,0.0,0.0,133.8716712729742,28.026573881386433,69.88739013671875,1.2278857534147107,0.31932798487581726,0.07157199665759251,0.17000000178813934,-0.06515050104143327,4.019441687594445,0.1255308566450852,0.31999993324279785,0.10754177961062439,71.22652983386598,121.45803368919735,299.9800109863281,-2.915317649015506,440.3871198814874,254.47443475494364,600.0,6.384766008941654,2.094122332499921,0.03835151901914857,0.10000014305114746,0.001337798941494217,1371.015576269825,0.036257778762917525,0.0999755859375,0.006018597146749016,54.90772303304159,0.2091930162366089,0.5,0.4633769989013672,10.164894694191522,0.04772967961050817,0.09999942779541016,-0.04782581329345703,59.21464397388332,0.07390926608528921,0.20000076293945312,0.0909706166755413,1.3253493835120167,0.0429375111674838,0.10010063648223877,-0.10577572468531171,14.987154234934316,0.0016105788635007458,0.0042724609375,0.0008503011237817049,4.48599641883465,10.364236090987733,29.38932514190674,-2.1095026727504154,88.22031849851898,7.269325805708908,3.96435546875,5.883565405938143,44.159915793344595,20.6113264046154,50.630210876464844,0.16274807524920476,569.9673942073616,182.6025203882691,489.0438537597656,-0.33874062630638946,3.3441031742461127,5.411429281525992,6.683553695678711,-0.37158072721150814,28.26271819813281,1.7454130836604564,4.40077018737793,-0.3207505650344906,0.04238314905201699,0.006189090412704879,0.01029999926686287,-0.00011588641781870579,0.09111677862975319,2.2288258152651292,0.0,0.1798958921910927,2.0,0.0,0.0,0.0,2791.2120073599704,5.145255031238197,13.59619140625,-0.1830115685097553,3286.8708674852683,76.32306256611342,202.18505859375,16.992886036136497,145.15238979483718,168.9341487387661,381.7255268096924,-13.416202411205063,3.0,0.0,0.0,0.0,9.999460825510385,0.00815116014020849,0.024169921875,-0.00034360024442570136,43.646195505617975,8.171861182611591,3.56670650821036,11.5599,10.747240000000003
2024-08-07_06,8,6,597.8100001811981,0.12300000339746475,0.0,0.0,0.0,133.8206018785968,27.999459895796374,69.88739013671875,0.06481391370894585,0.3302943149967786,0.07258979158338659,0.17000000178813934,-0.05225752436098047,4.151458194104325,0.10806481121239178,0.26999998092651367,-0.10508358837370047,71.21063564012456,121.48120098070899,299.9800109863281,1.043796090343747,440.54159040187915,254.40206503123926,600.0,-1.0260700007346486,2.088411323681324,0.03758672913475446,0.10000014305114746,0.02115387781009259,1371.014478069803,0.035182936298405194,0.0999755859375,-0.004179581351991146,54.888828949944234,0.19542120809452015,0.5,0.4078582585057262,10.180167151613778,0.041112709014384886,0.09999942779541016,0.013043403625488281,59.21120425068016,0.06360044649714758,0.09999847412109375,0.08177310088805001,1.247614634674927,0.013340363385994798,0.03418076038360596,-0.023312468393191788,14.987136310717732,0.0016429884224231203,0.0042724609375,0.0009115324371240519,4.333260903629571,9.756602122772966,18.588823509216304,-2.3431376374286157,88.03658400762042,7.171503643769228,3.9649658203125,5.147502774777621,44.15658826796108,20.61350885236651,50.58443260192871,-0.155169786816856,571.0954223683846,183.43946205367055,490.8566589355469,-2.8021274171146615,3.46609633449328,5.607742542409281,7.329020166397091,-0.13595535013089588,28.309072481110743,1.7181135425134293,4.333629608154297,-0.27158921538388014,0.04234227383054519,0.00619411311092988,0.01029999926686287,-3.4782786333446836e-05,0.17708900732340221,3.058695785041792,0.0,-0.2707369431205418,2.0,0.0,0.0,0.0,2791.2376623249374,5.816036860355207,13.763916015625,-0.033122697402632184,3287.062612353679,76.23394829427448,202.2003173828125,16.653773074963738,146.11547037462725,168.99442625049383,381.817081451416,-8.859758083636933,3.0,0.0,0.0,0.0,9.999556788313747,0.007761610217662536,0.0201416015625,-0.0017615895606191145,43.50728202247191,8.166617189152765,3.5530731721803623,11.435200000000002,10.693639999999997
2024-08-07_07,8,7,598.0,0.12300000339746475,0.0,0.0,0.0,133.92595351144885,28.033489268893213,69.58220672607422,1.0477339734999305,0.3172350394679965,0.06197958522232083,0.1600000113248825,-0.016321069944064348,4.183350052573696,0.10917462803788702,0.26999998092651367,-0.044515012498683504,71.37063197243556,121.50819588203439,299.9800109863281,-3.1686620721998366,440.3303327830648,254.53857696925013,600.0,7.32172276782353,2.0974523224825843,0.03996486004055481,0.10000014305114746,-0.0014380994050400275,1371.014974611334,0.03567711532199258,0.0999755859375,0.0053498641304940975,54.91203593155565,0.2212898871882741,0.6000022888183594,0.44381255848352197,10.201002822118394,0.009964719422088297,0.0,-0.005016741545304626,59.21360751897824,0.07748151592618276,0.20000076293945312,0.08478327339707903,1.2994881368568214,0.012344896116647804,0.03296005725860596,-0.01642895940952882,14.987135875029773,0.0015751461231197099,0.0042724609375,0.0008523456229010407,4.279233762867991,8.96792133466805,17.395549774169922,-1.4794332335226517,87.88382009055374,7.300095422890822,4.2878570556640625,4.834779833471501,44.183194914536905,20.61292060118712,50.26398849487305,0.12079795786370084,570.8665121340584,183.3900040614374,491.9278869628906,1.393886451338517,3.4894104617215325,5.44362801579378,7.4159979820251465,-0.047002562567791006,28.33529837368245,1.715533429164535,4.324472427368164,-0.30630789472905207,0.04239391470131807,0.006208142635455129,0.010400000959634781,-0.0001650503229187819,0.20059976606455107,3.3044132239570145,0.0,-0.013524090565965319,2.0,0.0,0.0,0.0,2791.434692423625,5.63880242217876,13.763916015625,-0.3896137352371625,3284.7274772723117,76.09134691951826,201.1171875,17.410091744617603,146.036232707573,169.3415006385728,384.01441383361816,-14.480777772373983,3.0,0.0,0.0,0.0,9.999676991369922,0.007796760810571594,0.02215576171875,0.0006298317159689759,43.40571685393258,8.164291443419076,3.5437692270603294,11.510299999999994,10.660239999999996
2024-08-07_08,8,8,602.0,0.12300000339746475,0.0,0.0,0.0,133.691545497219,28.229092929120963,69.88739013671875,0.8237971309015393,0.8110195924517117,6.164048855870896,0.1599999964237213,-1.2967607970643429,4.507130524519075,0.13296282163367298,0.3399996757507324,0.1747010253196537,72.18806704547168,122.10404603687176,299.989990234375,-2.8413285780543305,438.7550334603792,255.5398796131195,600.0,4.884319015713629,1.909149783388478,0.0400664695185093,0.10000002384185791,-0.03807309477828258,1371.0139786521686,0.034671619874507904,0.0999755859375,-0.008967909702050747,54.94938547798899,0.10816251659973626,0.2999992370605469,0.19883752106827757,10.157289990552119,0.049465430535361156,0.09999942779541016,0.030398497153754533,59.29814018850032,0.07269023198966373,0.20000076293945312,0.02906995120634548,1.2376746578257727,0.018270311633990483,0.04882955551147461,-0.03737858165538177,14.987052639391445,0.0019064192981515277,0.0042724609375,0.0015199826009251183,3.9698793521476956,15.189972409046252,42.39020919799805,0.142504207319595,89.72739366945022,5.1469330571685346,3.7995529174804688,4.6687795505967244,44.172836231496476,20.69256935032897,51.13376426696777,0.17657137075531892,567.5566510340178,181.76346090714725,487.3958740234375,6.450102695199007,3.4333779232131705,10.712266177070338,5.859553813934326,-1.2235285639762883,28.27538176542578,2.037016543504377,4.196294784545898,-0.6459989325944768,0.042370408078100705,0.006308360307102949,0.010499998927116394,5.747501326854726e-05,0.08564643137718664,2.1006196466767495,0.0,-0.08491445775839973,1.9983394221188975,0.04071634023587357,0.0,0.008305647840531671,2791.169226832344,13.457624857976588,15.274658203125,2.6602556095567707,3280.093316044296,78.91872725584979,201.422119140625,29.31120832576289,146.51749072333024,169.51029283857437,385.8760414123535,-13.664586409381855,3.0,0.0,0.0,0.0,9.998623611997505,0.007041160358210413,0.01812744140625,-0.0015223747075996386,43.69908426966292,8.611604534165844,3.763192322355245,12.049100000000005,11.05408
2024-08-07_09,8,9,598.0,0.12300000339746475,0.0,0.0,0.0,133.6522970113496,28.244490526298495,69.88739013671875,0.8145075928806023,0.5384085567220324,0.0675843518479237,0.17000001668930054,-0.019983279814688282,4.507626216095134,0.1214783347690664,0.31999969482421875,0.1077424818058077,71.40427283496187,121.61942240996119,299.9800109863281,-2.933160837624456,440.3930810413724,254.59145229741276,600.0,6.878344581278668,1.9096990939328122,0.036622402067633036,0.10000002384185791,0.011923079905302503,1371.0140386981257,0.03473387432819366,0.0999755859375,0.013709026834249016,54.997492574362084,0.16041909575833066,0.40000152587890625,-0.32290949231406074,10.156369166245073,0.04959240189795148,0.09999942779541016,-0.024080129770132075,59.289100454388475,0.06798623774783599,0.20000076293945312,0.013378213480564227,1.282818152967483,0.03958254727138828,0.09277629852294922,0.07758642040367514,14.986900952299955,0.0017520497526396705,0.004883766174316406,0.001295384754703477,3.973793594464934,15.23296131594864,42.756431579589844,-0.43169910373496334,89.38403795651072,7.384315903183987,3.8636398315429688,6.368671780844593,44.13925385291821,20.599818948957328,51.17954063415527,0.19191463814929932,568.7854375555459,179.9875789319248,485.1298828125,2.2483167616420587,3.1821438602913843,5.4430237823618555,6.683553695678711,-0.14238568749216496,28.216193534266946,1.6983761852219093,4.165777206420898,-0.4357104221714003,0.04235352684262005,0.006255837964949213,0.010499998927116394,-0.0001336121464453402,0.07070988534246947,1.932448997578885,0.0,-0.08956518779231554,2.0,0.0,0.0,0.0,2791.517914012219,6.566373078020027,14.099609375,0.15437771085908025,3282.971365594178,76.0994238734152,200.35400390625,25.10836414349933,147.01324326933846,170.67165916579611,387.92077827453613,-18.36045600100104,3.0,0.0,0.0,0.0,9.998339614115682,0.006986861113761064,0.01611328125,-0.0006669038115525439,43.47381460674157,8.577932063820887,3.729154282517733,12.0516,10.979999999999997
2024-08-07_10,8,10,598.0,0.12300000339746475,0.0,0.0,0.0,133.81463386971828,28.24990801340411,70.19257354736328,1.1768510301774882,0.3311200271936931,0.0749491024072846,0.18999998271465302,-0.10056855972470052,4.206532938270735,0.12440717457165443,0.3399996757507324,-0.13657191007033642,71.36117698549938,121.54636038275983,299.9800109863281,-2.2384276352293284,440.50864789008455,254.44253981472573,600.0,5.43596996631112,1.9955800663304943,0.052185152166603896,0.13999998569488525,0.1160032751169493,1371.013871570767,0.034560062785816796,0.0999755859375,-0.0005015497622480325,54.963691197442834,0.10143789398103052,0.2999992370605469,0.07006790645943539,10.120729116084624,0.04053617102881982,0.09999942779541016,0.010535056774433116,59.23012369909003,0.0672718389046748,0.09999847412109375,0.07324457965965792,1.4051317673628643,0.017539293585532113,0.04760897159576416,-0.03533002325523649,14.98720505069387,0.0016222427536879513,0.0042724609375,0.0009462554319252803,4.533513870736661,15.360648386678088,42.84798622131348,-0.6995781448772522,88.88045500656786,7.302935334968654,3.8087081909179688,5.584106370358171,44.13470821514532,20.571561225995353,51.13376426696777,0.1238602539368685,570.1095717419593,182.14761639275733,487.60186767578125,1.356107399216512,3.3474243982669822,5.5081546345348515,6.591998100280762,-0.4794417088757892,28.223326788583115,1.6861954258052447,4.196294784545898,-0.30457262530374507,0.042377231238439145,0.006270913947486726,0.01029999926686287,-0.00011923074111791498,0.10320786399930586,2.302377737020215,0.0,-0.004593080501492597,2.0,0.0,0.0,0.0,2791.527229393258,5.364774208994634,13.763916015625,-0.10273747779092446,3284.362808722391,75.40209641977152,199.438232421875,15.30671166257298,146.88253717923078,170.3916620760094,385.8760414123535,-13.96135058769812,3.0,0.0,0.0,0.0,9.998760488989042,0.007000016556193673,0.01812744140625,0.0018188084248329517,43.21752471910112,8.166249585711862,3.5292509333285165,11.514499999999998,10.54388
2024-08-21_01,9,1,597.7999999523163,0.12300000339746475,0.0,0.0,0.0,133.1434786295811,27.984995445448412,69.88739013671875,1.0436511534113606,0.2850267569008081,0.056163724447056015,0.15000002086162567,-0.03255852902414008,4.249531784583892,0.11814019165601727,0.309999942779541,-0.09817725679148825,71.27497981306365,121.44378144165191,299.989990234375,-3.734698855517479,440.22555038322974,254.65039639229724,600.0,7.609882434474969,2.060836075261285,0.03999710767595233,0.09999990463256836,0.03200670707983333,1371.0145449431045,0.035250302685158906,0.0999755859375,0.0018390157949852437,55.03234056581223,0.12086969052493304,0.40000152587890625,0.22106913818563356,10.12822763991595,0.046111455286999864,0.09999942779541016,-0.02107011354886623,59.90775987248755,0.08247831146200771,0.20000076293945312,0.0876259054228612,1.4093161922234756,0.07782571195650388,0.20654917955398555,0.17787901992383204,14.98678168612579,0.0016993289452020596,0.004883766174316406,0.0015689792441673234,3.7885310227256954,10.51773106952245,29.755547523498535,0.8223666586604805,87.83031664803674,7.329900708773217,6.10125732421875,9.124335025066529,44.1168120744635,20.618648378829526,50.53865051269531,0.45578751516183047,565.4332941776136,183.72844113307886,488.7142639160156,6.44054303121402,3.534410845839658,6.341021579698594,6.688131475448604,-1.2159431571869748,28.061700029277482,1.8544681948144797,4.629657745361328,-0.37359651355041734,0.04241016694347695,0.006176246432451495,0.01029999926686287,-0.00012842817138569024,0.19750272948606357,3.2535283192471853,0.0,-0.1694338616718815,2.0,0.0,0.0,0.0,2791.711185723244,5.663769779295248,15.106689453125,-0.7822767787156408,3279.5353100830894,76.79855348160314,202.185302734375,20.989131659568557,143.51457846778692,168.14894942003562,379.89746475219727,-21.28145517712852,3.0,0.0,0.0,0.0,9.998274849091086,0.007113734922165104,0.01611328125,0.0007409794274781945,44.29168651685393,8.559634676187173,3.791206557764748,12.154899999999998,10.987139999999997
2024-08-21_02,9,2,597.7999999523163,0.12300000339746475,0.0,0.0,0.0,132.82492262543644,27.656135582644485,69.27701568603516,0.6619152528386394,0.3150234127398518,0.052332064435506136,0.12999999523162842,0.006237457428488857,4.101431454463946,0.12780165684860742,0.2999999523162842,0.0974916223698239,71.30038116664804,121.51537472174915,299.9800109863281,-3.872876004783137,440.5791523765162,254.43367705058242,600.0,8.98262571530995,2.097508323152727,0.03741096690422804,0.10000014305114746,-0.0007358004018218622,1371.0147455630095,0.03545087690575114,0.0999755859375,0.0025077488112401625,55.04267514844403,0.15456780218419072,0.40000152587890625,0.3078589487235277,10.143010168809157,0.04950870950208955,0.09999942779541016,0.03143794719989579,59.91404760737084,0.07146342153708211,0.20000076293945312,0.08160560505844217,1.352865321221559,0.014680815324312885,0.03906369209289551,-0.02549469331435139,14.987041992008885,0.0016203880726665522,0.0042724609375,0.001062622835803495,4.666596513129397,13.80347725945039,37.87346935272217,-0.07808244188493685,88.96900304647592,7.262225131065212,3.9808349609375,5.783711701332521,44.11906277774568,20.607199010596414,50.76754379272461,0.6137895201360877,567.2736983589504,181.54930984068588,487.533203125,5.718277130637375,3.2474960302591422,5.560230267235922,5.951109409332275,-0.4502755950725197,28.118077641745476,1.7973458864345941,4.525896072387695,-0.3059762010606235,0.04240762503338,0.006168592141190324,0.01029999926686287,-0.0001173914350992844,0.21072061085780727,3.321794098100239,0.0,0.07859281712152487,2.0,0.0,0.0,0.0,2791.460535606971,6.235946714684465,14.93896484375,-0.0381782046929402,3278.7056452007996,76.28247959795536,202.3529052734375,15.044407464987216,140.21891640053943,167.18183823158776,377.84967613220215,-16.333476146328024,3.0,0.0,0.0,0.0,9.998922211190928,0.007227906994332146,0.01832885742187429,4.7136708644757164e-05,44.376304494382026,8.513213789038407,3.7778496732814006,12.027,11.020860000000006
2024-08-21_03,9,3,598.0,0.12300000339746475,0.0,0.0,0.0,132.62042229377238,27.68464697193492,69.27701568603516,0.9278035403095544,0.32219993397817687,0.06104605857608071,0.1600000113248825,-0.019498328301420176,4.130588448035681,0.12432089733308059,0.31999993324279785,0.06192306930006186,71.42165808634417,121.6344215065834,299.989990234375,-2.669397988228937,440.23106513402803,254.71570604230263,600.0,5.999347894486789,2.100127016011388,0.03983399777013033,0.10000014305114746,-0.026789325934190256,1371.0102616198203,0.030341565761737216,0.0999755859375,0.0020061990487647563,55.02226640707033,0.17909568135212517,0.40000152587890625,0.35685627277080556,10.16609830323847,0.04845417452441195,0.09999942779541016,0.0005016693702124542,59.909328598435685,0.0806811102538225,0.20000076293945312,0.10685685326821215,1.3723354424094325,0.011146756850951768,0.028077006340026855,-0.014020145537462447,14.987040355188796,0.001607700975792409,0.0042724609375,0.0007972350487328583,4.247939801702369,12.119380731454482,33.783989906311035,-1.3646060296125633,88.50705171723463,7.2624165161943255,4.046760559082031,5.739373101837259,44.10418967792558,20.587669423423726,50.675981521606445,0.16550418445497428,569.3295823240392,181.59195946686535,481.90252685546875,2.6922380326185475,3.4517291351898742,5.94835137018964,6.317331314086914,-0.45111766445098533,28.21298760644013,1.764566705420847,4.4679107666015625,-0.2959632044253162,0.04240046761897606,0.00616882415244094,0.01029999926686287,-0.00013110378950236673,0.16029614901630346,2.9198690939852385,0.0,-0.07910315727310435,2.0,0.0,0.0,0.0,2791.409269475092,5.885437367257303,13.42822265625,0.28657700146322895,3279.0126799669843,76.41060307277681,201.727294921875,13.500871639188063,140.69029986407995,167.74435917999827,377.94122886657715,-14.564116988293677,3.0,0.0,0.0,0.0,9.999700566989768,0.008349573929361405,0.024169921875,-0.00043112936625888665,44.198883146067416,8.39907601990181,3.712297795385771,11.878900000000002,10.921719999999992
2024-08-21_04,9,4,598.0,0.12300000339746475,0.0,0.0,0.0,132.5993012530634,27.683221643422897,69.27701568603516,0.7063146737905583,0.31405550036959246,0.07568103053075037,0.1899999976158142,0.018428093283421598,4.1302574545752835,0.13121642629289926,0.3300001621246338,0.12802673980942547,71.3716747953931,121.5489839472513,299.989990234375,-1.900434907123966,440.52664502772626,254.40875412471476,600.0,4.625301401750733,2.1094082067021556,0.040045381384806504,0.10000014305114746,0.004648824200582435,1371.0158770990706,0.0365409360536467,0.0999755859375,0.004513947860004919,55.013373234327005,0.1750056089215231,0.40000152587890625,0.371070415279938,10.185890911016843,0.03897962361110197,0.09999942779541016,-0.00752506287999033,59.90872691316136,0.08041637052174362,0.20000076293945312,0.11020096488621078,1.3358985223486366,0.017381713341845375,0.04638814926147461,-0.03890242524768994,14.987060768793196,0.0016058775847361145,0.0042724609375,0.000657381421348191,4.768876784862543,10.529920250495191,29.786065101623535,0.28895617488235903,88.29618732604801,7.199641160920655,3.9338302612304688,5.738719955335895,44.08955792063895,20.589436584590487,50.675981521606445,0.060169430480748076,570.0316534829913,181.6136755616641,489.2498474121094,5.575777493990358,3.393110331276196,5.616716411201448,6.683553695678711,-0.5378504740479197,28.27062892626855,1.7371085625785645,4.41297721862793,-0.3247975154863951,0.042380039703159456,0.006189623754597591,0.010499998927116394,-0.0001408026637789786,0.1772848886217572,3.0637271992373423,0.0,0.002296543440292509,2.0,0.0,0.0,0.0,2791.2524702199044,6.288642170110423,12.5888671875,0.10694339203564596,3277.8069414950583,75.90701073585744,201.26953125,11.95095835401844,140.5577980068287,168.1516235252294,379.95545196533203,-13.425541762922904,3.0,0.0,0.0,0.0,9.999515383269866,0.007697320383270531,0.0201416015625,0.001209150588630692,43.97901235955056,8.330717817193243,3.6637674184626974,11.802799999999998,10.825700000000005
2024-08-21_05,9,5,598.0,0.12300000339746475,0.0,0.0,0.0,132.54654941220858,27.71788697273427,69.27701568603516,0.6062871269557775,0.2997993987790969,0.07088795273028177,0.17999999225139618,0.004632107527259954,4.114677383603957,0.13074594154502406,0.34999990463256836,0.159464858048735,71.49179523211099,121.61340670210669,299.989990234375,-1.7434110793761732,439.8642880453469,254.92912994489762,600.0,4.259933061424306,2.113574041486464,0.038737627650036084,0.10000014305114746,-0.0034113588141755358,1371.0168464377507,0.037422319813195784,0.0999755859375,0.0015046492867440975,55.017920303727344,0.1927640829915728,0.40000152587890625,0.3973244376804459,10.185890901132556,0.03622323344282517,0.09999942779541016,-0.01939790623642601,59.91059917066058,0.07743373010283619,0.20000076293945312,0.055685560041446536,1.3875597993174114,0.01722811817025289,0.04516732692718506,-0.03863296361272539,14.987042606255555,0.0015890897607129108,0.0042724609375,0.0008125241384853155,4.368258846120984,9.180091308338962,17.914365768432617,-1.745475032257795,88.15533083762982,7.226122659494498,3.9552001953125,5.381413553072051,44.08810393238737,20.586380512456874,50.49287223815918,0.07103950921508329,572.2638130761915,181.9537813134479,490.4858703613281,1.389410982163895,3.5208932003177593,5.602872477988319,7.782219886779785,-0.5204732688611067,28.32049621255531,1.7127615210285336,4.342784881591797,-0.2933911639312434,0.04239578695051728,0.006229655152400054,0.010400000959634781,-0.00011923088128351633,0.0872394710988434,2.1333790877841516,0.0,-0.008675833609590566,2.0,0.0,0.0,0.0,2791.365438437709,5.597300294207384,13.931640625,-0.7376447696751711,3279.69060069205,76.40023198970012,203.253173828125,13.82519612902388,144.1521458129985,168.50847337620576,381.664493560791,-13.069577188396124,3.0,0.0,0.0,0.0,9.999935610244124,0.007657117522950276,0.0201416015625,-0.0008556212868580104,43.78194831460674,8.269600786976287,3.620592342378271,11.7012,10.74096
2024-08-21_06,9,6,595.0,0.12300000339746475,0.0,0.0,0.0,132.56354466497257,27.914041609775897,69.58219909667969,1.4920729981751037,0.3057661303675794,0.05620040642794657,0.1300000101327896,0.021445377790877795,4.212368957297777,0.11181541435033276,0.28999996185302734,-0.028100836777887217,71.59881692293216,121.66086855821798,299.989990234375,-3.4001176463236504,439.65287789742473,254.94403847267705,600.0,8.039663868190871,2.11930778510468,0.03770993007015325,0.10000014305114746,-0.020739540132153955,1371.0118922571983,0.03236525297664413,0.0999755859375,0.0016802619484224124,55.02194230787216,0.2061526877559256,0.5,0.4336125029235305,10.189381590453527,0.03080696730670166,0.09999942779541016,0.0025209939780346247,59.91572648607274,0.07936228936188548,0.20000076293945312,0.11277369010348792,1.391262143690099,0.016473396076487824,0.04394662380218506,-0.03490906843618191,14.987147482813045,0.0015517495419847867,0.003662109375,0.0006217026910864121,4.383282449937636,8.78659801289799,17.059846878051758,-1.9370277468897719,88.25309136835358,7.438982092623232,3.9002609252929688,5.5569640742129565,44.14739276132276,20.621546841679855,50.53864860534668,-0.09755653573684953,572.8654333391497,179.55706126839763,481.044189453125,-3.8380614977924097,3.4365318388107324,5.583572361436314,7.4159979820251465,-0.8442342901367605,28.34872346411469,1.7277048233625607,4.283273696899414,-0.3639909119165239,0.04240080606134768,0.006203791664306303,0.010449999943375587,-0.00015092421354365865,0.21535238399300524,3.387765558013001,0.0,-0.27928284076081605,2.0,0.0,0.0,0.0,2791.2008066485005,8.139544546745476,13.763916015625,0.4183556821167258,3276.3233023202547,76.62674410669776,202.490478515625,15.771400669642844,142.055931323959,168.6284340326519,382.06122398376465,-14.871695702817249,3.0,0.0,0.0,0.0,9.999621538705723,0.007821054588636798,0.0201416015625,0.0002301753068181256,43.35196179775281,8.227115235393951,3.5666158539050863,11.5888,10.61734
2024-08-21_07,9,7,598.0,0.12300000339746475,0.0,0.0,0.0,132.492573165766,27.72905565064988,69.27701568603516,0.5751563617616853,0.3008024081088346,0.06569809874086943,0.1599999964237213,0.01036789171696706,4.21296556599361,0.10976707302547235,0.2800002098083496,-0.035050144562355,71.38152109280936,121.5192307017456,299.989990234375,-2.6224246770050144,440.2303662034669,254.61001136877323,600.0,5.8750665151953285,2.1116415717776347,0.036340692539466576,0.10000014305114746,0.010568589271111595,1371.0155428443534,0.03622602601404995,0.0999755859375,-0.004179581351991146,55.02136413104874,0.21514426894259095,0.5999984741210938,0.44147087658528505,10.192845052478704,0.02577365010986071,0.0,-0.00033444624680711854,59.90772397045466,0.07483751458171156,0.20000076293945312,0.08227527580133653,1.3605243398847489,0.01744847970362032,0.04516732692718506,-0.03829409705356612,14.987021383096128,0.001621165542508084,0.0042724609375,0.000895224287360108,4.022178339344409,7.945171780989364,16.41895866394043,-1.3029566385275548,87.91789045050088,7.298376205164348,4.641868591308594,4.196657343452998,44.05844252869183,20.592570591747254,50.26398277282715,0.23937625629846337,571.5335721571045,181.43981141304985,486.3658447265625,2.1935426080506204,3.4701718637730337,5.465750657083266,8.194219589233398,0.25017014532085247,28.36223239509687,1.699971415030433,4.275644302368164,-0.30464927966778177,0.04236603105787608,0.006221966131676187,0.010400000959634781,-0.00014147153093065773,0.05213961255307263,1.6468288656220256,0.0,-0.0005103401515794831,2.0,0.0,0.0,0.0,2791.3743059419144,5.333154965795491,13.931640625,-0.2582338262959638,3278.6408206553256,76.36443371313229,201.8798828125,15.308765220003806,144.66808316094625,168.6188251796555,381.725528717041,-13.917716533444008,3.0,0.0,0.0,0.0,10.000083771887052,0.008048278881943805,0.0201416015625,-0.00035716060013335493,43.514860674157305,8.204094809467666,3.5700004259156257,11.484900000000003,10.59742
2024-08-21_08,9,8,598.0,0.12300000339746475,0.0,0.0,0.0,132.51971424387196,27.812005140488782,69.58219909667969,0.47972281401771966,0.32069876479481285,0.048466416630123084,0.12000000476837158,-0.004682275102190325,4.258228024843344,0.09565871219080059,0.25,0.016153838722202885,71.52812426373804,121.63829851022636,299.989990234375,-3.199581903514499,439.9951407274886,254.90318936949646,600.0,7.40344464061252,2.104543595200835,0.034548052689793586,0.09000015258789062,0.016772619059253646,1371.0146403566168,0.03534597840244581,0.0999755859375,-0.005851413892514756,55.02193240870683,0.22246082549044863,0.5999984741210938,0.4563539498625815,10.199999809265137,0.0,0.0,0.0,59.911000476557845,0.07186690467220445,0.20000076293945312,0.09832840858893377,1.3492756502479264,0.015989673334609107,0.04150521755218506,-0.03317841817702738,14.987064844308112,0.0016467803145026364,0.0042724609375,0.0010156806894769943,4.074093473033337,7.734190465590887,16.632587432861328,-1.0624830459671277,88.10434727428031,7.439057059792875,5.041664123535156,6.041726054953898,44.06690626421807,20.602650189547695,50.26398277282715,0.2079137081286575,571.5388760479028,182.39131504009822,489.7991943359375,1.0768501511385011,3.3956050747293705,5.505195048673488,7.4159979820251465,-0.5762792779724535,28.351116776027954,1.715257714986235,4.300058364868164,-0.4347714484734695,0.04239475054760435,0.006272734097450404,0.010400000959634781,-4.983277225175525e-05,0.15652087539065765,2.850333621410379,0.0,-0.174026954931559,2.0,0.0,0.0,0.0,2791.4020285139272,5.3213889955180225,13.59619140625,-0.06483403336642368,3274.820239200675,75.63077197287322,201.42236328125,16.279681865985822,141.76594737252836,168.71752221648796,382.0612258911133,-14.760139618430259,3.0,0.0,0.0,0.0,9.999801585364207,0.007852117624019099,0.0201416015625,-8.758174934442309e-05,43.43098426966292,8.196597946231845,3.559863164675467,11.4692,10.607080000000003
2024-08-21_10,9,10,598.0099999904633,0.12300000339746475,0.0,0.0,0.0,132.6385843741858,27.86229154740994,69.88739013671875,1.143678626886583,0.31440655438933773,0.05369814742706645,0.12999999523162842,-0.02667224065814927,4.075493167930126,0.09993450401665036,0.2499997615814209,0.045300987253221514,71.50248726706208,121.61090075554502,299.989990234375,-3.480568616999861,439.9589083451405,254.81017866694,600.0,8.23165609685077,2.1118421698844143,0.03402145151520922,0.08000016212463379,0.019899700796324638,1371.0169132886942,0.03748141690064411,0.0999755859375,-0.010198178498740162,55.024974886767644,0.22985467917189642,0.5999984741210938,0.44581875753243594,10.201504328545022,0.012173287298571676,0.0,0.002508370772652313,59.91421001565691,0.07218720045544752,0.20000076293945312,0.07441564706655868,1.3834755637900003,0.018053266165155974,0.04760885238647461,-0.03789194072768054,14.987088315345817,0.0016236741364488788,0.0042724609375,0.0010054725468364722,3.972028394002095,7.23668585376731,16.357921600341797,-1.7598666921507151,87.76192977045021,7.527551833331702,5.5116424560546875,6.223974404127702,44.06309528918379,20.597918371275767,50.21820640563965,0.2762740878357093,570.8452528606326,182.5235255201627,488.7005310058594,-6.893190058577488,3.342863464709938,5.487349330706832,7.782219886779785,-0.9601082108964687,28.350320908505953,1.7239124982562082,4.339733123779297,-0.4671373973323334,0.04238515514201621,0.006260817999570888,0.010400000959634781,-4.548494420621857e-05,0.17912150784425215,3.0948534242286976,0.0,-0.007655146927339179,2.0,0.0,0.0,0.0,2791.32958021199,5.389473432841014,13.763916015625,-0.003085235289290722,3275.47259747994,75.22709978875602,199.896240234375,16.463669180471243,144.38231531523894,169.4442899800989,381.87811851501465,-14.668073861495316,3.0,0.0,0.0,0.0,9.999733568393678,0.007736952925264542,0.0201416015625,-0.00040081113477086205,43.34042359550562,8.161047972889406,3.5370327612826937,11.537100000000002,10.590099999999993
2024-08-22_01,10,1,602.0,0.12300000339746475,0.0,0.0,0.0,133.379062603178,28.25660621832388,70.19256591796875,0.5368621420622617,0.5484191314553906,6.162183416733577,0.14999999105930328,-1.3273089714998076,4.225310534426874,0.1201280558502102,0.28999996185302734,-0.09800663422112432,72.29125203039932,122.18557010669981,299.989990234375,-2.408920232336527,438.5467371287357,255.7824918476732,600.0,5.053688175258458,2.107439365944408,0.035288667519896,0.09000015258789062,-0.023255836924048978,1371.0094629830596,0.029266349750296045,0.0,0.0016607240190751327,54.72650324740073,0.1864430413674788,0.40000152587890625,0.37707636760318763,10.179840509141652,0.04011883716704301,0.09999942779541016,0.042856897626604606,59.38000731910039,0.10340696123146453,0.2999992370605469,0.1588047952747047,1.5505940821906412,0.029726261979029174,0.07812738418579102,-0.0714680629711213,14.98709683875949,0.001834233025549156,0.0042724609375,0.0014855077496402913,4.764049803050639,12.564224042132311,35.64561939239502,1.9774169098103167,88.04184857954102,5.2957313615815345,5.5665740966796875,7.523050669419803,44.06046700770575,20.687434611376347,50.675981521606445,0.28683355401124544,564.0410828832692,183.62968296446053,490.00518798828125,10.533940616240216,3.6568847051498423,10.262520649530506,6.683553695678711,-1.969584475831435,28.081636413629962,2.1729995116511485,4.651020050048828,-0.6017621030839173,0.04235725647085373,0.00616997091650863,0.01029999926686287,0.00013156161887998424,0.18249278098631838,3.167272999898865,0.0,-0.3751444705696993,1.9983394221188975,0.04071634023587357,0.0,0.008305647840531671,2791.208859101913,13.280743980841661,14.099609375,1.7262141332280407,3276.8706289827924,78.3823492223209,201.727294921875,21.775104307257152,144.21451371787435,167.94591300772234,379.98596572875977,-16.18413819981572,3.0,0.0,0.0,0.0,9.998042307118569,0.006895342263859326,0.01611328125,-0.0006724861373150759,44.3370988764045,8.470729047886776,3.755675513513877,12.012899999999997,11.036499999999997
2024-08-22_02,10,2,595.0,0.12300000339746475,0.0,0.0,0.0,133.108078678449,28.004186056855254,69.58220672607422,1.2987038171592076,0.2776545706763363,0.06359901793143344,0.1600000113248825,-0.06932773251994317,4.064519514319717,0.12312205405512704,0.3099997043609619,0.11391594990962739,71.7603897980104,121.81391147319589,299.9800109863281,-3.873058887110915,439.7511141408355,255.04887473333318,600.0,8.109932452690714,2.0941195897758007,0.0417055004229026,0.1100001335144043,-0.012319355652111952,1371.0136055484895,0.03427990274982001,0.0999755859375,-0.007561178768355603,54.727487087249756,0.20184924991865463,0.5999984741210938,0.44840262276785836,10.175201612134133,0.05544849702900249,0.09999942779541016,-0.0025209458936163998,59.40625072807394,0.08186278734741229,0.20000076293945312,0.09663905937130579,1.4438790905699934,0.016223253074031684,0.04394674301147461,-0.03016151820912083,14.987212714969472,0.0014926607981986613,0.0030517578125,0.00044626508440259727,4.748930302037988,15.579779581170444,42.48176670074463,-0.6721252874166028,88.91417806101362,7.547024564849475,3.9796142578125,6.3371862983252925,44.17724987640176,20.6101149101868,51.13376426696777,-0.03769945417131737,567.6547525159774,182.81345856012985,490.2455139160156,0.47708909491529994,3.2714488588809285,5.643184556960035,5.859553813934326,-0.689820884681549,28.103241184706327,1.8427476209427789,4.5365753173828125,-0.37161280848398803,0.04241297004609219,0.006156122096917223,0.01029999926686287,-0.0002347901463508606,0.1058815897151988,2.356664426011934,0.0,-0.0017952029444590345,2.0,0.0,0.0,0.0,2791.4999122209447,8.102033522247629,13.931640625,0.7816968388915484,3279.0620680778256,76.46621275382333,201.3458251953125,16.033505941439216,142.31201587953876,168.05708746849683,378.00226402282715,-16.469634596239615,3.0,0.0,0.0,0.0,9.999235096798149,0.008362279528416425,0.0201416015625,-0.0002945875921156471,44.01008764044944,8.386034853285441,3.690701288489557,11.8371,10.87366
2024-08-22_03,10,3,598.0,0.12300000339746475,0.0,0.0,0.0,132.99539906633456,27.880088551327017,69.58220672607422,1.2452367859141873,0.2519190910716632,0.06977152540372765,0.17000001668930054,0.018561872818747077,4.131293894972781,0.12335400280678002,0.32000017166137695,-0.01759196085276038,71.32463719614101,121.4897877568412,299.9800109863281,-3.4413211055903616,440.31798909627963,254.51987661281916,600.0,7.794297170080881,2.1101905508050947,0.03695263984411844,0.10000014305114746,0.0019230675139154663,1371.0145735056733,0.03527899801921538,0.0999755859375,-0.015046492866758854,54.714778140012896,0.19066045905414286,0.5,0.38963215167706267,10.157706503962164,0.049402253556122426,0.09999942779541016,0.03143794719989579,59.41166908547297,0.07843913937704929,0.20000076293945312,0.08796017624462849,1.4108730431824215,0.014914254158646232,0.03906369209289551,-0.026201012939912394,14.98713098166978,0.0015407639655066667,0.003662109375,0.0006706515283489978,4.777866018531873,14.681825481616778,40.62013626098633,0.8825360652196368,88.76731103114642,7.2936618481998075,3.994873046875,5.680443900883404,44.123428298812456,20.570569976853527,50.76754379272461,0.24542384323068944,567.606579779622,182.8909253729127,488.4945373535156,5.3634617527991395,3.2535577899512043,5.4255188796554235,6.317331314086914,-0.19344547063884754,28.161235753846622,1.7924932248814378,4.4892730712890625,-0.3009849312313442,0.04239113964962445,0.006194740540963687,0.010399997234344482,-0.0001520067328792743,0.10575872693560825,2.3599098444675977,0.0,0.004593086880585018,2.0,0.0,0.0,0.0,2791.529305690509,5.252171265190548,12.5888671875,0.24223077576289143,3277.4383420443623,76.47442986847445,202.337646484375,14.2153418295361,141.21657320250242,168.1324020203736,379.7113094329834,-15.943063461660955,3.0,0.0,0.0,0.0,9.999280359146388,0.008016436743588552,0.024169921875,-0.000609713653258126,44.15319438202248,8.328987538050228,3.677514057729746,11.691300000000004,10.85808
2024-08-22_04,10,4,598.0,0.12300000339746475,0.0,0.0,0.0,132.9525444741155,27.887626166466056,69.58220672607422,0.8221625803306267,0.23692410626326943,0.07779926449818951,0.20000001788139343,-0.04060200715506057,4.142738220963499,0.12019217936412221,0.309999942779541,-0.07719062443162272,71.329398256725,121.53876055725256,299.9800109863281,-2.6521735726092572,440.24606000934705,254.60848336217376,600.0,6.350835872334358,2.1114443222123698,0.04109815582041792,0.1100001335144043,-0.014866241244567924,1371.0143395273712,0.03504255421300559,0.0999755859375,-0.00033436650801377255,54.71835534654705,0.19876115051633614,0.5,0.4080260924272352,10.180407811709767,0.03969058045300451,0.09999942779541016,-0.050668606391319315,59.41307317975451,0.08454415231368623,0.20000076293945312,0.10050214174200534,1.3876908112831716,0.015005557611740035,0.03906369209289551,-0.028664942967851825,14.987162601186535,0.0016159722977385042,0.0042724609375,0.0009350074972189759,4.346627536086245,13.857240461436234,38.72798824310303,-1.332709663289048,88.55998815178114,7.269836995718945,4.043701171875,5.535832865182371,44.135473439463084,20.588621367647033,50.675981521606445,0.24090725442637506,567.8404045857461,184.53798818054076,490.69183349609375,-4.8264167300834515,3.3089318878996017,5.590422575806976,6.2715535163879395,-0.4660451957476277,28.238984951324106,1.762156495179988,4.42823600769043,-0.3031692313510064,0.04240946129240925,0.006234904232495225,0.010399997234344482,-0.00015468252853904907,0.10728924316691937,2.393883826465059,0.0,0.09262725421816209,2.0,0.0,0.0,0.0,2791.4791345063836,5.210442550597713,12.421142578125,-0.4148569776862132,3278.0671309174922,77.06672217382894,203.863525390625,17.708648375444227,141.79561897872165,168.445728030217,381.84760093688965,-13.314644233040184,3.0,0.0,0.0,0.0,9.999693838978484,0.007866353328511448,0.0201416015625,-0.0016335659601214303,43.86219509404494,8.061965912646315,3.536155217020328,11.32664835,10.50548
