experiment_key,lot_number,wafer_number,main_active_duration,mean__EpdIntensity,std__EpdIntensity,late_minus_early__EpdIntensity,mean__ForeLinePressure,std__ForeLinePressure,late_minus_early__ForeLinePressure,mean__Gas1Flow,std__Gas1Flow,late_minus_early__Gas1Flow,mean__Gas2Flow,std__Gas2Flow,late_minus_early__Gas2Flow,mean__Gas4Flow,std__Gas4Flow,late_minus_early__Gas4Flow,mean__Gas5Flow,std__Gas5Flow,late_minus_early__Gas5Flow,mean__Gas7Flow,std__Gas7Flow,late_minus_early__Gas7Flow,mean__Heater1Temp,std__Heater1Temp,late_minus_early__Heater1Temp,mean__Heater2Temp,std__Heater2Temp,late_minus_early__Heater2Temp,mean__Heater3Temp,std__Heater3Temp,late_minus_early__Heater3Temp,mean__Heater4Temp,std__Heater4Temp,late_minus_early__Heater4Temp,mean__HeliumBPFlow,std__HeliumBPFlow,late_minus_early__HeliumBPFlow,mean__HeliumBPPressure,std__HeliumBPPressure,late_minus_early__HeliumBPPressure,mean__PlatenDcBias,std__PlatenDcBias,late_minus_early__PlatenDcBias,mean__PlatenRFLoadCapacitor,std__PlatenRFLoadCapacitor,late_minus_early__PlatenRFLoadCapacitor,mean__PlatenRFLoadPower,std__PlatenRFLoadPower,late_minus_early__PlatenRFLoadPower,mean__PlatenRFPeakToPeak,std__PlatenRFPeakToPeak,late_minus_early__PlatenRFPeakToPeak,mean__PlatenRFReflectedPower,std__PlatenRFReflectedPower,late_minus_early__PlatenRFReflectedPower,mean__PlatenRFTuningCapacitor,std__PlatenRFTuningCapacitor,late_minus_early__PlatenRFTuningCapacitor,mean__Pressure,std__Pressure,late_minus_early__Pressure,mean__SourceRF2PeakToPeak,std__SourceRF2PeakToPeak,late_minus_early__SourceRF2PeakToPeak,mean__SourceRF2TuningCapacitor,std__SourceRF2TuningCapacitor,late_minus_early__SourceRF2TuningCapacitor,mean__SourceRFLoadPower,std__SourceRFLoadPower,late_minus_early__SourceRFLoadPower,mean__SourceRFPeakToPeak,std__SourceRFPeakToPeak,late_minus_early__SourceRFPeakToPeak,mean__SourceRFReflectedPower,std__SourceRFReflectedPower,late_minus_early__SourceRFReflectedPower,mean__SourceRFTuningCapacitor,std__SourceRFTuningCapacitor,late_minus_early__SourceRFTuningCapacitor,mean__moriInnerCurrent,std__moriInnerCurrent,late_minus_early__moriInnerCurrent
2024-07-02_01,1,1,597.7999999523163,0.12300000339746475,0.0,0.0,133.4037536499891,28.17998856772991,1.1125473705023694,0.22396655556150902,0.08105936745182521,-0.04528428134461707,4.1647859536684475,0.11323047106822545,-0.06384615276170802,71.4211568840197,121.55537113810311,-3.788645151890435,440.6698412488536,254.22010161673253,8.316622646756002,2.0023946438744713,0.03638262083828628,0.035986589348834475,1371.013408096977,0.03406912512863522,-0.0071888799252519675,54.43598669938818,0.1205443442902723,0.13160668567670086,10.162575279350664,0.049485956141187316,-0.07157149681678199,60.00642115104956,0.08565391452840466,0.10468190170849567,1.7187734702757769,0.07854354358593119,0.16182159101683946,14.986849260489677,0.0016836146074234576,0.0015771381033697907,2.288010418933371,11.351338907285351,0.7050388090586581,88.5444742271334,7.379436285428529,8.203380451553244,44.180594835951176,20.598961372133466,0.5615049923542728,563.8176075300644,183.27066499731248,3.372128234659158,3.3795013448728066,6.2089800415657574,-1.0807533011862067,27.959007810509725,1.875932718786543,-0.37594930144855354,0.04238973206912096,0.006190728975178627,-0.00017441494894964577,0.2002585790627776,3.3008836159013457,-0.6453286748267336,2.0,0.0,0.0,2791.768392852477,5.351987639535612,-0.3637540172971967,3276.3486748634773,72.57894646807064,20.922019932979765,143.30789979851764,165.33584806330558,-22.12255145235605,3.0,0.0,0.0,9.998393408670074,0.007378850232131738,0.0024419197669391934
2024-07-02_02,1,2,595.0,0.12300000339746475,0.0,0.0,132.95497325094797,27.977804513524212,0.9694113627201375,0.23238911334067203,0.08513215877548455,0.012268907464101558,3.9642305354117067,0.13502021157964625,0.11875631308355272,71.79514420508302,121.76101586477468,-4.932302263613892,439.6682042490731,254.94573087651435,9.77742863502823,2.040131011837593,0.037735116377895665,-0.005428565650427153,1371.0139414879584,0.034632980538557984,0.006048943014548058,54.44788270227371,0.15705413941466137,0.23075607684479849,10.15819897318399,0.04932291346221851,0.06453744583770948,60.00873631303028,0.07059792330262832,0.08537750885265893,1.7036047310678548,0.06144871519174123,-0.15947998651937256,14.987271370746756,0.0015415623754658453,0.0005601305921523192,3.8966681037538793,14.788007470156371,-1.3976964277379658,89.36407374342282,7.560866251357232,6.178977592852931,44.19310900408735,20.603790888182154,0.07109012764041012,568.3066696351574,182.74992630494117,-3.469338912322769,3.2039666435085437,5.780611346711518,-0.9506387680268089,28.04364501532688,1.859518013809966,-0.3823892128567721,0.04240299024123458,0.006177381641183232,-0.0002233613658101652,0.086038403613593,2.0980279065623284,0.003590412300173984,2.0,0.0,0.0,2791.5008119972804,8.061979705709561,0.28039858521560745,3271.772803768035,72.09582164256584,15.504943539915985,139.75378328946329,164.77565389322191,-18.307054199090544,3.0,0.0,0.0,9.999289901025834,0.007286735935743475,0.001164481219122493
2024-07-02_03,1,3,598.0,0.12300000339746475,0.0,0.0,132.9272400222467,27.882927008134367,0.8226725504948433,0.20601136784966934,0.09436003793924447,-0.01891304414881312,3.9719358393676463,0.11923541413876743,-0.02178930997051154,71.36173499907846,121.53581691343179,-2.1681436752607794,440.54787560204363,254.26124783010724,5.3997327133166095,2.0447408511303053,0.041738257408222915,-0.006070236497897952,1371.013503890578,0.03417168875293797,0.0035108483357362275,54.43229673124802,0.1699212779428596,0.28194026883230805,10.155867664601164,0.04965423467479602,0.03946465712327196,60.01270448511877,0.07431138027464598,0.07474853362526801,1.7094197743555168,0.06900692354137818,-0.17640310924587443,14.987339541729538,0.0015435987653171252,0.0006298061995995141,3.1830570704958503,14.089837756802186,-1.050796170697164,89.07887330193935,7.335179323819258,5.5548023802779625,44.136254032891316,20.583903832667076,0.10380378136267865,567.5936085947458,181.89792148132062,1.7454875831222125,3.133075487339419,5.402700322006545,-0.19796203914095356,28.128716310343588,1.7988387866858282,-0.2854450825464774,0.04239822770940624,0.0062078332608309205,-5.602019910629086e-05,0.08928015813186631,2.181863787146304,-0.17734417867501046,2.0,0.0,0.0,2791.568589965861,5.566117027628675,0.23241166845218686,3276.688388652285,73.02686811530046,13.64835666414092,143.00871682493872,165.05038380331348,-15.346523393356676,3.0,0.0,0.0,9.999791487129745,0.008051403989367174,0.0005793172778894018
2024-07-02_04,1,4,598.0,0.12300000339746475,0.0,0.0,132.65593026625754,27.851234238843627,0.7655143897270023,0.2517586097268208,0.09106184776311503,0.025501672234573114,3.989662346175107,0.12670074670621947,-0.06095318690590279,71.42783663812457,121.5506032690063,-1.5451336743895752,440.427063299716,254.48387250139578,4.2035114059480065,2.052524192402571,0.03786351944886787,-0.006889624340478573,1371.0128688066152,0.03348074518239492,-0.0018390157949852437,54.44463382824254,0.1796303250982868,0.3294302260995323,10.199999809265137,0.0,0.0,60.01136709383522,0.08365839954468081,0.09381231097473375,1.6545640052022523,0.023466583769335733,-0.05441276883600543,14.987219953010888,0.00157499003101938,0.000851297856971911,3.920327531259142,12.959469382651633,-0.31294234700027523,88.85464947951434,7.305314081138468,5.662836971888979,44.142054672904415,20.605702623611286,0.1940580387179267,570.4479229364935,179.57894886022535,5.971586935496248,3.210228852633747,5.468010902791549,-0.5158036350207187,28.199088439380233,1.766188053251965,-0.3024445983478472,0.04237820087383719,0.00622676533081007,-0.00011973275513353643,0.05336402579319991,1.6852508083732811,0.08446176076015102,2.0,0.0,0.0,2791.315886461468,5.341448855522606,0.18077102712186388,3272.3520750239,72.97672060641978,14.10741126019002,140.53114641840662,165.06857444030322,-13.146945439852203,3.0,0.0,0.0,9.999157135241887,0.007036227722476842,0.001532537083962282
2024-07-02_05,1,5,594.7999999523163,0.12300000339746475,0.0,0.0,132.60800120826528,27.976698538592924,1.6623610712900927,0.28564033702516756,0.08686617798970721,-0.06584874023096401,4.063257161549159,0.10546945970578689,-0.060924367343678565,71.7954080655,121.77183449470296,-5.24618491957105,439.48836501562295,255.11461343868143,10.657563015593212,2.056416758929982,0.03691552159785409,-0.005815117699758954,1371.0153575942095,0.036048977513731595,-0.0005040785845267237,54.42877329850397,0.22079867524602909,0.41445442648495145,10.197142687885702,0.019624237398144617,-0.002520993978036401,60.01556265951205,0.07758789540127882,0.12285611449169664,1.643617159058066,0.07639704461080654,-0.20190430528977332,14.987269602543165,0.0015361291606298616,0.0004667762948677989,3.0294878086122146,12.495312059487857,-0.3740184287063215,88.74784603961376,7.48559327484831,5.83212804188247,44.20676359994071,20.605669838009558,0.04493157523018709,569.4657003399504,182.66550946110172,0.5830331754283407,3.404511563514962,6.041764176148966,-0.7741442940190058,28.26454676075142,1.7631787411270674,-0.3586360931396477,0.04240278946126209,0.00622461242211563,-0.00020756324549683208,0.08719573974609375,2.126061462337276,-0.08642636467428769,2.0,0.0,0.0,2791.5145072872897,7.989670596258705,0.11086897649693128,3272.3972904083507,73.68470136853286,16.02067850577714,142.49281007269852,165.72329738743636,-17.404270207381046,3.0,0.0,0.0,9.999791136990074,0.0077607863916735725,-0.0014725372570900674
2024-07-02_06,1,6,598.0,0.12300000339746475,0.0,0.0,132.84530616627615,27.944746003693417,1.3044366134847678,0.25695754008928756,0.08290672617947199,-0.008160534769570738,3.8808926917445654,0.12227987144083784,0.10556858279633285,71.31304886518653,121.50506105283384,-3.2998160727596257,440.6143482319689,254.31395652149402,7.244783092501962,2.0640621361466245,0.037717123642323325,-0.008979919363424127,1371.0139718471821,0.03466455098490173,-0.005015497622252951,54.42754902866763,0.2399366784047281,0.4598675029333634,10.166466070791824,0.04826120836496585,0.048494705787073045,60.01019700208821,0.07431544711329705,0.07207307847447453,1.6681819325583869,0.035833248061401236,-0.0912758614307263,14.987219136122356,0.0015776968707144191,0.0009350011181279427,3.711258900360852,11.502428898321137,-0.7106015578560205,88.80336089087983,7.288538582291001,5.888520869124292,44.120780511828656,20.579745787161773,0.36767663604837963,572.3280027307263,181.89723475501674,9.300427720698167,3.311947014172842,5.446984791149034,-0.4341232496248342,28.279571204152006,1.7215778628305896,-0.3385921912049774,0.042394349169682315,0.006251009488537453,-0.00023428110848103256,0.17850930058649256,3.085090929937348,-0.1827027757829647,2.0,0.0,0.0,2791.3277838887757,5.630571919742833,-0.5349945782818395,3272.7160835533946,73.3605267514583,16.836722995923992,144.57788462305658,165.846836549217,-14.843427664460137,3.0,0.0,0.0,9.999217738359121,0.006981786758592937,0.0013876902219838172
2024-07-02_07,1,7,598.0,0.12300000339746475,0.0,0.0,132.64225769298048,27.822984745767666,0.524632814337167,0.25843864962563234,0.11096218888432437,0.08625418106623517,4.033019088415428,0.10826869684833464,-0.06516723688629611,71.47147403678548,121.57336173005193,-0.5410699440309656,440.4184302814985,254.5326796752809,1.2091308497265914,2.047843489627781,0.03975596444554609,0.022859514756345956,1371.0121668717088,0.03268573635304964,-0.002340565557233276,54.418020204412066,0.23495812082129722,0.5075255811812482,10.197993802689501,0.014020536627955783,-0.0010033387404213556,60.013807825402885,0.06526290530140025,0.07424663301295453,1.6653457836178545,0.021831261453399083,-0.04713119152796308,14.987197498779398,0.001627069760000852,0.0009656414937815327,3.3317416987264488,10.326596988000267,-1.6489181486659223,88.74500127828708,7.386439664475362,5.968042362493819,44.12125497612018,20.606083348415023,-0.025032250777535126,571.3047296746604,181.48797982074888,-0.2391848611990781,3.369525065209028,5.493507463742054,-0.14705533302547913,28.29918736018133,1.7075619583287904,-0.3265123303518678,0.042388598584398425,0.006263987156675829,1.7223945105553085e-05,0.12499222393539669,2.581709900353622,-0.3603021309128573,2.0,0.0,0.0,2791.3695921749622,5.568758425323862,-0.3182973191887868,3270.7841142241828,72.37783316446632,16.182973191889232,142.2391830981276,165.39775739042804,-11.233976067507939,3.0,0.0,0.0,9.999739630650375,0.007270513200176301,-0.0019636377443035258
2024-07-02_08,1,8,594.8000001907349,0.12300000339746475,0.0,0.0,132.46766737929914,28.00338292063987,1.1991979038014051,0.24438991660706136,0.08134885584836624,-0.01754621872756662,4.0866924580005035,0.09696579545959899,0.0359999897099339,71.87028526695399,121.78248698023485,-5.671613526914044,439.42507427167493,255.1808677903375,12.012184270089449,2.0168235124459786,0.03094303492619701,-0.0029915935852948827,1371.0155256204043,0.03620964109228901,0.003696576286756681,54.422722466733276,0.24637499559992107,0.4623536246163482,10.173109211641199,0.045461860493587865,-0.01596629519422521,60.01136103910559,0.07350907347113066,0.0747894351221916,1.6550453400010823,0.03055281938443646,-0.07668506478061188,14.987321919673631,0.0015492346084518198,0.000812508078182006,3.701018113849544,10.11094366536472,-1.7035483640782974,88.68280306636787,7.478640259608303,6.261967423933896,44.18477486233751,20.600312477758884,0.10340368126620803,571.8414277610458,180.3601583513037,-3.894726459919866,3.3440233655787317,5.57508254174853,-0.9321737775469527,28.31664777739709,1.7284909449534767,-0.4063475248192532,0.042407058271415096,0.006276445938956574,-0.00023663882948771198,0.1255618670808167,2.5870287014257265,0.09232489962537749,2.0,0.0,0.0,2791.359855567227,6.90629836375031,0.3904317391015866,3269.1100623686975,72.44653999412125,18.040792821034756,142.4364201919171,166.37253261536,-17.648828836649415,3.0,0.0,0.0,9.999032868778004,0.006778948968979795,-0.0005314706754298015
2024-07-02_09,1,9,598.0,0.12300000339746475,0.0,0.0,132.88030397178576,27.949019000633797,0.7991972479931917,0.20394516902480964,0.08266832059880441,-0.01018394706116671,4.067820151328084,0.10252801406320214,-0.037993326234976976,71.40557627205213,121.47885326967122,0.6411369007274033,440.4692996680159,254.32181131908283,-0.31854504645866655,2.077435587210545,0.04071424382119344,-0.043662192430783175,1371.0129356575585,0.03355471214949562,-0.005015497622480325,54.424907769777434,0.25314780706457085,0.5162214961737703,10.119726112796805,0.042238131451422564,-0.02692292286799436,60.01771944097674,0.08024652848736903,0.10551764574338307,1.624618520508718,0.024327184561550565,-0.05703184596670918,14.987292196949124,0.001581519131630743,0.0008053715811122686,3.138447605300133,9.41722335225789,-2.1721217592424376,88.61463889100008,7.328179073087581,5.866188219957124,44.139146691299686,20.593552978091164,-0.12699918523679798,571.6339896510414,180.6462781328749,2.4259548888956033,3.2868006225340305,5.140420147841286,-0.38428825923057897,28.31488431970717,1.6917512065389413,-0.3375764897834479,0.042401102812109445,0.006285921005800108,-0.00014331128236442364,0.06917937038655028,1.8910098401792033,-0.2574680290094586,2.0,0.0,0.0,2791.2939427821225,5.0416963851808365,0.15971981801294532,3272.0192909457537,72.16961888980822,15.386583207044168,144.53916249710434,165.84348209492234,-10.747823112385703,3.0,0.0,0.0,9.999853422712699,0.00791364128780681,-0.0006904793423547773
2024-07-02_10,1,10,598.0,0.12300000339746475,0.0,0.0,132.6247076980249,27.847863669086973,0.7920526612961112,0.2666733542501438,0.09413385994426862,0.022424749456919135,4.042571069643435,0.1126610680151151,-0.09287624494686586,71.3203874135758,121.51814356885681,-2.236906152199893,440.46612035897374,254.3928580201195,5.378228044430159,2.0698996487368473,0.0388998154497342,-0.03760868729556277,1371.0155428443534,0.03622602601404995,0.012538744055746065,54.40839170445092,0.2413185608344099,0.5337801330464345,10.130591981748163,0.04607924169942341,0.0006688924936142371,60.00434615053249,0.07539756266246662,0.08327719519369481,1.6483725525790016,0.019819690542532308,-0.04087438950171829,14.987240356412153,0.0016307275528234227,0.0008931654352810625,3.2360435646539227,8.892948960371779,-1.9001599777502363,88.50542219742928,7.272006704017093,5.606224334359567,44.10290406564134,20.58299829006405,0.2075308158644873,569.5614554744147,183.0241079409873,1.7784439137947174,3.3284306833872384,5.243868126400306,-0.34930426130276837,28.315710801099385,1.6924906126803283,-0.3433893930951868,0.04240872569641255,0.006295756692778119,-8.729111129125028e-05,0.08948422721778618,2.187417980835635,0.004082746729005549,2.0,0.0,0.0,2791.3055586028922,5.171522918569925,0.26074953621446184,3270.749266680249,71.72123373754947,15.035472652983572,143.9857786147342,166.30338459150678,-13.956502617800936,3.0,0.0,0.0,9.999732902001394,0.007785220304687677,-0.0008825219195820466
2024-07-05_01,2,1,597.7999999523163,0.12300000339746475,0.0,0.0,133.39946660644634,28.26809593361897,0.8614585997667632,0.206110367834269,0.12931186976781436,-0.12573578534803562,4.085344502200251,0.11187305135441522,0.09632105532298496,71.40704006395337,121.57749742029156,-2.9301169159227243,440.7270619944984,254.37039161332163,6.90003409433524,1.8772575262796918,0.04499687796200262,-0.046354514499970634,1371.0146786897078,0.035384271545417775,-0.0031764818274950812,54.08247451016735,0.23350005324709716,0.3794316575678707,10.126020299471342,0.04387414704167168,0.013879519242506078,60.04819333768609,0.07655836428625193,0.07541729853703316,1.5574026162807757,0.08326804001658665,0.18899224354670596,14.986953782875801,0.0017932462772629059,0.0014750582717333316,2.6850980806510187,10.552390401477506,0.6370611414064133,87.8837434478428,7.342082124420694,8.21170931436545,44.121144897563006,20.623984722782527,0.449510000222503,561.5802917429436,180.53956172563528,1.8670904102133363,3.385395799627073,6.220364993568472,-0.8821788624514606,27.948446798165108,1.877118150488467,-0.38682973344987914,0.042398059842827726,0.0062170360405261185,-0.00011872904169619308,0.10931546265464961,2.4419997872801207,-0.1883165493458011,2.0,0.0,0.0,2791.861070919994,5.528260843061778,-0.8937090105036987,3281.8412939779732,73.60088498177095,21.669163324362216,143.61754513679938,166.18353778339528,-22.169145708498775,3.0,0.0,0.0,9.99714045955186,0.006597180741553672,0.0017884838142521176
2024-07-05_02,2,2,598.0,0.12300000339746475,0.0,0.0,133.02009131285865,28.053537102685887,1.1166302607609566,0.21187897065211622,0.1085287164280698,-0.047458194208683385,4.069037132620293,0.12118055014147926,-0.05535115765090026,71.63810427514547,121.72921807111662,-2.6216556470542116,440.11002533366474,254.81033731384574,6.413612127702777,2.010605131810583,0.04669840397911346,0.0792307193861359,1371.0113312349156,0.03169305863081998,0.00016718325400688627,54.048545468814076,0.2275646371615295,0.435952802166895,10.130391371844008,0.048056060856026046,-0.010367833651029557,60.0201600794408,0.07506605687498778,0.10300912506205862,1.5032762741014256,0.018031246220290682,-0.038198154108181503,14.987135870247053,0.0015783139251806524,0.0009401458561626441,3.5984597953814244,15.053897746337968,-0.24542391659025364,89.1652578336664,7.350337965462922,6.0351984764022575,44.083925593461295,20.587771550289723,0.15501673644202896,564.8697856978324,182.38598164168678,4.620759944852011,3.1912198326746903,5.650487598945982,-0.4189660645099389,28.02621452436125,1.828761962100293,-0.29725947427909105,0.042379337720714935,0.00619944593825808,-0.00015903050297976645,0.0890760915967303,2.1777401354472463,-0.09798585132611634,2.0,0.0,0.0,2791.6336343013413,5.389878891438851,0.1355707174957388,3282.6882191986115,73.55351073416037,15.028328069476174,141.5116975517107,165.67196926913425,-15.035214395427403,3.0,0.0,0.0,9.998864183773447,0.007765837703503739,0.0009700366884572986
2024-07-05_03,2,3,598.0,0.12300000339746475,0.0,0.0,132.8588769167253,27.922407759275963,1.168685654732684,0.2324506859586206,0.09803372255230716,-0.001020066218955229,4.010294241715497,0.12486293017388791,0.0011204030601481563,71.35891670437137,121.52299411149508,-2.363344344920961,440.43179727445596,254.4517894070681,5.405383933347991,2.044520187640979,0.04023534554105802,-0.00658862208044253,1371.014105549069,0.03480293117844197,0.00200619904899213,54.03881638889447,0.22698525331468053,0.4720734242212856,10.131126916834997,0.04630091275488257,0.05535085384662253,60.00715445388085,0.0792108465652589,0.11304292710727992,1.4842288871546407,0.021840138056775753,-0.051563016945701756,14.987222604550713,0.0015825209701025502,0.0009023624917734452,3.6805771403948784,14.350447300892665,-0.07267287582856774,88.84533062924991,7.284818567634859,5.6246531926668695,44.106010994995685,20.569307570519612,0.3189133577123542,566.3014539376185,182.42962774033762,5.8623863653992885,3.2330641636917004,5.660038740276474,-0.21740609734477978,28.12091474938018,1.794241280879694,-0.29512115784712023,0.04237993948089363,0.00622622401658867,-8.595345174289282e-05,0.12356374160934953,2.5523382326730224,-0.08497210729082293,2.0,0.0,0.0,2791.5132017145183,5.348974281309845,-0.14876574257959874,3281.119391622132,74.28956009132474,14.38350532046934,142.28962896660155,166.89456019613775,-16.349602807724352,3.0,0.0,0.0,9.99976589447756,0.007643404080240016,0.0013001052830929893
2024-07-05_04,2,4,595.0,0.12300000339746475,0.0,0.0,132.82791529099146,28.074063789592927,1.5238742251356143,0.2926411298034783,0.08771065423537831,0.04490756374948163,3.9721841680747207,0.11422749241697792,-0.04571429220568257,71.84629365597145,121.77024160083964,-4.720739381807306,439.57939362381734,255.010772357479,9.780404068441953,2.048864202994493,0.03911982868530552,-0.007226891878272301,1371.0136391424364,0.03431552200333293,-0.007393152573513362,54.01549087032195,0.22765482370842624,0.5347908340582279,10.188911163037822,0.03139904779770526,0.020167951824284103,60.013474179852395,0.07228356417212452,0.06151205110950997,1.5372497306395603,0.06844865112275283,-0.1803454156683273,14.98725557295225,0.0015647827859253689,0.0005026889448398464,3.649617892439647,13.269155796680884,-1.3236826536034338,88.62723226142516,7.512444872713328,5.7098589880000645,44.20104627647707,20.61408946052983,0.08778568235766215,569.8881023622329,183.9314157634175,-1.5460968017578125,3.410766462376091,5.997958836144534,-0.5526414979656202,28.219469949763308,1.7855979610604684,-0.34984471617626767,0.042395597741243136,0.006220804442643161,-0.0002418490674565843,0.17607621223695816,3.0346299478961276,0.08796511097114626,2.0,0.0,0.0,2791.40785783337,8.07079787560209,0.5317735688026914,3282.431618885327,75.06947781039133,16.30688804818783,144.93026008080412,166.76334658687088,-17.489157713561497,3.0,0.0,0.0,9.999744739904198,0.007838142405420334,-0.0018957907412229247
2024-07-05_05,2,5,598.0,0.12300000339746475,0.0,0.0,132.8219403541435,27.91129203892179,0.894120972292086,0.27180541673782915,0.08880734119909371,0.06085284327757995,3.9603042729281137,0.12849699771169404,0.012324423694291653,71.28113001414623,121.50470922982676,-1.9174247038547634,440.58625741365245,254.24156082974503,4.624247739944963,2.063838131409431,0.03786395628447345,-0.013913042170547119,1371.0121000207655,0.03260822232743273,-0.0003343665082411462,54.00127079924466,0.21581967766283144,0.4934784560697949,10.201002822118394,0.009964719422088295,0.002508370772652313,60.01745203337674,0.06725425075107651,0.08745724221934381,1.4352739758014839,0.02084158241902096,-0.04881940936563822,14.987223012038434,0.0015535584619241326,0.0009237978370695288,4.081062432955197,12.214300217318392,-1.4356968378940955,88.49830431860053,7.289889068483619,5.462573440577273,44.12148457217559,20.562615639596686,0.08948870885332383,570.2315698417682,182.1137553225437,0.5283205676636271,3.3330681481000393,5.446149653649424,-0.16573390067495852,28.24851498975279,1.7377710127958883,-0.2832556504469643,0.0423854225888395,0.006253405509719176,-0.00010752513145025067,0.1951409176973466,3.213718136639225,-0.08191004086497633,2.0,0.0,0.0,2791.446082959164,5.612568226279627,-0.1161937904998922,3277.49201151632,74.10460832562582,16.41850194006065,141.33161707476046,166.01168743242548,-12.784704125445842,3.0,0.0,0.0,9.999189455267658,0.007032612289535019,0.002027651936714392
2024-07-05_06,2,6,598.0,0.12300000339746475,0.0,0.0,132.6624603647725,27.98959973363607,0.9824103320322877,0.30862587834706834,0.08030669284385952,0.057224080536551925,3.982828510919569,0.12671672735735878,-0.06996656979206817,71.57468054825904,121.61595833116294,-2.063444543879072,440.0890623362556,254.73813564627187,5.097007000725398,2.061601424209253,0.04042330887672418,-0.010150507939699072,1371.0184508603936,0.03878403446835007,-0.007523246433493114,54.01748563357717,0.23929795058894182,0.4807689181937036,10.197492301045592,0.015635273891927707,0.0025083468510551654,60.00738858395458,0.07102078810173716,0.08979873912390701,1.469639998102459,0.0160518375052127,-0.028864995093648593,14.98719934172074,0.00156134918504639,0.0006532796649239003,3.5934805131923073,11.036017325735319,-0.9710295734596888,88.46837456893539,7.30476137917421,5.7578781998675765,44.104556999091756,20.558297727497642,0.0868093465084172,570.1715343173074,181.97092922790304,2.2836826286188625,3.2680824024995725,5.268243923119437,-0.5478786834107594,28.290327686882467,1.7181901098815329,-0.3107937331183699,0.042385756962601655,0.006276994205369295,-0.00018545144228233196,0.10912586238941434,2.436663299701276,-0.0831859040021099,2.0,0.0,0.0,2791.365608789258,5.337988827853658,0.03732861164826318,3279.755848926989,74.1537147965511,18.81532272287859,145.14721646846158,166.41817548189513,-12.641195498182611,3.0,0.0,0.0,9.999990804424177,0.007151554841099375,-0.0008016142956801531
2024-07-05_07,2,7,598.0,0.12300000339746475,0.0,0.0,132.7705150184644,28.000349122601598,0.8711553337581961,0.33441323978158194,0.07807519124411343,0.0040301007645385245,3.8922835306673296,0.11227431859927155,0.1679431802054312,71.23998658522025,121.42049465101405,-1.0892145909418787,440.3996003959857,254.45155046629543,2.5334620320278987,2.066215264043932,0.03894528441121527,0.0034448095787329436,1371.0115986386895,0.03201643764710583,0.0043467646059980325,54.01989283126479,0.2565141361179695,0.5513377109897633,10.171313924798994,0.047395088818953705,-0.017892850282597905,60.007656145877,0.0631142002187343,0.06421326474600875,1.398002416423554,0.021536954773798155,-0.05225299413387585,14.987184437809482,0.0016132224173530155,0.0009962547582933468,3.347740704540583,10.623747739209886,-0.20648475474737182,88.46131070024471,7.298047110035378,5.824227718206558,44.11643383902317,20.56260757472197,0.02334818313751441,569.0758532412831,182.95232766621055,2.7319679387836686,3.2749544139932785,5.300316277422991,-0.5726813601523042,28.302524911643907,1.7091073974351871,-0.3355096765983845,0.04235780639097528,0.0062609898936794575,-6.438137334226213e-05,0.15478628879803472,2.8188869573770003,-0.0035724001983336306,2.0,0.0,0.0,2791.2620690032336,5.082676848332756,-0.21416481043570457,3277.1399417980506,74.06935497998474,16.836976118311213,144.85821408150946,166.86634538225218,-12.332692946877387,3.0,0.0,0.0,9.999686438197955,0.007509521792650716,0.0006062434269828998
2024-07-05_08,2,8,595.0,0.12300000339746475,0.0,0.0,132.56549298571002,28.124784243566822,1.2299728553836076,0.3217405914635678,0.09736339910273557,-0.06124369560920895,3.89971440237376,0.097814960787602,0.02949580144481523,71.72874983173284,121.82900024735478,-4.775764639284304,439.87796556476945,254.79030000070372,9.663109441164181,2.0530308674500195,0.03561506468602143,0.025966370806974837,1371.0166290037093,0.0372286264188511,0.002352366728018751,54.011055090094125,0.24976199847388428,0.5436972866539236,10.188944793837045,0.03985125206434446,0.005041963913861025,60.011861267910206,0.07493492194875019,0.059327473359950034,1.4021191854550634,0.016865720538300762,-0.03480443814221568,14.987370022842962,0.0015578249071279888,0.0007191393555725512,3.774788917392813,10.722153496076878,-1.2694161455170452,88.58150266871478,7.493076037511379,6.370485037740536,44.18111081982172,20.61621869709562,0.0015387495024867803,572.352717850798,182.32850011634736,-0.72613679260769,3.3825860655345825,5.6443708359531515,-0.8404643687568294,28.317183559299796,1.7280674691937334,-0.4018133275649127,0.042391666345128046,0.006240650055378127,-0.00023294121277432633,0.21627532282183248,3.4015197524437886,-0.01230998960863644,2.0,0.0,0.0,2791.2869907502204,7.224319273527484,0.5472840894167348,3276.3040751795616,74.24683515447697,18.76939543395474,145.31344379853178,167.34660270476004,-16.199891903019733,3.0,0.0,0.0,10.000206294880119,0.006984641799708079,-0.0014691521139713615
2024-07-05_09,2,9,597.7999999523163,0.12300000339746475,0.0,0.0,132.72142484020628,28.059446604008695,0.43889492889709913,0.2986254195293356,0.07037370561729199,-0.04827759284401517,4.086759211785817,0.09765696364821945,-0.04031773474702849,71.34519047024583,121.50595421016833,-0.00036767422591310606,440.47856387565764,254.38151306573977,1.0520406056406841,2.0536788874645295,0.04090991272216481,0.02617055995009787,1371.0140433933425,0.03473873315748916,-0.0006687330162549188,54.011839317398326,0.2498029781344711,0.5033443221280365,10.200501483419668,0.007065120654965408,-0.002508370772652313,60.00805998199361,0.07382403027876773,0.09548416265277382,1.4565804832755125,0.03519660024212157,-0.08917936832211093,14.98721286652479,0.0015808012112337874,0.0008809351203442617,3.612309606418163,10.34326501821782,-0.5291745846088118,88.42823340342595,7.293172186844893,5.694350649281887,44.145028975496324,20.583217522367363,-0.059863390332481003,569.3767119851001,184.11547995303633,0.7196200061401896,3.3616954753817025,5.341512363605367,-0.5602800248433715,28.313105211927738,1.695392232782675,-0.31152870981988556,0.042400668573294796,0.006299081740804374,-0.00016889645777218992,0.15698149563078098,2.8585827920358633,-0.0048482505772823314,2.0,0.0,0.0,2791.34803454549,5.525947823938254,0.06596736844176121,3272.8170524469588,72.69894253813032,15.034965183423992,141.5711212566465,166.67760947853247,-11.061683983308399,3.0,0.0,0.0,9.999380296369061,0.007284287654790021,0.0018322667150592054
2024-07-05_10,2,10,598.0,0.12300000339746475,0.0,0.0,132.67847975549472,27.943581107184976,0.5118742690835916,0.24196589844184888,0.08866942614036624,-0.039715719633551944,4.102962234035378,0.08910367303092873,0.013110362566433942,71.4458574465523,121.49892095418208,-2.218461475627848,440.29350887186666,254.52338558220697,4.874548579538157,2.0387729494040006,0.034038303795280216,-0.0006187237226047415,1371.0141724000125,0.03487172311886386,0.00183901579475787,54.01925748457123,0.26235480177883314,0.550836320704839,10.197425434159738,0.015836938791549734,-0.00518391682551389,60.0090269281967,0.06811193261871992,0.08277491821493044,1.4333136901533432,0.018876593433612927,-0.04260955566546598,14.987164849383662,0.0016186693934732636,0.0009830005990210111,3.3435164731866496,9.921489657990167,-1.6203389359158415,88.44692996846757,7.333148079287677,6.199467911768124,44.115944049622215,20.58587077418096,0.16757103910414628,569.3304083086663,182.87892079512807,-3.60109504010768,3.2154479160884955,5.052855645598442,-0.7272387300633567,28.308951027454718,1.6940230704389971,-0.35262148037403307,0.04236693371464699,0.006244142606987538,-0.0001553512991321962,0.05346606097385581,1.687624916974092,-0.0030620600467541614,2.0,0.0,0.0,2791.4546115560224,5.6151269215945545,-0.46257503853985327,3275.336077242143,72.82551516747901,16.71781181412007,144.5801498524045,167.12918306025372,-13.348428866536324,3.0,0.0,0.0,9.999988792812255,0.0068565106701628095,-0.00155609985657712
2024-07-09_01,3,1,598.0,0.12300000339746475,0.0,0.0,134.55295557068646,28.259526509068948,0.96403762728076,0.4732163125597406,0.06981673109042218,-0.09143812474747964,4.231043135350622,0.13768387200907142,0.16971571070693425,71.60075539612501,121.6793513399098,-3.0987625411247564,440.16241219034964,254.71882582721113,6.860852287764544,1.9060815764844556,0.06380311289227468,-0.14153845613218086,1371.0117323405764,0.03217607508917979,-0.0011702827785029513,54.93346676177622,0.16346244495355453,0.31772586733202957,10.165329347442759,0.05150550152547848,0.022407853882448592,60.00056815394507,0.074248250683416,0.07274241112546775,1.3919505471571039,0.09157599696099226,0.21877790852932644,14.986810749567939,0.001729800416671524,0.0013331744981854854,3.1063781698106405,10.641306133049037,0.9065221831152668,87.89750095037105,7.007720561933427,9.085375546611672,44.08955790342116,20.600380692547322,0.3435629490625942,564.4751186696075,182.17891911106042,4.604454908083881,3.4740899905191243,6.153524573573568,-0.8732223415803357,28.026859402058715,1.8798541670738693,-0.3676664901018931,0.04237218284608926,0.006091442722708181,-9.983276518491652e-05,0.1067790723652076,2.3828244121601494,-0.09441345112778271,2.0,0.0,0.0,2791.59737782684,5.857184798262876,-0.5282443757837427,3286.123821007293,74.51802359668527,16.82856469808212,144.55888549207805,167.06689681709707,-21.51197696609242,3.0,0.0,0.0,9.998925470819604,0.007397494712211901,-0.00025599776303053545
2024-07-09_02,3,2,595.0,0.12300000339746475,0.0,0.0,134.27600672680845,28.064298795279147,1.3971835609243612,0.27746303848514176,0.08059495293790055,-0.00171428531283091,4.274690867992499,0.10744797065575395,-0.04621849781324894,71.90026874302308,121.9388578061344,-4.588301928626265,439.68108714892657,255.06170123749118,9.614336102750144,1.875359537740869,0.040032803794516875,0.04500839089145181,1371.0147813366304,0.035486404128801656,0.0020163143383342685,54.926511604298824,0.1823141892319492,0.42604945206842615,10.179536231102482,0.04393185968928893,-0.010083999954352052,60.006283407570216,0.07727763170554204,0.08991522268086527,1.4607200576493176,0.01575778813799282,-0.03035437079036929,14.987188509715502,0.0015538936118952768,0.0008679109461162682,4.09593058241311,13.608717462086625,-0.15890137968944895,89.04066069164784,7.494442580071849,6.187225187275587,44.17315815533361,20.606186881949956,-0.06224237009256228,568.2424788423764,181.8297502045892,0.5637596835609884,3.3803402521880344,6.0706761350785,-0.6688939235979268,28.100093993448443,1.8454877316720089,-0.3699920590184327,0.042390523867065745,0.0061198596175206605,-0.00020773115278292092,0.12300723086121262,2.5342476772938642,0.003846868947774418,2.0,0.0,0.0,2791.3668014362293,8.284110784938054,0.7419273568802964,3283.013580404302,74.6326907234774,13.694091386554646,142.24161617602073,166.9229535184428,-17.855790521317175,3.0,0.0,0.0,9.999275006594196,0.0076509579207574814,0.000534862229804034
2024-07-09_03,3,3,598.0,0.12300000339746475,0.0,0.0,134.13124704249364,27.897092034693785,0.35928156224380814,0.2775025083177447,0.09964672443679826,0.13939799416037804,4.080601823246228,0.10483896020375007,-0.08879597011617157,71.35354060544911,121.50297223730276,-1.5399495347069632,440.4466151826878,254.429979934043,3.948444935789098,1.95003009691401,0.03710476224169835,0.06254181873838238,1371.0128019556716,0.03340648066474724,-0.01638395889926869,54.9062181662174,0.18233930152929956,0.40334309223901954,10.152323719650875,0.049945692106945036,-0.015050081106332769,60.01029728743114,0.07199341156784915,0.06772529321370513,1.3672120873244937,0.01591978437638144,-0.03274564699185745,14.987207702871391,0.0016321784705651068,0.0008023367278955362,3.9332348907404384,12.610813244409364,-0.5700020534936403,88.68578139916984,7.269375823862806,5.63483464677995,44.13248894263254,20.603456969466958,0.09270381927490234,569.2778350870891,180.68096194255892,0.9739644487565329,3.382442629990451,5.754253588059786,-0.2446584117203252,28.17625824403141,1.787759406855749,-0.29709105986017903,0.0423932126123833,0.006183421709697306,-0.0001200671809223966,0.10810551823520692,2.412441493727962,-0.08777899088269493,2.0,0.0,0.0,2791.6124188809918,5.33643456074654,-0.15241601235902635,3282.239725769104,74.47449115969101,13.090544327445514,141.77620159698864,166.5464359668875,-13.111527796971757,3.0,0.0,0.0,9.99967228804333,0.007987705431011322,0.00010776998207262523
2024-07-09_04,3,4,598.0,0.12300000339746475,0.0,0.0,134.00074474152336,27.949972697129997,0.7976660871983938,0.2956703451154763,0.0888829427465705,-0.1142307702937852,3.991494505830291,0.12578661735676436,0.15561871225618562,71.4177533486632,121.58593913430433,-1.7024916464176272,440.5993701448731,254.30316286015764,5.000953134485712,2.0321631251829038,0.0346906744336727,0.040484911422665526,1371.0143061018994,0.0350085185108072,0.00568423063850787,54.89715787631857,0.17882309742803018,0.404179486941338,10.129789584219475,0.04688810685706681,-0.012374511131872268,60.01812073029391,0.0689451535816932,0.060032822216633974,1.426948369525819,0.02581421498921229,-0.06404600115524084,14.987225860626312,0.001622866206400766,0.0010636434905890724,4.086235579819394,11.187638402543376,-0.28262793818445076,88.4551029715479,7.25190046682271,5.994661851072792,44.106577310463294,20.583502866290775,0.020592440729551242,570.3460600000685,181.04235563813205,5.215335246312634,3.4207208640499784,5.758019142316276,-0.36247108385814064,28.23628106558853,1.7614733915106031,-0.32083734620773896,0.042382647566415126,0.006193269131014914,-0.0001222410528954887,0.19202887083287623,3.162187718810319,-0.2653783460125875,2.0,0.0,0.0,2791.48559113212,5.407013295484127,-0.04293976340386507,3280.4469809167085,74.95636818901033,13.051759853809472,141.79420065234154,166.53502100260647,-13.891281006726928,3.0,0.0,0.0,9.998903928812194,0.007318978434189272,-6.730101977581171e-05
2024-07-09_05,3,5,602.1999998092651,0.12300000339746475,0.0,0.0,133.9661242116495,27.92869350048601,0.6423083333874047,0.634681275505251,6.752463748982649,-1.5575083056031618,4.047755660526306,0.11777995058161776,-0.06096346037728395,72.29279878591392,122.13549107371429,-4.304651196597391,438.58752509945657,255.55747425763735,7.645797296714932,2.0600530730775626,0.039257665984530024,-0.0023255827418990904,1371.013708471777,0.034388810676572734,0.0011625068132161687,54.901792484450624,0.1601892423475872,0.3272412195554253,10.174867160450098,0.04561583301006295,0.018770632949777877,60.011951907539114,0.06771117927990622,0.07707574280393459,1.4136562696886885,0.01412301915805568,-0.0198603547688736,14.987125799475438,0.001786809714062692,0.0014723432420495897,3.5255464513305017,9.666315497059813,-1.724447855521674,88.67259517862186,5.013528354166649,4.057598018963077,44.06918353831784,20.695967401831318,0.4427970936924126,568.6153210542433,184.72481865467455,5.236458863926941,3.604223817961654,10.593316049965676,-1.3750819205383817,28.330358685091987,2.093746733671785,-0.5671981513698228,0.042366367519262975,0.006206801041522691,0.00010166110538960965,0.23137123492926082,3.517103321063968,0.2628546109627251,1.99800796812749,0.04458770774023784,0.009966777408637828,2790.8665255968313,14.283807696736677,3.04000945740745,3279.2875023344122,77.67031569926735,18.76229097993655,143.02148066478895,166.09955748147928,-10.081247367732146,3.0,0.0,0.0,9.999747703433195,0.00727790740483969,-0.0023755124241020553
2024-07-09_06,3,6,598.0,0.12300000339746475,0.0,0.0,133.93421823673128,27.895639507417588,0.8165488418528071,0.309465063418863,0.06530934606839452,-0.023428093838228248,4.124667341595149,0.09342694674542075,0.08612036665147738,71.34928114737708,121.5870111511687,-2.8837125753379667,440.4446358400936,254.6306748939922,5.985166757401828,2.072046086844773,0.03818025461153877,-0.025501657090458263,1371.0109969801983,0.031280920149425365,0.0003343665082411462,54.90023371480612,0.1810564067893876,0.39531642059019845,10.186024634904266,0.03609023594661611,-0.006521725734341288,60.01410867505471,0.07035345873463603,0.09013292063837497,1.467300144217557,0.01841250712908315,-0.03841045149991329,14.987415449231095,0.0016178507472125586,0.0010064692800266783,3.719615526559639,8.893871875116712,-1.943334995703554,88.26553519774104,7.213918531428968,5.749514012033728,44.088762085639445,20.58789569714115,0.2959478914139666,570.7496796521564,181.59908419572872,2.9269454598825178,3.3005599626397575,5.3392252265460565,-0.3623179967661567,28.314019093821177,1.7197828779973166,-0.3370917361715584,0.04240377762285474,0.006233178646914932,-0.00011923095603850326,0.14218503135137836,2.7474707919312196,-0.17683383852343096,2.0,0.0,0.0,2791.3745872219524,5.256621534035873,0.09459959304467702,3278.551843845338,74.57211148623364,15.546581867944951,143.35109357473564,167.21956086792213,-13.067179003686817,3.0,0.0,0.0,9.999456805793868,0.0071373988523308115,0.00018863454710249528
2024-07-09_07,3,7,597.7999999523163,0.12300000339746475,0.0,0.0,133.95135184769646,27.978086411182325,1.0114999822150992,0.25868227495547125,0.08787572644504972,-0.005484950594778437,3.9584548837763807,0.10260727160282733,0.0714548650792608,71.2224848539335,121.47836324771289,-3.016170461898838,440.82710219314663,254.34002549784253,6.753243771683799,2.0674180042783554,0.034456430592288666,-0.02740800819269351,1371.014812436311,0.03551723145033458,-0.004012398097756886,54.90193944057095,0.18399873358447336,0.4050151927016685,10.175652122497558,0.04291788547875574,-0.018060097327598612,60.01802640806473,0.06733840786167432,0.09096887518331442,1.42234177736933,0.016550597307727438,-0.03316004439739895,14.98725717219222,0.001566421632780488,0.0009135593937390496,3.361149411855334,8.453219628088407,-1.860200110087825,88.27997878482908,7.210371822869893,5.333466825676609,44.096510646016306,20.60242712585866,0.33889314402704684,570.6630289033105,181.26701694551545,5.057102981618414,3.316132054718392,5.098769609847007,-0.27451346580400093,28.32766018296564,1.704834865581224,-0.31761701768855843,0.04238371200622822,0.006233180820441019,-0.0001571907017093449,0.12416644399381402,2.565691934991487,-0.09313759436974157,2.0,0.0,0.0,2791.278815370898,5.633647777409042,0.005901425977299368,3280.364921809678,74.56806920774909,16.196754889344902,146.28518998583024,167.50079002284133,-14.224177242521478,3.0,0.0,0.0,9.999991942887322,0.0076689630431991465,-0.0013910264873189249
2024-07-09_08,3,8,598.0,0.12300000339746475,0.0,0.0,133.87860966207032,27.970742082257736,0.7757214351641437,0.2634704120398634,0.08967226904143287,-0.04635451580195321,3.9161417884437664,0.10390775540304223,0.03571907533052343,71.34816783113608,121.52215783831345,-2.4947154133091516,440.42653139854747,254.41375237744796,6.109280781602365,2.0372818110978392,0.0369878723953596,0.030735765811193083,1371.0180163292612,0.038426617783572606,-0.0026749320652470487,54.9024068321603,0.1977153582180435,0.43762459643310336,10.173854866461465,0.046168427147191264,0.005016717623707478,60.01474388655672,0.07530059890978419,0.10434703125203981,1.4070434846913125,0.01831661971984001,-0.040380379826727486,14.98725362431441,0.0016013889867018754,0.0010095296496128725,3.6828014873732933,8.103830117553459,-1.8567808320291062,88.2167911636355,7.2837672090120495,5.362510133347783,44.078354534836606,20.588412118431386,0.2721403019882729,572.4397156312688,181.46421661782526,3.9399498266520823,3.3981151179024724,5.180371159722026,-0.14583050287686827,28.336778899013936,1.7020892729337904,-0.31612689678485495,0.04236837139895571,0.0062214347290474046,-0.0001759197731131673,0.21100728051872086,3.326870700244743,0.007399976851549445,2.0,0.0,0.0,2791.237879817839,5.4081435176290436,0.23858703817404603,3278.5249564611804,74.11198918606273,15.53177788265566,145.57149631879037,167.43505756773564,-14.025194710313684,3.0,0.0,0.0,9.999381385492027,0.007143808875556406,0.0011788706316995246
2024-07-09_09,3,9,598.0099999904633,0.12300000339746475,0.0,0.0,133.85167253571424,28.00365910968966,0.17759893410979544,0.31763958647368906,0.06870034703031834,-0.061204013838292604,3.9265563635473786,0.10593069842806092,0.06528430638903338,71.34599122178122,121.50602556118443,-1.7074246200449466,440.359885067216,254.5413958788597,4.503562222356379,2.026890645613841,0.031397187436373764,-0.0018227407366135928,1371.0138381452953,0.03452509839188308,0.0016718325407509838,54.90441273160301,0.21136367850053916,0.4421404261254125,10.19231011739187,0.026642699302886045,0.015384527353139887,60.00725479916719,0.07581557827199961,0.10451439949979857,1.5132915698258385,0.09401612238329321,-0.23967338625005263,14.987262188252378,0.0016285711424802256,0.0008921384014026756,3.347628467818719,7.797217552605483,-2.3874354378435525,88.27267755803676,7.283093850325485,5.387848944967018,44.08660406127338,20.592522865178026,0.03942415945505928,571.2600539962172,182.41237069901223,0.3228951138397633,3.407221702222978,5.151561353214369,-0.4206502049613161,28.339408331194758,1.6962759764059,-0.3418838475460184,0.04240080203944447,0.006293454040210661,-2.792643937578332e-05,0.0525477520003043,1.6600884728914835,0.08395142060857154,2.0,0.0,0.0,2791.3976538175725,5.556152821915843,-0.07719252978677105,3275.861707028638,73.37672903165159,16.864284349524496,143.23044804082352,167.46341004831567,-12.491563076159622,3.0,0.0,0.0,10.000067581743032,0.007163276407572093,-0.0019299433781547748
2024-07-09_10,3,10,591.7999999523163,0.12300000339746475,0.0,0.0,133.88047369621896,27.977374998707997,1.753783316225622,0.3386081084974009,0.06680868459672554,0.011604730090176707,3.9950169266075704,0.10827517641188573,0.1433615120681555,71.28672624742109,121.43140881022899,-5.459324348724223,440.4886202088079,254.41018244919027,11.814594133077435,2.0122871485110876,0.034169739084575504,-0.014341201935265335,1371.0172255232528,0.03775464380632334,0.004897452689419879,54.92179008818962,0.2364183164768327,0.4972979893555518,10.199999809265137,0.0,0.0,60.017533329370856,0.08116493609882094,0.10861432874524724,1.3867763336848569,0.01920249659517212,-0.04382705205195658,14.987305465582255,0.001517755280058478,0.0004526425052340244,3.7621589473775914,8.805073824239223,-1.9429258365888855,88.23624559274397,7.946253672161179,6.106243575545577,44.09880274115382,20.603627580701634,0.717829304772458,571.4425779497301,181.10613816148893,6.637697735348297,3.329868384086955,5.216857220914015,-0.40403517871163785,28.34434715928258,1.705282576676002,-0.4112266334327508,0.04239638474065106,0.006276443426185873,-0.00016621630512983487,0.10861908680683857,2.412013904272814,-0.1886786190239159,2.0,0.0,0.0,2791.371630941855,5.431204397979742,-0.022108335752818675,3277.0505859375,73.27688304027193,18.266252259950306,145.84662864079345,168.07673908429373,-19.918070435523987,3.0,0.0,0.0,9.99911605377455,0.006855737487914953,-0.0008845603143843306
2024-07-11_01,4,1,598.0,0.12300000339746475,0.0,0.0,134.52173313636996,28.348230372203282,0.7415280485631683,0.315773989992177,0.05699185877788003,-0.018311036205585773,3.9671013407865043,0.09781493932345665,-0.05081941770470655,71.31192232495961,121.56918945406143,-2.424046497007069,440.7384105194217,254.304300424093,4.808410784871285,1.9921832176723118,0.03398546153011259,0.021053493421612002,1371.014005272654,0.034699246067860914,0.002674932065019675,54.70367712354389,0.0984327003778808,0.168060366525296,10.180675279253185,0.03948423081975346,0.05518363072321897,59.68736238393525,0.08140827218024972,0.1157198239329702,1.3854746237442033,0.01612886196504155,-0.028577164662721533,14.987356273596282,0.0016109054305893749,0.0008227338758999281,3.744858854951288,12.481108062519107,0.8891195469476703,87.77864097456835,7.482902917842593,8.543253510293354,44.06139644672543,20.583866281753817,0.25797825433737387,562.3648417277385,183.4749568750664,3.416684051819857,3.456902276487932,6.051901719742409,-0.8345638632300902,27.99872440591938,1.891953847288889,-0.3690493465666016,0.04234971541603725,0.0061675465092147636,-6.0033352179675314e-05,0.1826416992575219,3.1579255690054904,-0.1954613561215608,2.0,0.0,0.0,2791.8061378144853,5.43124330525971,-0.36823959095454484,3282.3907888215426,74.27884280846625,15.82726969128862,142.52555284720128,166.48775619167762,-20.624286753676813,3.0,0.0,0.0,9.998344325732324,0.007010764689152888,-0.00013135189196766817
2024-07-11_02,4,2,598.0,0.12300000339746475,0.0,0.0,134.1972632833804,28.013993558103614,0.8252248732142675,0.3336810440109032,0.05716871460289834,-0.0010702335415875286,3.9890204133576113,0.1262787223952855,0.1504180650647271,71.48606824474948,121.64819543408642,-3.1951839553385497,440.31418771593917,254.59458080327295,8.310384542248357,2.0382480416079503,0.04262692749771558,-0.009180593052037889,1371.0187516896392,0.03902672539009869,0.002842115319253935,54.721731968366036,0.14555468027796753,0.32943210155270464,10.188064070140108,0.03242075283452612,-0.022073452289289364,59.70284196247189,0.06862518175432776,0.07274309368835219,1.3653995455088563,0.01411404740994425,-0.02187942441889268,14.987473412287033,0.0016186894676389087,0.0010003278088017709,4.0607269463113465,15.209527929763102,-1.4519767936655512,88.84432057862456,7.2742608367284465,5.926566751505618,44.05276423766437,20.563772349487706,0.26226538399789234,565.8881914042502,182.44014571129284,-1.3934288152483987,3.25816464179268,5.795599547182694,-0.5055457428782977,28.073478911720922,1.8343454683765241,-0.3168668364202709,0.0424098292137121,0.006225647736452387,-8.879601955413818e-05,0.06846512794813477,1.8710339510257332,0.0,2.0,0.0,0.0,2791.611748249305,5.619556285644448,0.007845569215078285,3282.950089526392,74.67761211554087,14.207692226040308,141.2129202134551,166.41599567938013,-15.975215430243736,3.0,0.0,0.0,9.999658816078362,0.008258662059494687,-0.00035371429545527633
2024-07-11_03,4,3,602.0,0.12300000339746475,0.0,0.0,133.96916174912366,28.003572661719573,0.23471881701701136,0.6108402512820357,6.180007833495619,-1.3266445083692175,3.978714739433043,0.12973637789230097,0.056810633288665535,72.2745433315902,122.16445169142315,-3.187823771406272,438.7196698991693,255.49401812999707,5.4715120645852835,2.0400032839558127,0.03847427514526274,-0.0010631211176264088,1371.0134473969792,0.034111272430402934,0.004650027252864675,54.71112589992902,0.15383680884182807,0.3230898213940989,10.183693027781395,0.03694262707497209,0.02790681705918452,59.706111012246275,0.06658029814973983,0.08388792399156131,1.3371879065484156,0.01409842881932713,-0.022245054031131195,14.98729450019322,0.0017837049056099723,0.0013628005981445312,4.760502323681474,14.390777025367825,-0.28216947035932094,88.77435773268604,4.967683849490151,4.00134150609621,44.054507269807054,20.67752132699897,0.3284289623019703,568.6416116370509,184.0681203474354,6.66271698910532,3.583801445436464,10.390373591226771,-1.313563295296607,28.19991158314695,2.1135009877453697,-0.5051117260194715,0.04235659223278766,0.006171328975626554,0.00010282376725412323,0.08767356606505314,2.1500468048043646,0.1759123374457375,1.9983394221188975,0.04071634023587357,0.008305647840531671,2791.064980244961,13.403055682745837,2.506071882786273,3279.649423387034,77.0128549748185,14.941644307386923,140.64243937821453,166.2046984256787,-9.665901988843757,3.0,0.0,0.0,9.999476495196122,0.00743672082501669,0.0006523702627809769
2024-07-11_04,4,4,598.0,0.12300000339746475,0.0,0.0,133.88075230584738,27.970790152112176,0.0489929990226301,0.34584754306059523,0.07166647476741402,-0.03441471611476665,3.9906586733441496,0.11696485386449958,-0.03496657047782037,71.30660982699881,121.56572896166193,0.25931447248183304,440.5941340383659,254.46745929351536,0.39147156058345445,2.0564225586072054,0.043381465317314565,0.010819395848340907,1371.014005272654,0.034699246067860914,0.004513947860004919,54.72363782606568,0.17062774053514754,0.3715732791352053,10.175793996585806,0.042832768411452074,-0.03143794719989401,59.699465154445676,0.0671310979662142,0.059866640480066735,1.3457872969217024,0.013888359215044783,-0.024096354393656094,14.9872719845378,0.001615542004312361,0.000984003711305803,4.087898728202633,13.219731245991156,-1.7040351689061195,88.4432424386183,7.272152522071634,6.015570730668642,44.11295956108172,20.59366798250811,-0.03720400883601371,568.5952091299941,182.75198138580566,-2.139228795284339,3.393967423230579,5.9298842294647,-0.282934133218832,28.229829415793564,1.7625996773674177,-0.306312902316602,0.04238782984502576,0.006229730049870937,-6.321088775344125e-05,0.12325763734277377,2.5462700305765327,0.17938555203951323,2.0,0.0,0.0,2791.3783488323043,6.188696837996523,-0.08616531014831708,3283.389655865383,75.69945002096182,13.628451854488958,144.4309550074581,167.29240589231597,-10.351745975456112,3.0,0.0,0.0,9.999653432330174,0.008093292970367835,-0.0019232198147456359
2024-07-11_05,4,5,602.2000000476837,0.12300000339746475,0.0,0.0,133.79701592849386,27.9446176560309,0.1323140800197109,0.647320716892917,6.739097291603323,-1.581943519376342,4.000086348686877,0.11590824291579871,-0.03503323749846343,72.07793154233973,122.07225136890247,-3.607275631253998,438.9626743837815,255.2907759624358,6.701279618019271,2.0579614394689463,0.03996461804845974,-0.003089701218462526,1371.0189196825977,0.03916059197536452,0.0,54.69814126140093,0.19905970490054936,0.4162791115897022,10.148273677623287,0.05192489411448259,-0.07242483474883521,59.708997343957506,0.06706282869102284,0.0420272548333358,1.3651318415148483,0.01180826596845172,-0.006787074562718987,14.987187604346914,0.0018549493030411142,0.0015848704746783682,4.537318133104686,11.974901154852208,-1.2220584641263335,88.72851139615732,5.028561172555147,4.366499378039592,44.046750628457445,20.699826646385702,0.3583135351390183,569.4629618022863,184.9157905371857,2.628496391828662,3.6926028664714865,10.779976638014636,-1.9567332802420832,28.326093015759433,2.0943603593665565,-0.5539008295813268,0.04236261582850499,0.0062250105890292035,2.4418405371651186e-05,0.17609950112473283,3.052738071166583,-0.0750288915792573,1.99800796812749,0.04458770774023784,0.009966777408637828,2790.7836567142886,14.340250478598707,2.8646325399708985,3278.022484686903,78.12767508078136,19.356444906950856,142.0012687560255,166.52547239441188,-9.04402354864584,3.0,0.0,0.0,9.9993752321874,0.007131036465451392,-0.0011375417741046334
2024-07-11_06,4,6,598.0,0.12300000339746475,0.0,0.0,133.97360366150434,27.961737964336827,1.4606015674246748,0.3429889668530244,0.08884954733702496,-0.062123743736225645,3.9202975769259787,0.12607498052042335,0.1405518529407157,71.3597726162046,121.5496949321855,-2.210568232088022,440.426855568103,254.49961790141754,5.140283909928428,2.061571331336641,0.03818346984284767,-0.02122073388817336,1371.014005272654,0.034699246067860914,0.0,54.70391242570281,0.20395976208007216,0.440467891884488,10.121932724175027,0.04241605547331086,0.02190624989793477,59.70969580009764,0.07029295107543344,0.07909812416918527,1.3666582439145847,0.013804834469647982,-0.02218767631811458,14.987323414079723,0.0016470252623142986,0.0008390803002207292,3.9913741436661465,11.20685178638347,-0.7888371505864886,88.48527654825106,7.263539853914805,6.089386947178909,44.09257308681926,20.6007931475247,0.11574593674777844,570.2202286230844,182.5907540277443,0.1702881624865995,3.3243901142280703,5.508000518326878,-0.4909244161659858,28.30533289678198,1.7168057797434872,-0.33584645121392853,0.04237171472120309,0.006216662982312913,-7.909716708105752e-05,0.12397187850579734,2.5603002759506013,-0.08573761751819214,2.0,0.0,0.0,2791.3640921952056,5.587892988155138,-0.12209684952449606,3281.0645461775953,75.27132535646784,16.540987863189912,145.24624105202878,167.2709360836796,-12.39817003741311,3.0,0.0,0.0,9.99954096795085,0.007900356791758063,-0.0006332014715386691
2024-07-11_07,4,7,595.0,0.12300000339746475,0.0,0.0,133.8482756537776,28.13312067496329,1.143802982618837,0.3238911305545449,0.052397303303580854,0.011949579665014753,4.082137114178109,0.1074655987381657,-0.07312603076966884,71.70986554477557,121.72020256452417,-3.6660671243491123,439.50680962573455,255.10719860395446,7.722975451605635,2.0709105631516826,0.03605099053294472,-0.02756301374996406,1371.0139078940115,0.03459798169140567,0.000672104779368965,54.71283661165545,0.22704363225547608,0.49999939093068946,10.165288986377819,0.04760484430732729,0.008571379525321277,59.71659960798038,0.06568473431122239,0.05983284060694416,1.3247740419721732,0.015401693546875274,-0.03057595962235915,14.987350340171528,0.0015079918227337192,0.0005109017636595325,4.248174474444441,11.462194662620016,-1.3308121689227441,88.56573902739473,7.503805076920917,6.269368605453437,44.14674670273258,20.60742763036298,-0.05162511873646025,571.281600762439,181.91048460146465,-0.7402166029985437,3.3639734685208187,5.659660619189509,-0.9879533792618944,28.327093877459085,1.7331267741331187,-0.39004707977551334,0.04241014744708395,0.006212842219984238,-0.0001450420897297494,0.0862947779317056,2.1039070207629456,-0.08719574102834493,2.0,0.0,0.0,2791.184340610299,8.009554436708754,0.5424870338761139,3279.3480803787065,75.30918207066797,17.02650751706915,145.80262188501254,168.54241867756164,-15.691797314171026,3.0,0.0,0.0,9.999619495484136,0.006773672985959297,-0.0001218282875896648
2024-07-11_08,4,8,595.0,0.12300000339746475,0.0,0.0,133.78807956941665,28.195948273734974,1.3551243758001021,0.3980073911733725,0.056821864217791604,-0.03368067053937107,3.907194242762622,0.1122196164629437,0.08976472125333901,71.83525865084319,121.86345190651325,-3.4142856287104735,439.76306313588736,254.95099798272145,7.326436288416858,2.048437458012373,0.03832352168766985,0.04132769849120077,1371.0166625976562,0.037258701041103674,0.0026884191177032335,54.69835419808665,0.21051162436698345,0.46302508827017164,10.189482396328321,0.030677667784336414,-0.0013445301216190586,59.71952300174262,0.07089005840493896,0.05680714454971536,1.3157091437168018,0.015135483547737787,-0.029498830362528317,14.987338848011468,0.0015789617640286431,0.0007704518422357864,4.038687866221192,11.02282247918787,-1.226792795517866,88.52960379621494,7.519151911850524,6.089524689467012,44.13596372066006,20.602388852296567,-0.24627660863539802,570.8676632091564,181.95025899558453,-4.094146728515625,3.376448522269305,5.56878893117763,-0.9284807640276531,28.335006494675913,1.7244816874429223,-0.38845194327731036,0.042385685037300794,0.006215125134082968,-0.00016722720460731616,0.1593607625653667,2.894702342910612,0.17875126429966517,2.0,0.0,0.0,2791.217556286884,7.405360506628216,0.1362550879725859,3279.4674949235814,75.12272363138274,17.227828338366635,145.82141921020323,168.48453219610042,-14.949761382671966,3.0,0.0,0.0,9.999559952046281,0.008055714040998547,-0.00112722220540995
2024-07-11_09,4,9,592.0,0.12300000339746475,0.0,0.0,133.7412607836506,28.062751376204993,0.19692705128642274,0.3367443444048159,0.05259755658109001,0.023293919118775708,3.9153461920897006,0.10381263992594496,0.05133447171868477,71.37466727651602,121.54004953399777,-0.12672330457340308,440.19131914114314,254.63478416629766,1.2384796835280554,2.032917902502648,0.03481792015060948,0.021283769929731022,1371.012526491855,0.0330972863654341,-0.00033775535780478094,54.70739692757557,0.21082490085859826,0.4768579521694747,10.18632207598005,0.03436109885071958,0.004898620618355665,59.71252965363487,0.06637503622819435,0.04645356616457974,1.3318982549472178,0.015049749951731731,-0.029763797247732038,14.987427199704145,0.0015490816040427615,0.0007269140836356769,4.47074004871867,11.261481370359554,-1.7614128992364213,88.41253522746025,8.004180230067952,6.6600979196058745,44.075962975555804,20.592626523551836,-0.11282053831461525,570.6999995712491,183.02264079066765,-3.8039235810975924,3.4860826492931083,5.452451558828449,-0.7042197620533912,28.334829211919462,1.706488941425277,-0.3944981774768337,0.04239378544624312,0.006264996000520225,-4.6115013065978205e-05,0.10657257471725531,2.3667523614855024,0.1734709224185428,2.0,0.0,0.0,2791.3623332159214,5.427205501467673,0.024667275918545783,3275.5603838672273,73.78747788262783,16.44803392564927,142.10442691185875,167.6594079620799,-12.511403644407125,3.0,0.0,0.0,9.999628079255583,0.007104366574228818,-0.0003810476612393643
2024-07-11_10,4,10,602.0,0.12300000339746475,0.0,0.0,133.87500125931885,28.092964598308416,0.3061989945826724,0.5901228838598053,6.187637941963255,-1.3199501649393046,3.885841927390604,0.10702020223377429,0.008122926534608332,72.14404174312887,122.03662764107733,-1.9275249777596883,438.82060319675196,255.40711731113365,3.2893685024739057,2.08565254545576,0.029068305790058577,-0.001860450272544334,1371.0144435004593,0.03514801154953105,0.014116154160774386,54.69850615416203,0.19955402754324414,0.4264127027948845,10.187545546421138,0.03301985001519645,0.004983360189140029,59.70757240997284,0.061335050283685535,0.0757481457783129,1.3350192770060016,0.012422322278435257,-0.012556190110520227,14.987166580826054,0.0018030976879086366,0.0013263043375104644,3.3547757968123433,10.18074114993354,-1.358580654245674,88.81345701265161,4.988323317170496,4.00952392400697,44.08020116323967,20.673183773775474,0.060149867669288426,568.8521270194508,185.543231982888,7.088292777736342,3.5942614516351594,10.12453410654156,-1.7211526650130944,28.36354290326542,2.0060255200231616,-0.5287153396099491,0.042356359626700694,0.006235309142816191,5.365435058789225e-05,0.10475217349819867,2.3446099601971793,0.0871957417738398,1.9983394221188975,0.04071634023587357,0.008305647840531671,2790.840708418092,13.267447028514336,2.35215784624188,3277.859821847886,76.90594018232407,17.126613680310584,145.28323968895563,167.63646258139084,-7.108937200121716,3.0,0.0,0.0,9.99976481428498,0.007543418849034475,-0.0017297497619424007
2024-07-19_01,5,1,602.2000000476837,0.12300000339746475,0.0,0.0,134.6649497919982,28.408232713000405,0.6382521695869059,0.5513446222221452,6.750828909466673,-1.5808139556022578,4.122168012586723,0.1298401963732952,0.1941195678869354,72.39199532157214,122.20525878081105,-3.7828073761986047,438.50820552020434,255.6131399460621,6.5528235609745025,1.9887217809242081,0.037267094080391625,0.028687685233018012,1371.0106879610464,0.03089178947171459,-0.00033214480367860233,54.40159346287944,0.2994420214485341,0.6712629058432356,10.11381160500515,0.06061164405130239,-0.012790790824002585,59.730411732180976,0.08188150744687393,0.07225931997711399,1.5550526179086324,0.016380823266166293,-0.014831388907575072,14.987079790072295,0.0018651639103213137,0.0016872906605680527,3.3844439331120544,11.376224480223282,1.0894398515010595,87.90111724377311,5.236289574428162,7.1436886708205805,44.075886062733524,20.69403364498358,0.45663710686059034,562.0344713674599,184.858239168161,9.287790799061668,3.7773798801212672,10.615469628053168,-2.2239476664926223,28.049028086947256,2.216374479060524,-0.616646247052671,0.04234365830358716,0.006244329597390432,3.9700907577704114e-05,0.14367611696362337,2.787732043344619,-0.18148881018755839,1.99800796812749,0.04458770774023784,0.009966777408637828,2791.312508997214,14.563540282880817,2.1647892441860677,3286.780902350883,78.17928494636293,24.808454646620703,147.94174906425425,168.72467073933288,-19.03158599752129,3.0,0.0,0.0,9.997717488492786,0.006977379500530075,-0.0010339001880534937
2024-07-19_02,5,2,591.8000001907349,0.12300000339746475,0.0,0.0,134.44681918363312,28.11261766920321,0.7779121044519854,0.21664527071753165,0.0814625345861578,0.01609797300015753,4.190756762752661,0.1115842620767513,0.0593412091603156,71.44116903016771,121.57112069581089,-2.2967226878091793,440.2175929835519,254.54364808196715,5.245304133440982,2.042820906357185,0.036927331471295774,-0.008733097765897035,1371.0158407262854,0.03650694841817423,0.0011821437526577938,54.40459421003187,0.23278407846078475,0.5123311120110543,10.101047590938775,0.04265963931350803,0.007263566996599025,59.7176013572796,0.0723002983827054,0.10405439943880879,1.3779688573366886,0.023920241714042657,-0.05451059381704071,14.987381760171942,0.0015707224421114472,0.000537173168078553,4.2877783900982624,15.536438271986468,0.1741410735491158,88.64919712596347,8.003287282581317,6.693575466580285,44.18301219875748,20.610275315774032,0.23553896916878614,565.2611881049903,181.81634534430353,4.490938650595126,3.2641092430699516,5.6385438127528795,-0.5023955044311443,28.0706476688385,1.8290378463184915,-0.3454880714416504,0.04234212812451595,0.006188383366324394,-8.496619458939897e-05,0.052891876890852646,1.660988891561519,0.08969967429702347,2.0,0.0,0.0,2791.6305513124207,5.494591668501279,-0.012473853858864459,3286.204540933145,74.85342201554666,16.686717677760953,144.2047739776405,168.44468589843282,-15.981492126310172,3.0,0.0,0.0,9.999035080703528,0.0073184388042712364,0.0019154580863744997
2024-07-19_03,5,3,598.0,0.12300000339746475,0.0,0.0,134.35776359203547,28.031456109785857,1.0273204089008345,0.25012704828428367,0.07050648304239816,-0.015367892667352112,4.200688738521626,0.11040665183821,0.06083611540969791,71.50270817547772,121.61846275353358,-2.7199498888441553,440.2670862913052,254.67086283135967,5.707441781675584,2.051424228798303,0.0379485958145938,-0.0034615283825725207,1371.0164119066183,0.03703294886540587,-0.0006687330162549188,54.427214837719944,0.17722565649291416,0.36354381982299344,10.12905404337351,0.045400818227430945,0.03712353339562213,59.71106657859116,0.08206549641978554,0.10602063080139601,1.4053619568740912,0.015897769085160107,-0.02995509128506768,14.987346476354315,0.00160217294036394,0.00096868751041157,4.444223501179299,14.97518774827305,0.013677215895127048,88.4793810184406,7.254827985445722,5.674416536471526,44.146233017569756,20.586671087969478,0.18471868062099617,568.3034853053628,181.83646474154565,4.464365011872246,3.3463836457855582,5.694773489294656,-0.4724755044777358,28.154908558071675,1.7829643205508092,-0.29412596839726035,0.04237579381755366,0.006238581369372375,-7.207359632720178e-05,0.12335967124803773,2.5477933007486357,0.08624795766977164,2.0,0.0,0.0,2791.7247720537916,5.088181138311312,-0.5616606135035909,3286.108109484704,75.39636687761497,16.320508873980998,144.28243357965437,168.89133337171796,-14.175184345564304,3.0,0.0,0.0,9.999779362297504,0.00826482205271474,0.0003940604602199471
2024-07-19_04,5,4,595.0,0.12300000339746475,0.0,0.0,134.297644403673,28.115187548972404,1.0966150171616391,0.22858534987092077,0.10602473691244801,-0.17878991691943474,4.174361567904231,0.11318218924090652,-0.05233612781813157,71.8362365747966,121.73804016007743,-3.561579305111991,439.3089468302906,255.20952756300827,7.246873709334068,2.0668245467447464,0.03871807454690681,0.0024033498363333905,1371.0119930390388,0.03248350534801848,-0.004368681066125646,54.42765425097558,0.22060666091835823,0.45630221967937956,10.167237899957165,0.04693431029405399,-0.03647037954891452,59.71223129251952,0.08334940169515466,0.11798353435612086,1.3998881354928017,0.02764330341504086,-0.06524498482712171,14.987492472894731,0.0015437598839969648,0.0005632079949915436,4.377980680875881,14.290772459263057,-1.4345750888856519,88.39985091826549,7.469565902153097,5.917964576948592,44.26503669190151,20.60398423850191,-0.06662793840681047,568.494833874446,183.53064953300643,-0.06335756959038008,3.4557597357253993,5.9930643839156685,-0.9451762095719825,28.23008889985341,1.7847909333412968,-0.3434076293175963,0.04239227118343616,0.0062106353241708325,-0.00027327732253475123,0.1540795039105159,2.798041864197591,-0.0025645857097721936,2.0,0.0,0.0,2791.329517897739,7.827568261606808,0.4457277442229497,3284.354765533119,76.63539983127318,16.492052094275095,144.98184220124315,169.6548527193641,-14.667452127793268,3.0,0.0,0.0,9.999651327568998,0.0076298307963819255,0.0011035486429662456
2024-07-19_05,5,5,597.8000001907349,0.12300000339746475,0.0,0.0,134.28521834791306,28.033964133012272,1.2702434437729266,0.1804214048912643,0.11260857924260528,0.18986622136970827,4.146301014766246,0.12580214577262536,0.11762540037416702,71.56962199603335,121.67959422165599,-3.8610534135682144,440.2372292492302,254.7101968548423,9.002174286938043,2.0629598139520473,0.03706588606596118,-0.005501674967864911,1371.016116465693,0.036762924726702964,-0.009863811990499016,54.418896104181094,0.24260487827410843,0.5372919892786356,10.188762415372409,0.031582494165029854,-0.005518363072321009,59.71434779087436,0.07919840416963986,0.1096994406403482,1.4132911527037222,0.012132080424566477,-0.013775178620647921,14.9872408292764,0.0016220672372962346,0.0008452074184859271,4.409291808979966,12.726126972285204,-0.08303279302590738,88.33071300879769,7.291355356277568,6.021516394057002,44.13126504827901,20.57413279958166,0.4345826432856441,569.8006538467663,182.43190175463795,6.8896314180814215,3.4479383372318586,5.740947165580181,-0.5629593142398623,28.267415239978394,1.7327866655327788,-0.3046849611212181,0.04236735757938695,0.006233834234266901,-0.00024180609832539363,0.07109077479129651,1.943488769324809,0.004337916804795283,2.0,0.0,0.0,2791.430277928381,5.597813824814949,0.32925874333704996,3286.410393776782,76.22979025932072,18.133761300689912,148.12134281400853,169.60917806860343,-15.287629953594916,3.0,0.0,0.0,10.000111877160727,0.007808111709980268,-0.00019209679951082137
2024-07-19_06,5,6,598.0,0.12300000339746475,0.0,0.0,134.230526442354,27.98031305836635,0.7915420340853814,0.13956870617664446,0.10539690130502592,-0.05754180612621898,4.092270162583035,0.11568710569927498,0.13259193370972167,71.59869602939973,121.69332262893242,-3.172441640697457,440.0421014841246,254.73489123538587,6.705786425533063,2.0668137209425796,0.03659409877831207,-0.03045149790403423,1371.0142726764277,0.03497441774136211,-0.0036780315897431137,54.403242704901,0.24031831458929057,0.5336124586022422,10.147977372708029,0.053824573770530466,-0.07090262824476312,59.70956202296261,0.07857489965997884,0.12123798765864535,1.3789619683262817,0.0159522884208446,-0.030447058255058446,14.98736545099777,0.0016473940877908527,0.0008135447932726692,4.378901039067418,11.584556512842958,-0.08119554105012394,88.30450820221385,7.280825423642917,6.039664115395425,44.13991194941534,20.582984866972584,0.26808315774668756,569.5673096968313,183.2727605956577,3.1785291078497266,3.401650618704485,5.483795538430948,-0.535324247535256,28.29771807360354,1.7197008541480234,-0.3399241552703778,0.042362085972336254,0.006220173187086644,-0.00013227440279761637,0.13983823877638776,2.701794015634689,-0.0002551700757897485,2.0,0.0,0.0,2791.405451788308,5.3803229137209,0.007847610525004711,3282.5378209008536,75.87213188531773,17.055401958350558,145.3479592690935,169.34150132345545,-13.913735597029984,3.0,0.0,0.0,9.999560509187168,0.00806933088992622,-0.00047833146060227705
2024-07-19_07,5,7,598.0,0.12300000339746475,0.0,0.0,134.29358397929894,28.014505385322803,0.7063148619737945,0.2664727518937184,0.09868762300077115,0.03091973277201321,4.067686417556375,0.10685338222504821,0.07740799958091937,71.41450680800179,121.5419961222526,-0.3510702239337036,440.4175712915616,254.50172478994187,1.660819087140112,2.055620148603592,0.040571888124928554,-0.003946481141757108,1371.0134370396345,0.03410017414306728,0.0023405655570059025,54.40554957770855,0.2488679236861694,0.5496658848280944,10.167937137497903,0.046671553535982555,0.025752361004169444,59.70896030707887,0.07318474971749554,0.09732483063254449,1.4388092649855848,0.021234017533728666,-0.04874387513036327,14.987299345202048,0.001555078513756999,0.0005818035291582646,4.1924126499753775,10.681086783997788,-0.9784295471216926,88.30069318004215,7.345422273552672,6.104181712287712,44.131708404046165,20.573081933475972,-0.1288362649770889,571.346719469525,184.14671346810755,0.49226512079656004,3.364351917263737,5.174685921311852,-0.5787289147841492,28.316090388347455,1.707167630561691,-0.32814031939043886,0.04236880617495844,0.006242929235364618,5.016710771160726e-06,0.05443538817543124,1.7188413220346983,0.08854450748915657,2.0,0.0,0.0,2791.3235739118395,5.386645567273539,0.2093942699625586,3284.327199289927,76.04215547791067,17.117416126672197,148.21722983867576,169.4960306164719,-10.452079045732688,3.0,0.0,0.0,9.999863555063893,0.007970713443721904,-0.0006333067265646974
2024-07-19_08,5,8,598.0,0.12300000339746475,0.0,0.0,134.31450094964663,28.06771930942914,0.6797764628228435,0.2843530601172623,0.07350862764566542,-0.04294314406762351,4.008930157036815,0.11165928320568827,0.12408026245525461,71.43724184012989,121.64928481282317,-2.6042807197516,440.3483170029791,254.6536601690686,6.464397851041326,2.050725464476506,0.035106564287150546,0.01459865705624086,1371.0149077603905,0.035611385260879744,0.0,54.412838290822584,0.25283907149949286,0.5237461715238894,10.14593793683449,0.05083081199013604,0.033611871725739206,59.71985956674752,0.08111608423932812,0.12474954407350225,1.4207197764134256,0.019498951898501087,-0.04132757238719775,14.987276681168588,0.0016334999889367056,0.0010952805994346448,4.232195881926787,9.939913736319811,-0.16601455490724693,88.29250491610023,7.365433151153724,6.303694999337594,44.143784173871715,20.59340186418201,0.015922693105849817,570.4575882442657,181.43798514646014,5.817030559016757,3.329486735837689,5.191947825066708,-0.4382570269564323,28.32490716256333,1.7007866107043164,-0.3558315481230565,0.04235723814284052,0.006214350397104876,-8.979932183904304e-05,0.1230535682568539,2.541723438983486,-0.18168209547980574,2.0,0.0,0.0,2791.2114517380264,5.4829120495863215,-0.05642261313778363,3282.5637378443926,75.81215234588265,17.199325306359697,147.67305954767684,169.78427247803387,-13.957319049133503,3.0,0.0,0.0,9.99952076924999,0.007956114504522637,1.682007193259949e-05
2024-07-19_09,5,9,602.2000000476837,0.12300000339746475,0.0,0.0,134.1385762973294,28.076671815909435,0.7021284135077224,0.6395584327968983,6.739966346249248,-1.5875249141734404,4.118373178944961,0.10567278088965672,-0.07205977471563862,72.33469783699766,122.18385403910446,-4.184783895233906,438.536413052316,255.55648811181945,7.851627367328945,2.069156651794515,0.037384858971984965,-0.0397508215666611,1371.010389229216,0.0305079201946305,-0.001826796420800747,54.402855048616566,0.24011386915512647,0.5289043920776777,10.190902925265895,0.03203332098494956,-4.752529747520384e-08,59.710723808562136,0.07132687338676962,0.11113039441283235,1.368143972489305,0.016261987915306756,-0.031116716093399166,14.98725448123329,0.0018040113117997881,0.0016822228796051775,3.9021744367135947,9.059447768198652,-2.0253745709542814,88.46460831782733,4.996617275780787,3.439278903593646,44.08964058950761,20.689554782141773,0.4342042251282763,569.7576907133835,184.02000305426344,6.6462928036914946,3.4505825730023356,9.862886648793578,-1.232729806524525,28.38192098232538,2.0480158943298896,-0.5266318875689819,0.04236852569668832,0.006270636231770116,-9.136221857365678e-06,0.14372677822037047,2.7876531657536976,0.07756365652496236,1.99800796812749,0.04458770774023784,0.009966777408637828,2790.6077241327657,14.84962890529248,3.201739238346363,3281.7410432326683,78.24927112692406,21.99816570091889,148.5646229461528,169.5890078803368,-9.248426202919774,3.0,0.0,0.0,9.999853369407603,0.007862977958037438,-0.0026532217513679512
2024-07-19_10,5,10,598.0,0.12300000339746475,0.0,0.0,134.30603222159868,28.13644738629319,1.2784092019632851,0.2230992983156066,0.0975870191726285,0.022290970342090488,4.137569379822461,0.10675045341479633,-0.04928093052229343,71.33927438410254,121.50004587198356,-2.943896431061617,440.2227301966662,254.65107244780702,6.665635464980824,2.0663790825576296,0.03516347879987777,-0.017575252016252207,1371.0172475434115,0.03777374094281085,0.0015046492865167238,54.397091288105855,0.2157184106516983,0.46722352145906854,10.199999809265137,0.0,0.0,59.713607576370876,0.06865017730630747,0.0699006530353472,1.3770975938651602,0.013057845783109683,-0.01916236243519087,14.987410348938763,0.001617550982482339,0.0008962178310021329,3.9992511890198386,9.176417159014365,-1.670097368616723,88.06085299887573,7.3173009382766985,5.252291476048754,44.13593263029853,20.589038638423563,0.008420491298309685,570.957631964701,183.14052572280454,0.590785227491665,3.3252012936597044,4.928422303058119,-0.15784908433049205,28.332227124692764,1.6946909729348412,-0.3237003307278741,0.04238515527341646,0.0062670112256952085,-0.00028076928956153463,0.0867292990217397,2.1213349141779507,-0.0007655166064616387,2.0,0.0,0.0,2791.191808580037,5.514000154764838,-0.17711218384192762,3280.54488269496,75.03157822958822,17.63591284098038,147.52580344067175,170.3516557951851,-14.619641862186711,3.0,0.0,0.0,9.999538271134611,0.007558508315240068,-0.0005624796634542406
2024-08-01_01,6,1,595.0,0.12300000339746475,0.0,0.0,134.56150255151974,28.48887655205887,0.7883516968799142,0.38460349422749335,0.07540689646843694,-0.13068907195780455,4.353632393383211,0.12156024475097255,0.10779831629841308,71.70527196285485,121.70037087409074,-4.305361197682231,439.68152401604317,254.95188488488398,9.128000054239237,1.98749663460479,0.05115087984561215,-0.10838649693657376,1371.0136055484895,0.03427990274982002,0.0142822265625,55.01307108709889,0.17250650728194833,0.3610073762781454,10.214079168855504,0.036201087581301084,-0.00016804382580737354,59.181922190932816,0.09082097351093885,0.10957966652237161,1.3985500789537866,0.021110429106911403,-0.05037862172647678,14.987304590722566,0.0015780510393414572,0.000613497886336134,4.6940154314682045,14.220071224321483,-0.18685537546622655,88.05164556525727,7.615952979363154,8.15988013403755,44.2250887988716,20.636852635334424,-0.06724335806710258,564.8874812792707,183.0153508476086,2.247187612838161,3.3769407630197064,5.996378893163677,-0.9673341673587545,28.04928418385085,1.9185268665374917,-0.378978309310785,0.042393279122939755,0.006149044110077566,-0.0001816807674760515,0.16187320986101705,2.942651811293652,-0.19824209133116136,2.0,0.0,0.0,2791.6011518252794,8.089541156974246,0.00565503545158208,3291.574766261603,75.41964124192266,17.785120552126955,144.89016329665338,168.5082082180273,-21.634597361588675,3.0,0.0,0.0,9.99846623373288,0.006954745838361473,-0.00037234971503252723
2024-08-01_02,6,2,597.7999999523163,0.12300000339746475,0.0,0.0,134.29787484873896,27.955481781807897,1.2809605423024664,0.30544147239094693,0.07335935114768163,0.03508361336466759,4.397237457638999,0.1296098906973143,0.15085284845486147,71.53452828896285,121.65145877407278,-3.3123745011713908,440.16948690167237,254.6828273326549,7.776738935489732,1.887581935455169,0.04103272153770661,-0.019314394547389035,1371.015748662534,0.036420617690486184,-0.0023405655570059025,55.02749153953731,0.1583995172643992,0.34197354396450663,10.210534966510275,0.030700654800469695,-0.004347842672597579,59.19782623239983,0.07979036913969899,0.12123781542315726,1.3393024440991839,0.016032550124938632,-0.03282730196630679,14.987230222759438,0.0015826689471057844,0.0008350008706177192,4.549983140058741,14.22491961498329,0.8968767242686804,88.49127202129684,7.263085488377837,5.595762832507631,44.141002384555776,20.594209686869902,0.4080957329791488,567.2359661855028,181.8983934665352,9.128529704932703,3.318887907234223,5.761869051524593,-0.328482243129641,28.119319806051095,1.8318270472929818,-0.3029191677386933,0.04241173892440804,0.006151942047462952,-0.00017608695953187647,0.0896672583742684,2.193214409249213,0.09262724783906968,2.0,0.0,0.0,2791.480294748772,6.263384279679367,0.44292498432287175,3290.471039859427,75.05748546647446,13.876218661815528,142.34344360326045,167.46225614937498,-16.308367269892358,3.0,0.0,0.0,9.999496853231985,0.007939930016772694,-3.0389996275914655e-05
2024-08-01_03,6,3,598.0,0.12300000339746475,0.0,0.0,134.16236749647135,27.939607903954265,1.1375548831595381,0.35080240747512426,0.07651965117927052,-0.010100334848473502,4.358856566093391,0.09412299210256057,-0.005317718288970319,71.33740888161579,121.4654793464761,-2.532892745131477,440.3735525835242,254.506221389492,6.119982555957108,1.9316449372993987,0.03612503810102274,0.0384949960038814,1371.0114649368027,0.03185543907542898,0.0071888799252519675,55.01394176068652,0.1836228297051341,0.4026753288447651,10.202540804175221,0.02925973147798797,0.002675668850390167,59.2031094465954,0.07236072606162773,0.08361296510218352,1.3109853796558768,0.014760725471626166,-0.027668753595256446,14.987247497650422,0.0016088343996987753,0.0008298912175916939,4.433703753510593,11.280953079239884,-1.260853355943559,88.02331547607989,7.197732912745425,5.498613744276412,44.14930935027168,20.60879164465619,0.1908428804531539,568.018166672462,182.0413502747278,-0.03548342089197831,3.4007782248057117,5.676543384907375,-0.32771675522909494,28.191062463641128,1.7981855128481965,-0.3180508757116023,0.04241263758252892,0.006201114861843089,-8.143811022557484e-05,0.12749206864367515,2.6337317674552514,0.002806883591872006,2.0,0.0,0.0,2791.392662933462,5.3498219852762645,-0.18412653179848348,3287.2116107436896,74.91468128518193,17.302155051343107,141.78673171423145,167.68034189374436,-13.725929611103965,3.0,0.0,0.0,9.999359157323758,0.007480142776976385,0.0008049840512480699
2024-08-01_04,6,4,598.0,0.12300000339746475,0.0,0.0,134.0171724304791,27.975108270374136,0.7665349647751611,0.35225342705332685,0.06846653782896076,0.021705685052584633,4.277128056912309,0.10164187162560757,-0.011086968673910569,71.28179201805376,121.49396850275313,-1.3869731385871376,440.43788228677454,254.40803766372304,3.1120565523670507,1.9964861241681486,0.033210899753980616,0.03688960290672805,1371.0174480962419,0.03794664125858863,0.006352963654762789,55.00247410092215,0.19364851078834203,0.4394653345828914,10.149548748989481,0.05105639638623627,-0.019565130954601884,59.206519723456665,0.0737830931210558,0.0780943739773079,1.326971731270408,0.011482857080587622,-0.013087234967528394,14.987206675862039,0.001597786579813521,0.0007277890591321778,3.88766629414509,8.749710789724409,-1.8536676977789126,87.84137784561877,7.3102196677943105,5.964240527073287,44.07887494002087,20.604728594238278,-0.04547179104093857,569.3806174076428,182.20997415796253,1.7415855688394686,3.5543503011799467,6.046279184783786,-0.3608635018601465,28.247560972355952,1.7773730302120005,-0.3497584607688893,0.042371714750472335,0.006182994941024829,-8.494999371842782e-05,0.21774155270172496,3.4328493185082,-0.3603021309128573,2.0,0.0,0.0,2791.172896537921,6.093811122533714,0.04686520171435404,3287.910394676869,75.6561020352992,17.897981063179486,142.69888924484226,167.8751898629241,-11.307465317257254,3.0,0.0,0.0,10.000085769150816,0.0066931500115600204,-0.000747771566130595
2024-08-01_05,6,5,598.0,0.12300000339746475,0.0,0.0,134.0565576422617,27.996050687609955,1.2370717007180758,0.3653059173848658,0.07062526895781013,-0.05103678782050031,4.165315948254844,0.10248152938159322,-0.10389629056222471,71.36211973503207,121.56732724274563,-3.2475752931518116,440.48298417397945,254.50895931311854,7.304130549414879,2.0638849459855066,0.041158644808634716,0.06309365349071072,1371.011531787746,0.03193610978498058,-0.0020061990487647563,54.99658979583607,0.18940980413359187,0.3973247311187009,10.16188568432807,0.04856649220307271,-0.002675569974460501,59.206218635306556,0.06915540440272686,0.08260968058404217,1.3767384327362708,0.016658860355954534,-0.035019733634680916,14.987225665491348,0.0016028336022366706,0.0007972015584982728,3.860688379798514,7.338698802441726,-1.6336078340791937,87.88173143411711,7.428437611131461,6.676327033983824,44.03698463210371,20.594192842920233,0.11880777352629934,569.9896179015562,180.8486495280371,0.8089575623987457,3.520296298814374,5.929421480738001,-0.42340603103879904,28.281383369009617,1.7628781981816393,-0.37896025858595195,0.0423863586536551,0.006180953794933948,-8.444827249316778e-05,0.176009457153606,3.0413367444917805,0.08650312774556138,2.0,0.0,0.0,2791.262800037482,5.965577108984422,-0.0409858218804402,3287.928351787132,76.37797437149071,17.034489558293444,146.00834668643176,168.76657715904736,-14.66715507762487,3.0,0.0,0.0,9.999521443613475,0.008017246132145989,-0.0007174230339543897
2024-08-01_06,6,6,594.7999999523163,0.12300000339746475,0.0,0.0,133.81643196105958,28.033184748555634,1.2468990454152618,0.4073378137405179,0.06557083490866097,0.007008403464525692,4.18865882512902,0.10152806670042193,-0.01332773000252363,71.7656906622329,121.7874716923016,-5.577613393258019,439.5227246435951,255.13372745280168,12.42405105438553,2.07329743164928,0.038362941796721,0.021310941912546788,1371.0134084903493,0.034069547483914844,0.0003360523896844825,55.00793281362838,0.2156347497586689,0.44084020021583115,10.187596518893201,0.032961801041861735,-0.009747843381736843,59.22268907947701,0.07142825867253882,0.0737823550440666,1.382230999008948,0.016796910388929626,-0.03711665898811911,14.987221384769729,0.0015878061364611121,0.0004462586731470708,3.6621801119892536,7.115884142138244,-1.8087474213928738,88.07234576944043,7.722066508347452,5.051105615196107,44.15536933963038,20.638905188619553,0.009309384001404908,573.24384337866,182.014483333244,-4.341694243615393,3.5810829421702555,5.932720061701952,-0.743830957307535,28.327610826893014,1.7646011659780445,-0.36855072213822027,0.04239768025379221,0.006212968227130809,-0.00015260518974617027,0.09068357066947873,2.210881935920337,-0.18080293671423647,2.0,0.0,0.0,2791.1745674402573,8.022407447307396,0.2547355074839288,3288.2401428735557,76.61634063864624,19.672889722295167,147.90202373023794,169.60000889890824,-17.57363491218632,3.0,0.0,0.0,9.999907603544347,0.007534755884235102,-0.0011476869342708085
2024-08-01_07,6,7,594.7999999523163,0.12300000339746475,0.0,0.0,133.89839593198118,28.06163114752839,1.5110506971343227,0.32973781610236447,0.06046985578385793,-0.007798319604216508,4.179028568107541,0.09847456824872622,0.011647058535023014,71.88944528253263,121.86861859004097,-5.335361346730792,439.3633365997346,255.20863429209777,10.96005055724072,2.1061109094860173,0.040694454424144794,-0.04194961876428449,1371.0166345932905,0.03723363421834447,-0.0016802619484224124,55.01680677013237,0.22739977667670205,0.46436899008870824,10.19384858395873,0.024026681795685848,0.005041987956071026,59.214689151539524,0.07529889523260494,0.07882434620576362,1.362869029966723,0.015135832050662412,-0.03088165852202085,14.987321919673631,0.0015806007284818902,0.0005457645704769476,3.792091501700778,7.196680000267745,-1.2715703691755027,87.72368170703159,7.570484369899732,6.09108416267803,44.154507661066134,20.62113116565558,0.12379224761193797,571.6397904596408,182.96037960446742,-1.9351298869157745,3.533412518560135,5.852586415287886,-0.9393289519458259,28.338853934151786,1.7661711176087247,-0.40319823898187224,0.042418722296838,0.006228468436794665,-0.0001453780013473127,0.21527089607815783,3.3855196397662533,-0.08437469225971639,2.0,0.0,0.0,2790.970777064732,7.954418476108038,0.011276834953150683,3286.7504780232407,76.08621115367445,17.257055458902414,147.61865811323918,169.7235473217033,-17.87184456897384,3.0,0.0,0.0,9.999492568649163,0.008092047378278218,-0.001022351689698553
2024-08-01_08,6,8,598.0,0.12300000339746475,0.0,0.0,133.9030978140007,27.99325058599323,1.290147373110159,0.37060514806739586,0.07587273134950577,-0.06371237449098788,4.164439998395225,0.10741955125049489,-0.040468212752837296,71.34516530921007,121.50339497787688,-3.935200817253829,440.42109864980074,254.4166609351406,8.037107716435969,2.1083316463405413,0.03839641907301014,-0.01707359779638562,1371.0122337226524,0.03276293058365776,-0.0013374660325098375,55.021297212509516,0.23356923191208193,0.47123641074700373,10.194516724625068,0.022764909606466002,0.0025083468510551654,59.211668465377414,0.06496338151466499,0.06170644728236141,1.349527064552677,0.01357711836505065,-0.023230812222662545,14.987148530743903,0.001588805300831622,0.000829881648954256,3.0626768056703066,6.435495511479135,-0.8596727281908527,87.96879548717207,7.215087448119661,6.004807607784713,44.062299347051365,20.604541893429076,0.4761499800410931,571.1980904362665,182.2994450231142,-1.8802948508374584,3.4814976903456425,5.333851364017241,-0.4363432331415624,28.33193937905534,1.727579049547782,-0.3422869679122478,0.0423674686861373,0.00618588598971526,-0.0002187292580570696,0.1097890891505898,2.4505317700233675,-0.17989589857018512,2.0,0.0,0.0,2791.0799056511983,5.518350586040195,-0.47941706730762235,3286.328502026261,76.048372597753,17.777028980063733,147.2594934786813,169.35551000900728,-14.863382001385645,3.0,0.0,0.0,9.999782743361514,0.007698067976117876,0.00010770778592217312
2024-08-01_09,6,9,597.7999999523163,0.12300000339746475,0.0,0.0,133.83611622111854,28.027810909130658,1.1166307997942795,0.3316989976464207,0.06178279168156777,-0.044314381576152584,4.174063539106312,0.10219354003723424,-0.061705669033088384,71.48970545301631,121.59966740409713,-3.8365216848026193,439.978687488355,254.78456082141707,8.552642536402516,2.104785924372466,0.03373625056451773,-0.022625433162701825,1371.0165511421535,0.03715871133594159,0.010030995244505903,55.014949812617985,0.232796881217757,0.46755747332620956,10.19698979304387,0.01708624306655117,0.0,59.205919941930865,0.06921737772016612,0.08578676204617608,1.3273783829698595,0.013299343845495467,-0.020458627903341853,14.987162445540411,0.0015586820038970745,0.0007165682355694258,3.3759289438509223,6.858435682576932,-0.2638983423494574,87.58713718066646,7.343809700128222,6.704401096771392,44.049492700761775,20.5988691880798,0.4355776700686462,569.784004308388,182.3188164451523,-1.3681669203333513,3.4654533048674314,5.490795474648075,-0.6390514740950888,28.352921136964525,1.7286841462252132,-0.33820940738537786,0.042403109975308675,0.006228216259368933,-8.545169314014278e-05,0.08859553767685906,2.166088886349612,-0.004082740349913128,2.0,0.0,0.0,2791.1290366488556,5.266986403736445,-0.2357855449154158,3284.7311628769075,75.3679756035943,16.360576923076678,146.66046558112205,169.62169503378797,-15.152644230769226,3.0,0.0,0.0,9.999624139090445,0.008067897329287168,2.01563372659308e-05
2024-08-01_10,6,10,598.0,0.12300000339746475,0.0,0.0,133.98584775564385,28.05327290106608,0.5552529586996116,0.40142092824639863,0.06425995294188454,-0.057809363739147634,4.0214744592262965,0.09842319698313395,0.032424750136691216,71.10624849184755,121.34672031071659,0.24662201053595822,440.7180429130683,254.2550015212199,0.5862543993570171,2.0720293646231815,0.03461001988004283,0.006354542081571601,1371.0128353811435,0.03344365024109145,-0.0035108483357362275,55.018254757405764,0.23620954621096968,0.4806012884031574,10.196489297757775,0.018404495400907616,0.0,59.21213653038992,0.06528852539820909,0.0899672747455682,1.419084777325063,0.024166855379191606,-0.058430192661923286,14.98716791128084,0.0015991714142828135,0.0006675688319379702,3.1897097236533822,6.985070845281355,-0.671254105392507,87.95459835284612,7.563242003140961,7.9830347670360595,44.084675527742895,20.620529566974433,2.5516371238154534e-08,571.9957121833437,182.69027062947663,0.9418126237032993,3.4801202256697072,5.685355021001506,-1.3007621629954778,28.33645951026501,1.7165098299041721,-0.3718154549997408,0.04238796348094103,0.006231024129129423,-6.97327715447546e-05,0.17636657837281375,3.046994573260737,-0.35749525370007773,2.0,0.0,0.0,2791.021592854736,5.598298467716365,-0.1773979671820598,3281.495335126473,73.98132892358977,15.031887705110876,143.46506627592024,169.28578012259362,-10.760020399572056,3.0,0.0,0.0,9.99972952667665,0.007927027039222212,-0.0012563622516132966
2024-08-05_01,7,1,597.8000001907349,0.12300000339746475,0.0,0.0,133.8099867192399,28.38280401661763,0.827775910546535,0.3179832786570823,0.058983981474280384,-0.02916387782547386,4.035444846121364,0.10988737089297311,0.05745818702672212,71.43223073183742,121.64020989063476,-3.375601409389361,440.3772628959605,254.72377412778962,8.328746134222115,2.0827959248054784,0.032189995529243294,-0.02421404525986448,1371.018122664742,0.03851484193099712,0.008693529211996065,54.69933071710593,0.13368840811850505,0.2876262983749527,10.167892969571627,0.046688504394178224,0.024080129770132075,60.01551809789345,0.06754089326373354,0.01454857280820221,1.2945567993416036,0.019038393298999482,-0.03971080118198467,14.987161005779253,0.0017005342951720113,0.0009472617337529243,4.371281448734245,11.57769582938887,1.4640208582415624,87.31037616889213,7.579256183387201,9.245567074587512,44.127758959384266,20.598873374646022,0.4746190488936506,562.1792300833507,183.91397283683966,9.513430847372092,3.5198507662887457,6.273133201220033,-0.9925660489494583,28.021256406650096,1.8711422658760632,-0.34697201259957566,0.04240421373708591,0.006192549645988228,-0.00016989958874357586,0.1624421645965066,2.9602324329310097,0.17147522865729187,2.0,0.0,0.0,2791.603738291048,5.874211936053426,-0.28684727085055783,3288.6697330130382,75.10076750917662,18.1636162697273,144.5427972104637,168.81092455082074,-22.401709087716313,3.0,0.0,0.0,9.99793129860358,0.007150282803553617,0.0005692303380033792
2024-08-05_02,7,2,598.0,0.12300000339746475,0.0,0.0,133.4753692024968,28.04738536874531,0.768576886741613,0.31094282953456587,0.06358124569871311,-0.021705686005710767,4.10433969645945,0.11954479619830465,0.08349496664410871,71.47189229664454,121.59658791906432,-2.5533275730833225,439.9666982774789,254.71574131513435,5.759933316189347,2.0799330916543424,0.04088943508483741,0.012274249740269028,1371.0103618962355,0.030472409717298324,-0.0005015497622480325,54.71738569412053,0.16964216204975424,0.34431463260714423,10.133634425054542,0.047245488938756484,0.02424735289353741,60.00320942558918,0.07789624389427711,0.10936383020917617,1.3137080676975716,0.0132271049743014,-0.019938077216961725,14.987132400862153,0.001623164161948103,0.0008278515027910771,4.540901169733872,13.917515912472822,-1.1629185038665462,88.35221344824421,7.269875465120198,5.8171648213695875,44.165333818329174,20.587817289655177,0.2696908453236446,565.9971951886747,182.3624909338048,2.956684737699902,3.3864985014589406,5.755908238458455,-0.3323098270403202,28.089004535094745,1.817733434776169,-0.2803517727548872,0.04239461693784458,0.00615369882623476,-0.00013812700517001897,0.0529558888967521,1.6729915692302584,0.0,2.0,0.0,0.0,2791.5303764483556,5.6490032989422785,0.20601998523761722,3288.75625999091,75.18473651732897,14.77698447951525,142.81688189849294,168.15316582777822,-13.852954083063139,3.0,0.0,0.0,9.999293150052065,0.0075862846592242,-0.0020377404713709524
2024-08-05_03,7,3,595.0,0.12300000339746475,0.0,0.0,133.3179960097036,28.100385439095355,0.7704002444483535,0.32172043074012524,0.07150736671715492,0.003966385501773417,4.106666683269444,0.11489990553600749,-0.024907551292611352,71.71527574068594,121.70025704695782,-4.030470293801002,439.81338563248994,254.83231249429215,8.714269420479525,2.095446871974135,0.037793711264733645,0.0035798261145583155,1371.0147141487369,0.03541961982407853,0.0,54.72994010294637,0.18853434215979858,0.4364706151625626,10.189952823744026,0.03006244975244851,-0.0016806626520242673,60.020564163884806,0.07829065618991994,0.07445331861993054,1.2911663564943499,0.012138733322450529,-0.018547049490343692,14.987223372344047,0.0015496213313336419,0.0004432085181473866,4.7989022975326865,11.45192672796388,-1.5005361316584747,88.02186133453162,7.478255599340463,5.9416411621730845,44.262160221094724,20.643785254572943,0.03869959406492285,567.9029299161767,184.06341499070516,0.4482373405904809,3.587093921743774,6.085179831120506,-0.7449850160284206,28.176918388694844,1.8165316491563601,-0.3673813122661187,0.04238444183995667,0.006180500579214005,-0.00019983207853902646,0.1983292923178724,3.2569872530358825,-0.0043597886542312,2.0,0.0,0.0,2791.3112411499023,7.876903045346354,0.32103671546747137,3289.014942784463,75.93688320245472,14.498852744222859,145.71661428802756,169.47975228736854,-16.195378106381725,3.0,0.0,0.0,9.999197179271329,0.007073641610585163,-0.0014420405155473048
2024-08-05_04,7,4,598.0,0.12300000339746475,0.0,0.0,133.19273362690612,28.006021597589047,0.9165756582815163,0.3142326985523528,0.09728066876607819,0.07122073580127794,4.1106787196611805,0.1255251912921081,-0.05369563445598402,71.49046159129115,121.62488656470246,-2.2547824619069985,440.17066078527205,254.72287805569903,5.899297858959073,2.097709761459825,0.03864652810451938,-0.00790970979326966,1371.013503890578,0.03417168875293797,0.0023405655570059025,54.71431038109446,0.2139780485043914,0.4725755736181938,10.136877469018485,0.04824694879013906,0.001170561863824915,60.01213615899579,0.07074405115589168,0.09247402203919819,1.271541712834898,0.012066023061490547,-0.017864042699935023,14.987165256233688,0.0016094537404091746,0.0008564027256792173,3.8136708993889425,8.237747307553702,-2.34538318480935,87.82495545735131,7.408355011667266,6.802728875424947,44.140432295931575,20.61725457081454,-0.020975221359606167,568.0559315274926,181.8828642583908,0.23091778707339472,3.3911971856607357,5.889750318323035,-0.8396162573734056,28.228652969406266,1.774392307833503,-0.3657729904787175,0.042387629246674864,0.006161075632796521,-0.00013461562004376398,0.07132209387562101,1.95014340380335,0.08854450748915656,2.0,0.0,0.0,2791.349331768091,5.442593605239745,-0.04715343462612509,3289.6139118853957,75.94305082240756,15.186013926630494,146.17660169177373,169.46919017262564,-13.149445836759327,3.0,0.0,0.0,9.999600226167292,0.007670298769168878,-0.002155618125380343
2024-08-05_05,7,5,598.0,0.12300000339746475,0.0,0.0,133.23966950327608,27.97764932116057,1.0446718432831403,0.321885657279722,0.09325598212226957,-0.002909698548499373,4.141952527242933,0.11801261124719217,-0.06802673403634696,71.30316631605619,121.5435057357156,-1.8016385845372724,440.44392379882225,254.44243817719067,5.104832515668704,2.0954429572420112,0.03751114994257942,0.0032943275859920185,1371.0159439500142,0.03660322667151173,-0.0026749320652470487,54.715279639424864,0.23546459987422008,0.5130434642268682,10.192845052478704,0.02577365010986071,0.01321062674889184,60.01377430682755,0.07612343782620677,0.09581873329187829,1.2722771774761974,0.01295344269705467,-0.019915621017532636,14.987122608402906,0.0015697689888361829,0.0008094940695873021,3.7692042841476088,6.8135804925505346,-1.9046509656619066,87.70724744599067,7.408623749760419,5.408905798774896,44.11964782350082,20.615832112770242,0.08244589100713284,568.5773707485167,180.99522479999723,-2.455807816623519,3.468656653643591,5.661118444232552,-0.5014119571056157,28.266736298729768,1.7589945759168428,-0.32364931393626506,0.042411935371535155,0.006246274497214377,-0.00011622091836255288,0.12718596565249132,2.628145274343273,0.07961350380377627,2.0,0.0,0.0,2791.269361469826,6.521630563149036,0.3157607879124953,3284.85390114027,75.6172502281401,17.54304101235857,143.18695088701875,168.89392858865966,-11.852613181174803,3.0,0.0,0.0,9.99956724708274,0.007602526036750139,0.000400771265443467
2024-08-05_06,7,6,598.0,0.12300000339746475,0.0,0.0,133.17885695903527,27.965012928823516,1.0778445144959505,0.33208291623174685,0.0715681986266368,-0.05359531770519488,4.160528261021442,0.12101702637213317,-0.07652170642163814,71.45185569288232,121.63829040259856,-2.140401324942502,440.34329512046753,254.656414190097,5.905718654693146,2.1016683012536044,0.03473154271839268,-0.0007023444542517687,1371.0197210283193,0.03978319247550922,-0.01604959239125492,54.69725888965521,0.24725678345252378,0.536120609296205,10.153092688838202,0.04990398035705076,-0.05652141571044922,60.01802043474785,0.07086015704099109,0.09397869046316742,1.2610615476721787,0.014052271493324458,-0.02709308954385614,14.987020555047916,0.0016295370226731194,0.0008584934732187577,3.2640826392038256,6.481428046982422,-1.1585806109833476,87.47208244303962,7.388232935067826,6.700461182705936,44.1662979062207,20.64509484745427,0.1310560328505872,570.4126144353063,181.79435709751382,0.5912452876368661,3.5326016525243165,5.837441999772872,-0.7262435634636062,28.308295984883564,1.751501542375644,-0.34449676526430295,0.04240922726857666,0.006225419235720966,-0.00015451532966117426,0.05203757864780866,1.6438560361968177,0.0,2.0,0.0,0.0,2791.2480338149867,6.219586552768124,0.08110980285846381,3286.5714469254117,75.95006086297715,15.721369408444843,146.77214619883006,169.42749838896293,-12.749643242877482,3.0,0.0,0.0,10.000178704728892,0.007287815961529058,-0.0002695023016787701
2024-08-07_01,8,1,595.0,0.12300000339746475,0.0,0.0,134.41167888205538,28.549715618963617,0.9930056596002714,0.3188944897640707,0.08387591375548019,0.026571428710046918,4.231465057419833,0.11062993901556377,-0.04989914854033639,71.71607852014162,121.70068324469356,-3.8654281894762477,439.78715246483205,254.8624356908707,8.117580307231208,2.044522813090714,0.0385102186775967,0.027932777324644498,1371.0124633542953,0.03302568618710434,-0.0057128906250909495,54.91753972602147,0.23402223344663814,0.5154626221216034,10.120799993635506,0.040587257220678775,-0.008235246994916068,59.19032280547645,0.08128105975337238,0.12420226666105805,1.383976669721706,0.020355741318851234,-0.04404923535194727,14.987147064619167,0.0016148085257785992,0.0005755031810092959,4.0658530400645345,12.530423062062706,0.28035993816471905,87.7488314496173,7.681327166598357,9.582319612462982,44.22758073704217,20.64144228594037,0.021773410444502872,563.344326911434,183.36378218397286,-0.31644512785589995,3.463481653673244,6.100181398819157,-1.575755261435729,28.010889896141585,1.910245139180298,-0.45291006905691944,0.04240238541043714,0.006156392057299539,-0.00019344541267687226,0.12798084623070174,2.639150832474282,-0.08899095038405988,2.0,0.0,0.0,2791.659635728405,8.245189433720002,0.2031381302522277,3288.8025116459016,75.69698847348494,17.726123867515525,144.23440507342738,168.50533628088877,-21.40732425401191,3.0,0.0,0.0,9.998397199376937,0.006978554440561507,0.00016588483538093612
2024-08-07_02,8,2,594.7999999523163,0.12300000339746475,0.0,0.0,133.98702783087722,28.15416204478616,1.028396904568723,0.29920000113922507,0.08452158222030486,-0.0345210079322843,4.05195631980896,0.12681542688640793,0.15702519537020088,71.678403423406,121.70386525996784,-4.526588183059161,439.76886562571804,254.85894341437248,9.58626960105255,2.085361302800539,0.03908530526773809,-0.006285714702445766,1371.0146182789522,0.035323886028013694,-0.0003360523896844825,54.9248064262326,0.2382637660465536,0.49008412080652164,10.189378021304346,0.030811529315487994,0.03294098797966427,59.21189916274127,0.07428931712924781,0.07596706101874418,1.2858872963801151,0.01654644375272753,-0.034074046832172744,14.987161676743451,0.0015985478644435721,0.0006247816967359654,4.444438744232434,15.04783135959362,-1.642459994404256,88.93600836515928,7.440778400327588,6.178141591002955,44.273114402835105,20.65343104929872,0.09632565794872505,567.1544389433019,181.35333977515464,-2.4062183283957665,3.1729299279909675,5.619775456206761,-0.8450805930843375,28.075353530755564,1.8502266237188465,-0.35389669081743946,0.04238705855895992,0.006152904352743915,-0.0001912605080033533,0.05247131988781841,1.6520438045292019,-0.08924740703166031,2.0,0.0,0.0,2791.3309120601366,8.209470551179843,0.6161058954830878,3289.2368404510244,75.5285162755716,16.23507172400241,142.22411372208796,168.0246602611967,-16.558984445523805,3.0,0.0,0.0,9.99966860410546,0.008130371337425894,-0.0002911816124164801
2024-08-07_03,8,3,594.8000001907349,0.12300000339746475,0.0,0.0,133.84474507307806,28.114845263181802,1.4402690086044174,0.3307327735993792,0.07554886498796295,0.016302520177569724,4.080352963279275,0.11422477325711455,0.08127727628755999,71.78296141289738,121.77571958151474,-5.189596188099685,439.4994774832846,255.0995194704835,10.589461552996625,2.0909041629919485,0.03934879337633306,-0.006252108101083564,1371.0176427504596,0.03811269697837228,0.0,54.927360944988344,0.2244943887574329,0.46302609483735324,10.201008216473236,0.009991207153757049,0.0025210180202446253,59.212874048056726,0.0772137281913594,0.11025237395983822,1.2852402007078925,0.017305819318403942,-0.037730110793554594,14.987246621716924,0.0015958566784243264,0.0006873234981235044,4.900985387914321,13.782816258444415,-0.5892380177473822,88.58292200200698,7.526129511240541,5.696672107792708,44.24967934231798,20.632118496931785,0.19472847625988976,570.0688586323201,180.18767005826288,4.227210857487535,3.3432078264540985,5.8312251545824205,-0.49039910292299815,28.15354248046875,1.8314911746792466,-0.35690763136919657,0.04240272237097516,0.006180182378242602,-0.0001514286992429642,0.10684042794363839,2.377368424988024,-0.08052782972319787,2.0,0.0,0.0,2791.4607927389707,8.14665679750101,-0.0993024553572468,3286.3392212119224,75.61067102777605,16.04683766084554,141.84425847093598,168.74797959114866,-18.178978953642,3.0,0.0,0.0,9.999590748057646,0.00789577462914496,0.000643132313960848
2024-08-07_04,8,4,598.0099999904633,0.12300000339746475,0.0,0.0,133.81269521021358,28.064446698533978,0.724176457893094,0.34376128398651706,0.08640133431701491,0.008093646381760522,4.120167176805584,0.11087370907153701,-0.0705016560379077,71.51084263441852,121.54750588559529,-1.5816055423514683,440.28115876707017,254.56527485918855,4.098879148728884,2.095205583129189,0.0389946238155245,-0.006638801217477841,1371.0105958745378,0.03077427835394661,-0.0031764818274950812,54.91594757518813,0.23960122116503374,0.5071912465685529,10.195018240617136,0.027825196443902547,-0.006856148059551259,59.20488136390984,0.07624748961221202,0.08879666025423205,1.2864464992505975,0.012567304670263133,-0.01668412988401191,14.987085459424437,0.0016057230307110072,0.0008105035609631273,4.033912298393186,12.178650041836026,-0.5806171806360965,88.29424142773755,7.292452335768722,5.982337059384605,44.16210448068347,20.600764458792707,0.14422291018890832,568.2389736245684,184.05163560706768,4.781516748128524,3.409915407868591,5.777803446329258,-0.5096795253056943,28.216523084701084,1.7724991726678758,-0.29711664958940887,0.042401470659305045,0.0062086123449640145,-9.431444843576581e-05,0.12524731124934047,2.5871030372226627,-0.08369625053278179,2.0,0.0,0.0,2791.314932427491,5.998270419202888,0.13838894949321912,3286.216979796812,76.20566952392383,14.424838164977245,141.77459980611695,168.19233849657223,-12.668651938039716,3.0,0.0,0.0,9.999790165504857,0.007450572005511555,-0.00028301002987163315
2024-08-07_05,8,5,598.0,0.12300000339746475,0.0,0.0,133.8716712729742,28.026573881386433,1.2278857534147107,0.31932798487581726,0.07157199665759251,-0.06515050104143327,4.019441687594445,0.1255308566450852,0.10754177961062439,71.22652983386598,121.45803368919735,-2.915317649015506,440.3871198814874,254.47443475494364,6.384766008941654,2.094122332499921,0.03835151901914857,0.001337798941494217,1371.015576269825,0.036257778762917525,0.006018597146749016,54.90772303304159,0.2091930162366089,0.4633769989013672,10.164894694191522,0.04772967961050817,-0.04782581329345703,59.21464397388332,0.07390926608528921,0.0909706166755413,1.3253493835120167,0.0429375111674838,-0.10577572468531171,14.987154234934316,0.0016105788635007458,0.0008503011237817049,4.48599641883465,10.364236090987733,-2.1095026727504154,88.22031849851898,7.269325805708908,5.883565405938143,44.159915793344595,20.6113264046154,0.16274807524920476,569.9673942073616,182.6025203882691,-0.33874062630638946,3.3441031742461127,5.411429281525992,-0.37158072721150814,28.26271819813281,1.7454130836604564,-0.3207505650344906,0.04238314905201699,0.006189090412704879,-0.00011588641781870579,0.09111677862975319,2.2288258152651292,0.1798958921910927,2.0,0.0,0.0,2791.2120073599704,5.145255031238197,-0.1830115685097553,3286.8708674852683,76.32306256611342,16.992886036136497,145.15238979483718,168.9341487387661,-13.416202411205063,3.0,0.0,0.0,9.999460825510385,0.00815116014020849,-0.00034360024442570136
2024-08-07_06,8,6,597.8100001811981,0.12300000339746475,0.0,0.0,133.8206018785968,27.999459895796374,0.06481391370894585,0.3302943149967786,0.07258979158338659,-0.05225752436098047,4.151458194104325,0.10806481121239178,-0.10508358837370047,71.21063564012456,121.48120098070899,1.043796090343747,440.54159040187915,254.40206503123926,-1.0260700007346486,2.088411323681324,0.03758672913475446,0.02115387781009259,1371.014478069803,0.035182936298405194,-0.004179581351991146,54.888828949944234,0.19542120809452015,0.4078582585057262,10.180167151613778,0.041112709014384886,0.013043403625488281,59.21120425068016,0.06360044649714758,0.08177310088805001,1.247614634674927,0.013340363385994798,-0.023312468393191788,14.987136310717732,0.0016429884224231203,0.0009115324371240519,4.333260903629571,9.756602122772966,-2.3431376374286157,88.03658400762042,7.171503643769228,5.147502774777621,44.15658826796108,20.61350885236651,-0.155169786816856,571.0954223683846,183.43946205367055,-2.8021274171146615,3.46609633449328,5.607742542409281,-0.13595535013089588,28.309072481110743,1.7181135425134293,-0.27158921538388014,0.04234227383054519,0.00619411311092988,-3.4782786333446836e-05,0.17708900732340221,3.058695785041792,-0.2707369431205418,2.0,0.0,0.0,2791.2376623249374,5.816036860355207,-0.033122697402632184,3287.062612353679,76.23394829427448,16.653773074963738,146.11547037462725,168.99442625049383,-8.859758083636933,3.0,0.0,0.0,9.999556788313747,0.007761610217662536,-0.0017615895606191145
2024-08-07_07,8,7,598.0,0.12300000339746475,0.0,0.0,133.92595351144885,28.033489268893213,1.0477339734999305,0.3172350394679965,0.06197958522232083,-0.016321069944064348,4.183350052573696,0.10917462803788702,-0.044515012498683504,71.37063197243556,121.50819588203439,-3.1686620721998366,440.3303327830648,254.53857696925013,7.32172276782353,2.0974523224825843,0.03996486004055481,-0.0014380994050400275,1371.014974611334,0.03567711532199258,0.0053498641304940975,54.91203593155565,0.2212898871882741,0.44381255848352197,10.201002822118394,0.009964719422088297,-0.005016741545304626,59.21360751897824,0.07748151592618276,0.08478327339707903,1.2994881368568214,0.012344896116647804,-0.01642895940952882,14.987135875029773,0.0015751461231197099,0.0008523456229010407,4.279233762867991,8.96792133466805,-1.4794332335226517,87.88382009055374,7.300095422890822,4.834779833471501,44.183194914536905,20.61292060118712,0.12079795786370084,570.8665121340584,183.3900040614374,1.393886451338517,3.4894104617215325,5.44362801579378,-0.047002562567791006,28.33529837368245,1.715533429164535,-0.30630789472905207,0.04239391470131807,0.006208142635455129,-0.0001650503229187819,0.20059976606455107,3.3044132239570145,-0.013524090565965319,2.0,0.0,0.0,2791.434692423625,5.63880242217876,-0.3896137352371625,3284.7274772723117,76.09134691951826,17.410091744617603,146.036232707573,169.3415006385728,-14.480777772373983,3.0,0.0,0.0,9.999676991369922,0.007796760810571594,0.0006298317159689759
2024-08-07_08,8,8,602.0,0.12300000339746475,0.0,0.0,133.691545497219,28.229092929120963,0.8237971309015393,0.8110195924517117,6.164048855870896,-1.2967607970643429,4.507130524519075,0.13296282163367298,0.1747010253196537,72.18806704547168,122.10404603687176,-2.8413285780543305,438.7550334603792,255.5398796131195,4.884319015713629,1.909149783388478,0.0400664695185093,-0.03807309477828258,1371.0139786521686,0.034671619874507904,-0.008967909702050747,54.94938547798899,0.10816251659973626,0.19883752106827757,10.157289990552119,0.049465430535361156,0.030398497153754533,59.29814018850032,0.07269023198966373,0.02906995120634548,1.2376746578257727,0.018270311633990483,-0.03737858165538177,14.987052639391445,0.0019064192981515277,0.0015199826009251183,3.9698793521476956,15.189972409046252,0.142504207319595,89.72739366945022,5.1469330571685346,4.6687795505967244,44.172836231496476,20.69256935032897,0.17657137075531892,567.5566510340178,181.76346090714725,6.450102695199007,3.4333779232131705,10.712266177070338,-1.2235285639762883,28.27538176542578,2.037016543504377,-0.6459989325944768,0.042370408078100705,0.006308360307102949,5.747501326854726e-05,0.08564643137718664,2.1006196466767495,-0.08491445775839973,1.9983394221188975,0.04071634023587357,0.008305647840531671,2791.169226832344,13.457624857976588,2.6602556095567707,3280.093316044296,78.91872725584979,29.31120832576289,146.51749072333024,169.51029283857437,-13.664586409381855,3.0,0.0,0.0,9.998623611997505,0.007041160358210413,-0.0015223747075996386
2024-08-07_09,8,9,598.0,0.12300000339746475,0.0,0.0,133.6522970113496,28.244490526298495,0.8145075928806023,0.5384085567220324,0.0675843518479237,-0.019983279814688282,4.507626216095134,0.1214783347690664,0.1077424818058077,71.40427283496187,121.61942240996119,-2.933160837624456,440.3930810413724,254.59145229741276,6.878344581278668,1.9096990939328122,0.036622402067633036,0.011923079905302503,1371.0140386981257,0.03473387432819366,0.013709026834249016,54.997492574362084,0.16041909575833066,-0.32290949231406074,10.156369166245073,0.04959240189795148,-0.024080129770132075,59.289100454388475,0.06798623774783599,0.013378213480564227,1.282818152967483,0.03958254727138828,0.07758642040367514,14.986900952299955,0.0017520497526396705,0.001295384754703477,3.973793594464934,15.23296131594864,-0.43169910373496334,89.38403795651072,7.384315903183987,6.368671780844593,44.13925385291821,20.599818948957328,0.19191463814929932,568.7854375555459,179.9875789319248,2.2483167616420587,3.1821438602913843,5.4430237823618555,-0.14238568749216496,28.216193534266946,1.6983761852219093,-0.4357104221714003,0.04235352684262005,0.006255837964949213,-0.0001336121464453402,0.07070988534246947,1.932448997578885,-0.08956518779231554,2.0,0.0,0.0,2791.517914012219,6.566373078020027,0.15437771085908025,3282.971365594178,76.0994238734152,25.10836414349933,147.01324326933846,170.67165916579611,-18.36045600100104,3.0,0.0,0.0,9.998339614115682,0.006986861113761064,-0.0006669038115525439
2024-08-07_10,8,10,598.0,0.12300000339746475,0.0,0.0,133.81463386971828,28.24990801340411,1.1768510301774882,0.3311200271936931,0.0749491024072846,-0.10056855972470052,4.206532938270735,0.12440717457165443,-0.13657191007033642,71.36117698549938,121.54636038275983,-2.2384276352293284,440.50864789008455,254.44253981472573,5.43596996631112,1.9955800663304943,0.052185152166603896,0.1160032751169493,1371.013871570767,0.034560062785816796,-0.0005015497622480325,54.963691197442834,0.10143789398103052,0.07006790645943539,10.120729116084624,0.04053617102881982,0.010535056774433116,59.23012369909003,0.0672718389046748,0.07324457965965792,1.4051317673628643,0.017539293585532113,-0.03533002325523649,14.98720505069387,0.0016222427536879513,0.0009462554319252803,4.533513870736661,15.360648386678088,-0.6995781448772522,88.88045500656786,7.302935334968654,5.584106370358171,44.13470821514532,20.571561225995353,0.1238602539368685,570.1095717419593,182.14761639275733,1.356107399216512,3.3474243982669822,5.5081546345348515,-0.4794417088757892,28.223326788583115,1.6861954258052447,-0.30457262530374507,0.042377231238439145,0.006270913947486726,-0.00011923074111791498,0.10320786399930586,2.302377737020215,-0.004593080501492597,2.0,0.0,0.0,2791.527229393258,5.364774208994634,-0.10273747779092446,3284.362808722391,75.40209641977152,15.30671166257298,146.88253717923078,170.3916620760094,-13.96135058769812,3.0,0.0,0.0,9.998760488989042,0.007000016556193673,0.0018188084248329517
2024-08-21_01,9,1,597.7999999523163,0.12300000339746475,0.0,0.0,133.1434786295811,27.984995445448412,1.0436511534113606,0.2850267569008081,0.056163724447056015,-0.03255852902414008,4.249531784583892,0.11814019165601727,-0.09817725679148825,71.27497981306365,121.44378144165191,-3.734698855517479,440.22555038322974,254.65039639229724,7.609882434474969,2.060836075261285,0.03999710767595233,0.03200670707983333,1371.0145449431045,0.035250302685158906,0.0018390157949852437,55.03234056581223,0.12086969052493304,0.22106913818563356,10.12822763991595,0.046111455286999864,-0.02107011354886623,59.90775987248755,0.08247831146200771,0.0876259054228612,1.4093161922234756,0.07782571195650388,0.17787901992383204,14.98678168612579,0.0016993289452020596,0.0015689792441673234,3.7885310227256954,10.51773106952245,0.8223666586604805,87.83031664803674,7.329900708773217,9.124335025066529,44.1168120744635,20.618648378829526,0.45578751516183047,565.4332941776136,183.72844113307886,6.44054303121402,3.534410845839658,6.341021579698594,-1.2159431571869748,28.061700029277482,1.8544681948144797,-0.37359651355041734,0.04241016694347695,0.006176246432451495,-0.00012842817138569024,0.19750272948606357,3.2535283192471853,-0.1694338616718815,2.0,0.0,0.0,2791.711185723244,5.663769779295248,-0.7822767787156408,3279.5353100830894,76.79855348160314,20.989131659568557,143.51457846778692,168.14894942003562,-21.28145517712852,3.0,0.0,0.0,9.998274849091086,0.007113734922165104,0.0007409794274781945
2024-08-21_02,9,2,597.7999999523163,0.12300000339746475,0.0,0.0,132.82492262543644,27.656135582644485,0.6619152528386394,0.3150234127398518,0.052332064435506136,0.006237457428488857,4.101431454463946,0.12780165684860742,0.0974916223698239,71.30038116664804,121.51537472174915,-3.872876004783137,440.5791523765162,254.43367705058242,8.98262571530995,2.097508323152727,0.03741096690422804,-0.0007358004018218622,1371.0147455630095,0.03545087690575114,0.0025077488112401625,55.04267514844403,0.15456780218419072,0.3078589487235277,10.143010168809157,0.04950870950208955,0.03143794719989579,59.91404760737084,0.07146342153708211,0.08160560505844217,1.352865321221559,0.014680815324312885,-0.02549469331435139,14.987041992008885,0.0016203880726665522,0.001062622835803495,4.666596513129397,13.80347725945039,-0.07808244188493685,88.96900304647592,7.262225131065212,5.783711701332521,44.11906277774568,20.607199010596414,0.6137895201360877,567.2736983589504,181.54930984068588,5.718277130637375,3.2474960302591422,5.560230267235922,-0.4502755950725197,28.118077641745476,1.7973458864345941,-0.3059762010606235,0.04240762503338,0.006168592141190324,-0.0001173914350992844,0.21072061085780727,3.321794098100239,0.07859281712152487,2.0,0.0,0.0,2791.460535606971,6.235946714684465,-0.0381782046929402,3278.7056452007996,76.28247959795536,15.044407464987216,140.21891640053943,167.18183823158776,-16.333476146328024,3.0,0.0,0.0,9.998922211190928,0.007227906994332146,4.7136708644757164e-05
2024-08-21_03,9,3,598.0,0.12300000339746475,0.0,0.0,132.62042229377238,27.68464697193492,0.9278035403095544,0.32219993397817687,0.06104605857608071,-0.019498328301420176,4.130588448035681,0.12432089733308059,0.06192306930006186,71.42165808634417,121.6344215065834,-2.669397988228937,440.23106513402803,254.71570604230263,5.999347894486789,2.100127016011388,0.03983399777013033,-0.026789325934190256,1371.0102616198203,0.030341565761737216,0.0020061990487647563,55.02226640707033,0.17909568135212517,0.35685627277080556,10.16609830323847,0.04845417452441195,0.0005016693702124542,59.909328598435685,0.0806811102538225,0.10685685326821215,1.3723354424094325,0.011146756850951768,-0.014020145537462447,14.987040355188796,0.001607700975792409,0.0007972350487328583,4.247939801702369,12.119380731454482,-1.3646060296125633,88.50705171723463,7.2624165161943255,5.739373101837259,44.10418967792558,20.587669423423726,0.16550418445497428,569.3295823240392,181.59195946686535,2.6922380326185475,3.4517291351898742,5.94835137018964,-0.45111766445098533,28.21298760644013,1.764566705420847,-0.2959632044253162,0.04240046761897606,0.00616882415244094,-0.00013110378950236673,0.16029614901630346,2.9198690939852385,-0.07910315727310435,2.0,0.0,0.0,2791.409269475092,5.885437367257303,0.28657700146322895,3279.0126799669843,76.41060307277681,13.500871639188063,140.69029986407995,167.74435917999827,-14.564116988293677,3.0,0.0,0.0,9.999700566989768,0.008349573929361405,-0.00043112936625888665
2024-08-21_04,9,4,598.0,0.12300000339746475,0.0,0.0,132.5993012530634,27.683221643422897,0.7063146737905583,0.31405550036959246,0.07568103053075037,0.018428093283421598,4.1302574545752835,0.13121642629289926,0.12802673980942547,71.3716747953931,121.5489839472513,-1.900434907123966,440.52664502772626,254.40875412471476,4.625301401750733,2.1094082067021556,0.040045381384806504,0.004648824200582435,1371.0158770990706,0.0365409360536467,0.004513947860004919,55.013373234327005,0.1750056089215231,0.371070415279938,10.185890911016843,0.03897962361110197,-0.00752506287999033,59.90872691316136,0.08041637052174362,0.11020096488621078,1.3358985223486366,0.017381713341845375,-0.03890242524768994,14.987060768793196,0.0016058775847361145,0.000657381421348191,4.768876784862543,10.529920250495191,0.28895617488235903,88.29618732604801,7.199641160920655,5.738719955335895,44.08955792063895,20.589436584590487,0.060169430480748076,570.0316534829913,181.6136755616641,5.575777493990358,3.393110331276196,5.616716411201448,-0.5378504740479197,28.27062892626855,1.7371085625785645,-0.3247975154863951,0.042380039703159456,0.006189623754597591,-0.0001408026637789786,0.1772848886217572,3.0637271992373423,0.002296543440292509,2.0,0.0,0.0,2791.2524702199044,6.288642170110423,0.10694339203564596,3277.8069414950583,75.90701073585744,11.95095835401844,140.5577980068287,168.1516235252294,-13.425541762922904,3.0,0.0,0.0,9.999515383269866,0.007697320383270531,0.001209150588630692
2024-08-21_05,9,5,598.0,0.12300000339746475,0.0,0.0,132.54654941220858,27.71788697273427,0.6062871269557775,0.2997993987790969,0.07088795273028177,0.004632107527259954,4.114677383603957,0.13074594154502406,0.159464858048735,71.49179523211099,121.61340670210669,-1.7434110793761732,439.8642880453469,254.92912994489762,4.259933061424306,2.113574041486464,0.038737627650036084,-0.0034113588141755358,1371.0168464377507,0.037422319813195784,0.0015046492867440975,55.017920303727344,0.1927640829915728,0.3973244376804459,10.185890901132556,0.03622323344282517,-0.01939790623642601,59.91059917066058,0.07743373010283619,0.055685560041446536,1.3875597993174114,0.01722811817025289,-0.03863296361272539,14.987042606255555,0.0015890897607129108,0.0008125241384853155,4.368258846120984,9.180091308338962,-1.745475032257795,88.15533083762982,7.226122659494498,5.381413553072051,44.08810393238737,20.586380512456874,0.07103950921508329,572.2638130761915,181.9537813134479,1.389410982163895,3.5208932003177593,5.602872477988319,-0.5204732688611067,28.32049621255531,1.7127615210285336,-0.2933911639312434,0.04239578695051728,0.006229655152400054,-0.00011923088128351633,0.0872394710988434,2.1333790877841516,-0.008675833609590566,2.0,0.0,0.0,2791.365438437709,5.597300294207384,-0.7376447696751711,3279.69060069205,76.40023198970012,13.82519612902388,144.1521458129985,168.50847337620576,-13.069577188396124,3.0,0.0,0.0,9.999935610244124,0.007657117522950276,-0.0008556212868580104
2024-08-21_06,9,6,595.0,0.12300000339746475,0.0,0.0,132.56354466497257,27.914041609775897,1.4920729981751037,0.3057661303675794,0.05620040642794657,0.021445377790877795,4.212368957297777,0.11181541435033276,-0.028100836777887217,71.59881692293216,121.66086855821798,-3.4001176463236504,439.65287789742473,254.94403847267705,8.039663868190871,2.11930778510468,0.03770993007015325,-0.020739540132153955,1371.0118922571983,0.03236525297664413,0.0016802619484224124,55.02194230787216,0.2061526877559256,0.4336125029235305,10.189381590453527,0.03080696730670166,0.0025209939780346247,59.91572648607274,0.07936228936188548,0.11277369010348792,1.391262143690099,0.016473396076487824,-0.03490906843618191,14.987147482813045,0.0015517495419847867,0.0006217026910864121,4.383282449937636,8.78659801289799,-1.9370277468897719,88.25309136835358,7.438982092623232,5.5569640742129565,44.14739276132276,20.621546841679855,-0.09755653573684953,572.8654333391497,179.55706126839763,-3.8380614977924097,3.4365318388107324,5.583572361436314,-0.8442342901367605,28.34872346411469,1.7277048233625607,-0.3639909119165239,0.04240080606134768,0.006203791664306303,-0.00015092421354365865,0.21535238399300524,3.387765558013001,-0.27928284076081605,2.0,0.0,0.0,2791.2008066485005,8.139544546745476,0.4183556821167258,3276.3233023202547,76.62674410669776,15.771400669642844,142.055931323959,168.6284340326519,-14.871695702817249,3.0,0.0,0.0,9.999621538705723,0.007821054588636798,0.0002301753068181256
2024-08-21_07,9,7,598.0,0.12300000339746475,0.0,0.0,132.492573165766,27.72905565064988,0.5751563617616853,0.3008024081088346,0.06569809874086943,0.01036789171696706,4.21296556599361,0.10976707302547235,-0.035050144562355,71.38152109280936,121.5192307017456,-2.6224246770050144,440.2303662034669,254.61001136877323,5.8750665151953285,2.1116415717776347,0.036340692539466576,0.010568589271111595,1371.0155428443534,0.03622602601404995,-0.004179581351991146,55.02136413104874,0.21514426894259095,0.44147087658528505,10.192845052478704,0.02577365010986071,-0.00033444624680711854,59.90772397045466,0.07483751458171156,0.08227527580133653,1.3605243398847489,0.01744847970362032,-0.03829409705356612,14.987021383096128,0.001621165542508084,0.000895224287360108,4.022178339344409,7.945171780989364,-1.3029566385275548,87.91789045050088,7.298376205164348,4.196657343452998,44.05844252869183,20.592570591747254,0.23937625629846337,571.5335721571045,181.43981141304985,2.1935426080506204,3.4701718637730337,5.465750657083266,0.25017014532085247,28.36223239509687,1.699971415030433,-0.30464927966778177,0.04236603105787608,0.006221966131676187,-0.00014147153093065773,0.05213961255307263,1.6468288656220256,-0.0005103401515794831,2.0,0.0,0.0,2791.3743059419144,5.333154965795491,-0.2582338262959638,3278.6408206553256,76.36443371313229,15.308765220003806,144.66808316094625,168.6188251796555,-13.917716533444008,3.0,0.0,0.0,10.000083771887052,0.008048278881943805,-0.00035716060013335493
2024-08-21_08,9,8,598.0,0.12300000339746475,0.0,0.0,132.51971424387196,27.812005140488782,0.47972281401771966,0.32069876479481285,0.048466416630123084,-0.004682275102190325,4.258228024843344,0.09565871219080059,0.016153838722202885,71.52812426373804,121.63829851022636,-3.199581903514499,439.9951407274886,254.90318936949646,7.40344464061252,2.104543595200835,0.034548052689793586,0.016772619059253646,1371.0146403566168,0.03534597840244581,-0.005851413892514756,55.02193240870683,0.22246082549044863,0.4563539498625815,10.199999809265137,0.0,0.0,59.911000476557845,0.07186690467220445,0.09832840858893377,1.3492756502479264,0.015989673334609107,-0.03317841817702738,14.987064844308112,0.0016467803145026364,0.0010156806894769943,4.074093473033337,7.734190465590887,-1.0624830459671277,88.10434727428031,7.439057059792875,6.041726054953898,44.06690626421807,20.602650189547695,0.2079137081286575,571.5388760479028,182.39131504009822,1.0768501511385011,3.3956050747293705,5.505195048673488,-0.5762792779724535,28.351116776027954,1.715257714986235,-0.4347714484734695,0.04239475054760435,0.006272734097450404,-4.983277225175525e-05,0.15652087539065765,2.850333621410379,-0.174026954931559,2.0,0.0,0.0,2791.4020285139272,5.3213889955180225,-0.06483403336642368,3274.820239200675,75.63077197287322,16.279681865985822,141.76594737252836,168.71752221648796,-14.760139618430259,3.0,0.0,0.0,9.999801585364207,0.007852117624019099,-8.758174934442309e-05
2024-08-21_09,9,9,602.2000000476837,0.12300000339746475,0.0,0.0,132.49055605580608,27.80648476755916,1.092481568802242,0.6215006656404263,6.730994419534752,-1.4928405324702594,4.231195226529363,0.10741052028131302,-0.07652821770538054,72.1001092820437,122.02659505685942,-5.060880407270204,438.9322662890888,255.34896216364243,10.122109943499595,2.1340504916382343,0.03401134411734744,-0.024285774294324103,1371.0167953673588,0.03737702941657163,0.004650027252864675,55.01660014781977,0.22758753097904974,0.45348794753369503,10.200497819133014,0.007039400751122042,-0.002491703857218752,59.90504728750404,0.07090597928693329,0.0745858417396974,1.3443346727258498,0.010450142460631017,-0.002250867824617808,14.98697441792583,0.0018191466159112619,0.0016406651747189471,3.7044627318185954,6.967631798747356,-1.9352892181802033,88.89071949101381,5.4491410159177525,7.095259213368365,44.04012412885587,20.724123566364668,0.46492561074190775,570.9354646842319,183.55943025343097,6.039583884204262,3.451433686868524,9.975176621008801,-2.157562326423304,28.388429974179818,2.0584131762020044,-0.703811566298981,0.04235700493774922,0.006223174224535786,-6.644135693775755e-07,0.14154833278174736,2.7462439577107394,-0.18250271489849915,1.99800796812749,0.04458770774023784,0.009966777408637828,2790.671085838936,14.343260233089147,2.785725235542941,3273.6187831681086,78.006591078059,19.43882087378006,141.84020560037885,168.08736830616175,-11.672214812218556,3.0,0.0,0.0,10.000131567794172,0.00805353825286302,-0.0006525334329712251
2024-08-21_10,9,10,598.0099999904633,0.12300000339746475,0.0,0.0,132.6385843741858,27.86229154740994,1.143678626886583,0.31440655438933773,0.05369814742706645,-0.02667224065814927,4.075493167930126,0.09993450401665036,0.045300987253221514,71.50248726706208,121.61090075554502,-3.480568616999861,439.9589083451405,254.81017866694,8.23165609685077,2.1118421698844143,0.03402145151520922,0.019899700796324638,1371.0169132886942,0.03748141690064411,-0.010198178498740162,55.024974886767644,0.22985467917189642,0.44581875753243594,10.201504328545022,0.012173287298571676,0.002508370772652313,59.91421001565691,0.07218720045544752,0.07441564706655868,1.3834755637900003,0.018053266165155974,-0.03789194072768054,14.987088315345817,0.0016236741364488788,0.0010054725468364722,3.972028394002095,7.23668585376731,-1.7598666921507151,87.76192977045021,7.527551833331702,6.223974404127702,44.06309528918379,20.597918371275767,0.2762740878357093,570.8452528606326,182.5235255201627,-6.893190058577488,3.342863464709938,5.487349330706832,-0.9601082108964687,28.350320908505953,1.7239124982562082,-0.4671373973323334,0.04238515514201621,0.006260817999570888,-4.548494420621857e-05,0.17912150784425215,3.0948534242286976,-0.007655146927339179,2.0,0.0,0.0,2791.32958021199,5.389473432841014,-0.003085235289290722,3275.47259747994,75.22709978875602,16.463669180471243,144.38231531523894,169.4442899800989,-14.668073861495316,3.0,0.0,0.0,9.999733568393678,0.007736952925264542,-0.00040081113477086205
2024-08-22_01,10,1,602.0,0.12300000339746475,0.0,0.0,133.379062603178,28.25660621832388,0.5368621420622617,0.5484191314553906,6.162183416733577,-1.3273089714998076,4.225310534426874,0.1201280558502102,-0.09800663422112432,72.29125203039932,122.18557010669981,-2.408920232336527,438.5467371287357,255.7824918476732,5.053688175258458,2.107439365944408,0.035288667519896,-0.023255836924048978,1371.0094629830596,0.029266349750296045,0.0016607240190751327,54.72650324740073,0.1864430413674788,0.37707636760318763,10.179840509141652,0.04011883716704301,0.042856897626604606,59.38000731910039,0.10340696123146453,0.1588047952747047,1.5505940821906412,0.029726261979029174,-0.0714680629711213,14.98709683875949,0.001834233025549156,0.0014855077496402913,4.764049803050639,12.564224042132311,1.9774169098103167,88.04184857954102,5.2957313615815345,7.523050669419803,44.06046700770575,20.687434611376347,0.28683355401124544,564.0410828832692,183.62968296446053,10.533940616240216,3.6568847051498423,10.262520649530506,-1.969584475831435,28.081636413629962,2.1729995116511485,-0.6017621030839173,0.04235725647085373,0.00616997091650863,0.00013156161887998424,0.18249278098631838,3.167272999898865,-0.3751444705696993,1.9983394221188975,0.04071634023587357,0.008305647840531671,2791.208859101913,13.280743980841661,1.7262141332280407,3276.8706289827924,78.3823492223209,21.775104307257152,144.21451371787435,167.94591300772234,-16.18413819981572,3.0,0.0,0.0,9.998042307118569,0.006895342263859326,-0.0006724861373150759
2024-08-22_02,10,2,595.0,0.12300000339746475,0.0,0.0,133.108078678449,28.004186056855254,1.2987038171592076,0.2776545706763363,0.06359901793143344,-0.06932773251994317,4.064519514319717,0.12312205405512704,0.11391594990962739,71.7603897980104,121.81391147319589,-3.873058887110915,439.7511141408355,255.04887473333318,8.109932452690714,2.0941195897758007,0.0417055004229026,-0.012319355652111952,1371.0136055484895,0.03427990274982001,-0.007561178768355603,54.727487087249756,0.20184924991865463,0.44840262276785836,10.175201612134133,0.05544849702900249,-0.0025209458936163998,59.40625072807394,0.08186278734741229,0.09663905937130579,1.4438790905699934,0.016223253074031684,-0.03016151820912083,14.987212714969472,0.0014926607981986613,0.00044626508440259727,4.748930302037988,15.579779581170444,-0.6721252874166028,88.91417806101362,7.547024564849475,6.3371862983252925,44.17724987640176,20.6101149101868,-0.03769945417131737,567.6547525159774,182.81345856012985,0.47708909491529994,3.2714488588809285,5.643184556960035,-0.689820884681549,28.103241184706327,1.8427476209427789,-0.37161280848398803,0.04241297004609219,0.006156122096917223,-0.0002347901463508606,0.1058815897151988,2.356664426011934,-0.0017952029444590345,2.0,0.0,0.0,2791.4999122209447,8.102033522247629,0.7816968388915484,3279.0620680778256,76.46621275382333,16.033505941439216,142.31201587953876,168.05708746849683,-16.469634596239615,3.0,0.0,0.0,9.999235096798149,0.008362279528416425,-0.0002945875921156471
2024-08-22_03,10,3,598.0,0.12300000339746475,0.0,0.0,132.99539906633456,27.880088551327017,1.2452367859141873,0.2519190910716632,0.06977152540372765,0.018561872818747077,4.131293894972781,0.12335400280678002,-0.01759196085276038,71.32463719614101,121.4897877568412,-3.4413211055903616,440.31798909627963,254.51987661281916,7.794297170080881,2.1101905508050947,0.03695263984411844,0.0019230675139154663,1371.0145735056733,0.03527899801921538,-0.015046492866758854,54.714778140012896,0.19066045905414286,0.38963215167706267,10.157706503962164,0.049402253556122426,0.03143794719989579,59.41166908547297,0.07843913937704929,0.08796017624462849,1.4108730431824215,0.014914254158646232,-0.026201012939912394,14.98713098166978,0.0015407639655066667,0.0006706515283489978,4.777866018531873,14.681825481616778,0.8825360652196368,88.76731103114642,7.2936618481998075,5.680443900883404,44.123428298812456,20.570569976853527,0.24542384323068944,567.606579779622,182.8909253729127,5.3634617527991395,3.2535577899512043,5.4255188796554235,-0.19344547063884754,28.161235753846622,1.7924932248814378,-0.3009849312313442,0.04239113964962445,0.006194740540963687,-0.0001520067328792743,0.10575872693560825,2.3599098444675977,0.004593086880585018,2.0,0.0,0.0,2791.529305690509,5.252171265190548,0.24223077576289143,3277.4383420443623,76.47442986847445,14.2153418295361,141.21657320250242,168.1324020203736,-15.943063461660955,3.0,0.0,0.0,9.999280359146388,0.008016436743588552,-0.000609713653258126
2024-08-22_04,10,4,598.0,0.12300000339746475,0.0,0.0,132.9525444741155,27.887626166466056,0.8221625803306267,0.23692410626326943,0.07779926449818951,-0.04060200715506057,4.142738220963499,0.12019217936412221,-0.07719062443162272,71.329398256725,121.53876055725256,-2.6521735726092572,440.24606000934705,254.60848336217376,6.350835872334358,2.1114443222123698,0.04109815582041792,-0.014866241244567924,1371.0143395273712,0.03504255421300559,-0.00033436650801377255,54.71835534654705,0.19876115051633614,0.4080260924272352,10.180407811709767,0.03969058045300451,-0.050668606391319315,59.41307317975451,0.08454415231368623,0.10050214174200534,1.3876908112831716,0.015005557611740035,-0.028664942967851825,14.987162601186535,0.0016159722977385042,0.0009350074972189759,4.346627536086245,13.857240461436234,-1.332709663289048,88.55998815178114,7.269836995718945,5.535832865182371,44.135473439463084,20.588621367647033,0.24090725442637506,567.8404045857461,184.53798818054076,-4.8264167300834515,3.3089318878996017,5.590422575806976,-0.4660451957476277,28.238984951324106,1.762156495179988,-0.3031692313510064,0.04240946129240925,0.006234904232495225,-0.00015468252853904907,0.10728924316691937,2.393883826465059,0.09262725421816209,2.0,0.0,0.0,2791.4791345063836,5.210442550597713,-0.4148569776862132,3278.0671309174922,77.06672217382894,17.708648375444227,141.79561897872165,168.445728030217,-13.314644233040184,3.0,0.0,0.0,9.999693838978484,0.007866353328511448,-0.0016335659601214303
2024-08-22_05,10,5,594.7999999523163,0.12300000339746475,0.0,0.0,132.76279932615137,28.026292854370272,0.9422268394662581,0.3078184883021006,0.07013730099279288,0.041512604051527846,4.166786558487836,0.11129229641605222,-0.08568065987915574,71.82173788330948,121.86762229575027,-4.924772852205308,439.2696657947733,255.38216888510203,10.36078984597151,2.116396630551635,0.03972504318920463,-0.010823545135369983,1371.0138789636949,0.034567786946160826,0.013778147977973276,54.71156344630137,0.21128035270829976,0.4678991686396259,10.16329413694494,0.048199998427259985,0.02974772894081923,59.41425292199399,0.07318825658964338,0.09916001007336916,1.4983232035356409,0.016402385922347374,-0.03274046332896252,14.987121257942263,0.0015783321446205271,0.0006299058930210322,4.79917154680781,13.245663930305831,-0.17244241217605172,88.51191180671464,7.488668178332363,6.0816670216682525,44.20231663295201,20.61569912531495,0.04500847183355461,570.7752370164375,183.322573430111,1.875926888089225,3.550307971818858,6.1334464365794625,-0.6618156871312308,28.300242634620986,1.7603629078797731,-0.3715462019463516,0.04239818440139795,0.006215153479584955,-0.0002635296371554102,0.15936303916097688,2.895572683950096,0.002564585709772166,2.0,0.0,0.0,2791.3679228761816,8.041402271327405,0.3926930147058556,3279.0279651391807,77.0439730363723,17.808188763786802,145.67723977225168,169.74165435448404,-16.7688182991092,3.0,0.0,0.0,9.999451262209595,0.007276452586513285,-0.00047389920018403586
2024-08-22_06,10,6,595.0,0.12300000339746475,0.0,0.0,132.7529522924013,28.02329228296098,0.9391495327989787,0.31270161411732494,0.05707321467594368,0.015546217883209201,4.195473798019911,0.11907733916949444,-0.11398318475034053,71.915792944699,121.83554851820395,-1.1428571876576683,439.1828748796095,255.27330356646553,2.3224373052100304,2.123820566842633,0.0385518863761336,-0.03979839076515024,1371.012564136136,0.0331398454303635,0.0026884191177032335,54.72120343997914,0.21225243732346918,0.4384869295008045,10.192472970613869,0.026382309568210784,0.012604969890178452,59.418851548625575,0.07622734718147707,0.11495861406085339,1.517016862589185,0.01699803024357835,-0.03532145203662518,14.987166971929613,0.0015361474864887905,0.0006863345619017025,4.199720169267347,12.599774734890786,-0.7816328593662805,88.59422807061985,7.505260998841523,6.196847442669025,44.18658689401483,20.601526240806603,-0.5145575515362424,570.0606917514596,180.95693279257037,-2.5197764677159284,3.3997219633411175,5.923751171647847,-0.9284038399447914,28.333302151131374,1.7349748183509877,-0.35736403585481824,0.0423605170311226,0.006170568266039451,-0.00013546238363790902,0.052710061432212914,1.6594166446630083,-0.08668282773314404,2.0,0.0,0.0,2791.3296296314525,7.719069681871139,0.46378676470612845,3279.4698059738325,77.10836440187215,16.711061827074445,146.63360538790303,169.6450210992219,-11.466855502729658,3.0,0.0,0.0,9.99965065012696,0.00783994173084651,-0.001993831666577961
2024-08-22_07,10,7,595.0,0.12300000339746475,0.0,0.0,132.75264461642954,27.98099905930171,0.44315954577021444,0.34777553724963717,0.08974102815250887,-0.14060504066781337,4.2159240619950396,0.10712183760616384,-0.03642016899685885,71.62383049022988,121.76064013870234,-2.0351429217064663,439.78348976726176,254.96056422646222,4.950504491309175,2.1017304715770546,0.03501150492817998,0.011613482787829366,1371.01672978555,0.03731868685287115,0.003024471507387716,54.72164031638894,0.2233408936280507,0.45344489602481985,10.199999809265137,0.0,0.0,59.410551999204905,0.06914569176265348,0.08705941208270218,1.5078309544071715,0.01701549361494203,-0.03565382957458496,14.987213119704236,0.001562604655639295,0.0006894039506679661,4.76841456755515,12.234455937430454,-0.5083511576933022,88.56785553007546,7.53193241873582,6.028959577887491,44.19864663385576,20.616818311321836,-0.37745503978568706,571.6718888231503,182.1511181226934,-1.0485799324611662,3.47795640592969,5.87433421175213,-0.7522171185798001,28.347690761730234,1.7229545429806867,-0.36738643485958633,0.04240332617579649,0.00624667177577623,-0.00010823542643494805,0.159206941563596,2.89276005241333,-0.1741350189978335,2.0,0.0,0.0,2791.2814638691566,7.7301753988545805,0.5185021664915439,3275.6972397835025,76.3882042660627,15.841158826812261,143.50568360602983,169.41650030510587,-14.184900815947714,3.0,0.0,0.0,9.999390060222277,0.007323395842351038,-0.0003621814631600273
2024-08-22_08,10,8,602.0,0.12300000339746475,0.0,0.0,132.6863905755597,27.967575563507054,1.1279685188369513,0.5932547331248524,6.742705446415611,-1.6152657801594796,4.062710092060592,0.11412421075203755,0.09245845962600452,72.29641954757382,122.20510389343428,-5.6518270864996225,438.5221669948584,255.61241533529667,10.656793948869392,2.109332423161051,0.03713847158142989,0.027956855257484037,1371.0144435004593,0.03514801154953105,-0.007473258085155976,54.713384653000844,0.2213380574402612,0.42707590248893723,10.199966602648503,0.010146649590173635,-0.005149495958093553,59.40471698959893,0.06619370211864117,0.0760806264275331,1.5285121009263514,0.014414794247483315,-0.013121941160918249,14.986928992079802,0.0017829223302408379,0.0013364953456118656,4.5684414647893234,10.553028699046338,-1.0980073146249767,88.88971693735114,5.0490445995352715,4.330606733049663,44.08169114585732,20.70952266938611,0.574655428281261,571.3945709806231,183.5278727033997,6.537816450049263,3.5412924405681023,9.556486853012899,-1.6702040399291689,28.401900340536034,2.040808641860687,-0.5807388090216037,0.04234875405621129,0.006234548351066574,-7.591361297523691e-05,0.10282639497461132,2.3017257271802585,-0.0836470784539004,1.9980073065426769,0.044595096480535716,0.009966777408637828,2790.6384612216143,14.376780099056857,2.8863853885486606,3277.2565412822255,79.05534257617998,22.815628001064397,146.2071265097434,168.94641462622326,-11.590747757211489,3.0,0.0,0.0,9.99955610720591,0.007905170671177948,-0.0012312173051309827
2024-08-22_09,10,9,598.0,0.12300000339746475,0.0,0.0,132.71562041522108,27.95718730534206,0.6787563056052761,0.30180876002846574,0.07949547209201475,-0.06058528338773894,4.053403570834549,0.10213851789797311,0.03297659346092541,71.25458016026975,121.45056185120704,-2.5338125957618445,440.4315197447079,254.51620956674847,5.748076517446407,2.1022299799541293,0.03328063545049497,0.029046862420429864,1371.013002508502,0.03362838352947217,0.001170282778730325,54.717519684246014,0.22910996544522222,0.4615376960473725,10.20197242576117,0.026612886283020804,-0.008026735439745636,59.40210706149005,0.08591297504328417,0.120736444275515,1.4285388836610362,0.016047234514247645,-0.0340766203044649,14.98710280921857,0.0015691927382152423,0.00091053729870616,4.519606570502421,10.380499924486603,0.6564031572246236,88.43669589551864,7.311637909370468,5.7385822179724215,44.1415036755316,20.621106899022983,0.12608041412455862,572.098264683373,183.88371842839152,4.19107642540564,3.3576176381445437,5.332591950586692,-0.4310611831865283,28.359265246147377,1.6848012362925957,-0.3451704356981331,0.0424003004840946,0.006279866921168638,-0.00014096995921537847,0.1407565490253312,2.7186648861054605,0.0836962505327818,2.0,0.0,0.0,2791.2539865690824,5.4741268341583655,-0.49570426813306767,3276.269537127006,76.06790629711385,15.958162543765411,145.2178653479818,169.36399485214267,-14.178961036197308,3.0,0.0,0.0,9.999048705564936,0.0068921253140959765,-0.0015762833049866032
2024-08-22_10,10,10,598.0,0.12300000339746475,0.0,0.0,132.79581954494364,27.90955126351082,0.34141963780126616,0.22042795070093618,0.07704126743767113,-0.03578595297853385,4.242032770487187,0.09797284044242084,-0.03755852211279187,71.38687029403464,121.5004486228682,-0.014164080734317963,440.27366930782415,254.59124479122195,0.8609027312352282,2.097756563441405,0.038586071188033366,0.022173945720378896,1371.015108313221,0.035807839063629936,-0.0053498641304940975,54.714142994831256,0.21285315709277847,0.4423073797321635,10.190738774270606,0.03797549958989412,0.0038462275246704536,59.40989703424238,0.0782349218637623,0.0911378828578222,1.4341071084445633,0.01417476654676785,-0.024682226189004064,14.987065257853946,0.0015748502645782307,0.0008993212594639033,4.427918405446748,10.65478753234039,-1.0934608756100452,88.4737701524424,7.283992273249192,5.9663379854183205,44.11655631235952,20.59360229927027,-0.09875134879530378,571.2782821935859,183.15670252584775,0.3919039825133268,3.328507210446546,5.126039479979535,-0.7177463608878014,28.35648378150912,1.6808783236800315,-0.34346079746616454,0.0423987625519873,0.006274298647175646,-6.705713785412626e-05,0.07137311082825298,1.9510335240453864,0.08931001771652579,2.0,0.0,0.0,2791.247924029249,5.5589770986761895,0.17262211930392368,3273.943916139695,75.26140981596929,15.741785770275783,142.96175062166174,169.12326353694505,-10.421509691704074,3.0,0.0,0.0,9.999584744822338,0.008089062909733104,-0.00023576806620262403
