group_name,experiment_key,date_process,lot_number_process,wafer_number_process,raw_timepoints,continuous_timepoints,terminal_gap,main_active_threshold,main_active_start,main_active_end,main_active_duration,main_active_samples,main_mean__Stat3_Etch_MV_EpdIntensity,main_std__Stat3_Etch_MV_EpdIntensity,main_mean__Stat3_Etch_MV_ForeLinePressure,main_std__Stat3_Etch_MV_ForeLinePressure,main_mean__Stat3_Etch_MV_Gas1Flow,main_std__Stat3_Etch_MV_Gas1Flow,main_mean__Stat3_Etch_MV_Gas2Flow,main_std__Stat3_Etch_MV_Gas2Flow,main_mean__Stat3_Etch_MV_Gas4Flow,main_std__Stat3_Etch_MV_Gas4Flow,main_mean__Stat3_Etch_MV_Gas5Flow,main_std__Stat3_Etch_MV_Gas5Flow,main_mean__Stat3_Etch_MV_Gas7Flow,main_std__Stat3_Etch_MV_Gas7Flow,main_mean__Stat3_Etch_MV_Heater1Temp,main_std__Stat3_Etch_MV_Heater1Temp,main_mean__Stat3_Etch_MV_Heater2Temp,main_std__Stat3_Etch_MV_Heater2Temp,main_mean__Stat3_Etch_MV_Heater3Temp,main_std__Stat3_Etch_MV_Heater3Temp,main_mean__Stat3_Etch_MV_Heater4Temp,main_std__Stat3_Etch_MV_Heater4Temp,main_mean__Stat3_Etch_MV_HeliumBPFlow,main_std__Stat3_Etch_MV_HeliumBPFlow,main_mean__Stat3_Etch_MV_HeliumBPPressure,main_std__Stat3_Etch_MV_HeliumBPPressure,main_mean__Stat3_Etch_MV_PlatenDcBias,main_std__Stat3_Etch_MV_PlatenDcBias,main_mean__Stat3_Etch_MV_PlatenRFLoadCapacitor,main_std__Stat3_Etch_MV_PlatenRFLoadCapacitor,main_mean__Stat3_Etch_MV_PlatenRFLoadPower,main_std__Stat3_Etch_MV_PlatenRFLoadPower,main_mean__Stat3_Etch_MV_PlatenRFPeakToPeak,main_std__Stat3_Etch_MV_PlatenRFPeakToPeak,main_mean__Stat3_Etch_MV_PlatenRFReflectedPower,main_std__Stat3_Etch_MV_PlatenRFReflectedPower,main_mean__Stat3_Etch_MV_PlatenRFTuningCapacitor,main_std__Stat3_Etch_MV_PlatenRFTuningCapacitor,main_mean__Stat3_Etch_MV_Pressure,main_std__Stat3_Etch_MV_Pressure,main_mean__Stat3_Etch_MV_SourceRF2PeakToPeak,main_std__Stat3_Etch_MV_SourceRF2PeakToPeak,main_mean__Stat3_Etch_MV_SourceRF2TuningCapacitor,main_std__Stat3_Etch_MV_SourceRF2TuningCapacitor,main_mean__Stat3_Etch_MV_SourceRFLoadPower,main_std__Stat3_Etch_MV_SourceRFLoadPower,main_mean__Stat3_Etch_MV_SourceRFPeakToPeak,main_std__Stat3_Etch_MV_SourceRFPeakToPeak,main_mean__Stat3_Etch_MV_SourceRFReflectedPower,main_std__Stat3_Etch_MV_SourceRFReflectedPower,main_mean__Stat3_Etch_MV_SourceRFTuningCapacitor,main_std__Stat3_Etch_MV_SourceRFTuningCapacitor,main_mean__Stat3_Etch_MV_moriInnerCurrent,main_std__Stat3_Etch_MV_moriInnerCurrent,lot_number_quality,wafer_number_quality,date_quality,conditioning,conditioning_count,conditioning_surface,n_points,mean_si_etch,median_si_etch,std_si_etch,min_si_etch,max_si_etch,p05_si_etch,p95_si_etch,mean_oxide_etch,std_oxide_etch,interpolated_points,range_si_etch,p90_width_si_etch,cv_si_etch_pct,interpolated_pct,lot_number,wafer_number
Day_2024_07_02_Wafer_01,2024-07-02_01,2024-07-02,1,1,3245,3244,True,2245.1857421875,29.799999952316284,627.5999999046326,597.7999999523163,2990,0.1230000033974647,0.0,133.4037536499891,28.17998856772991,0.223966555561509,0.0810593674518252,4.164785953668448,0.1132304710682254,71.4211568840197,121.55537113810313,440.6698412488536,254.2201016167325,2.0023946438744717,0.0363826208382862,1371.013408096977,0.0340691251286352,54.43598669938818,0.1205443442902723,10.162575279350664,0.0494859561411873,60.00642115104956,0.0856539145284046,1.7187734702757769,0.0785435435859311,14.986849260489675,0.0016836146074234,2.288010418933371,11.351338907285353,88.5444742271334,7.379436285428529,44.180594835951176,20.598961372133463,563.8176075300644,183.27066499731248,3.379501344872806,6.208980041565757,27.959007810509725,1.875932718786543,0.0423897320691209,0.0061907289751786,0.2002585790627776,3.3008836159013457,2.0,0.0,2791.768392852477,5.351987639535612,3276.3486748634773,72.57894646807064,143.30789979851764,165.33584806330558,3.0,0.0,9.998393408670074,0.0073788502321317,1,1,2024-07-02,3C,3,Chuck,89,44.28899101123595,42.4872,3.6675814288162503,40.5896,52.6763,40.91728,51.87828,0.6018027662921348,0.0753888652126073,0,12.0867,10.961,8.28102276677696,0.0,1,1
Day_2024_07_02_Wafer_02,2024-07-02_02,2024-07-02,1,2,3298,3297,True,2244.7828125,43.39999985694885,638.3999998569489,595.0,2976,0.1230000033974647,0.0,132.95497325094797,27.97780451352421,0.232389113340672,0.0851321587754845,3.9642305354117062,0.1350202115796462,71.79514420508302,121.76101586477468,439.6682042490731,254.94573087651435,2.040131011837593,0.0377351163778956,1371.0139414879584,0.0346329805385579,54.44788270227371,0.1570541394146613,10.15819897318399,0.0493229134622185,60.00873631303028,0.0705979233026283,1.7036047310678548,0.0614487151917412,14.987271370746756,0.0015415623754658,3.8966681037538793,14.788007470156373,89.36407374342282,7.560866251357232,44.19310900408735,20.603790888182157,568.3066696351574,182.7499263049412,3.203966643508544,5.780611346711518,28.04364501532688,1.859518013809966,0.0424029902412345,0.0061773816411832,0.086038403613593,2.0980279065623284,2.0,0.0,2791.5008119972804,8.061979705709561,3271.772803768035,72.09582164256584,139.75378328946329,164.77565389322191,3.0,0.0,9.999289901025834,0.0072867359357434,1,2,2024-07-02,3C,3,Chuck,89,44.038886516853935,42.2054,3.6156759805667615,40.3938,51.8768,40.67858,51.37784,0.6005827669213484,0.0732145251459532,0,11.483000000000004,10.699260000000002,8.21018937248339,0.0,1,2
Day_2024_07_02_Wafer_03,2024-07-02_03,2024-07-02,1,3,3247,3246,True,2243.84296875,30.0,628.0,598.0,2991,0.1230000033974647,0.0,132.9272400222467,27.882927008134367,0.2060113678496693,0.0943600379392444,3.9719358393676463,0.1192354141387674,71.36173499907846,121.5358169134318,440.5478756020436,254.26124783010724,2.0447408511303053,0.0417382574082229,1371.013503890578,0.0341716887529379,54.43229673124802,0.1699212779428596,10.155867664601164,0.049654234674796,60.01270448511877,0.0743113802746459,1.7094197743555168,0.0690069235413781,14.987339541729538,0.0015435987653171,3.1830570704958503,14.089837756802186,89.07887330193935,7.335179323819258,44.13625403289132,20.58390383266708,567.5936085947458,181.89792148132065,3.133075487339419,5.402700322006545,28.128716310343588,1.7988387866858282,0.0423982277094062,0.0062078332608309,0.0892801581318663,2.181863787146304,2.0,0.0,2791.568589965861,5.566117027628675,3276.688388652285,73.02686811530046,143.00871682493872,165.05038380331348,3.0,0.0,9.999791487129745,0.0080514039893671,1,3,2024-07-02,3C,3,Chuck,89,44.149623595505616,42.3301,3.5834535260678626,40.5103,51.911,40.76734,51.48256,0.5973194684382023,0.0745806990090462,0,11.4007,10.715219999999997,8.116611726747891,0.0,1,3
Day_2024_07_02_Wafer_04,2024-07-02_04,2024-07-02,1,4,3247,3246,True,2245.319921875,30.0,628.0,598.0,2991,0.1230000033974647,0.0,132.65593026625754,27.851234238843627,0.2517586097268208,0.091061847763115,3.989662346175107,0.1267007467062194,71.42783663812457,121.5506032690063,440.427063299716,254.48387250139575,2.052524192402571,0.0378635194488678,1371.0128688066152,0.0334807451823949,54.44463382824254,0.1796303250982868,10.199999809265137,0.0,60.01136709383522,0.0836583995446808,1.6545640052022523,0.0234665837693357,14.987219953010888,0.0015749900310193,3.920327531259142,12.959469382651632,88.85464947951434,7.305314081138468,44.142054672904415,20.60570262361129,570.4479229364935,179.57894886022535,3.210228852633747,5.468010902791549,28.199088439380237,1.766188053251965,0.0423782008738371,0.00622676533081,0.0533640257931999,1.6852508083732811,2.0,0.0,2791.315886461468,5.341448855522606,3272.3520750239,72.97672060641978,140.53114641840662,165.06857444030322,3.0,0.0,9.999157135241887,0.0070362277224768,1,4,2024-07-02,3C,3,Chuck,89,43.90529550561798,42.0998,3.532246787855696,40.3074,51.6734,40.57768,51.0651,0.5911904465955057,0.0744833775589448,0,11.366,10.487419999999991,8.045149787008544,0.0,1,4
Day_2024_07_02_Wafer_05,2024-07-02_05,2024-07-02,1,5,3298,3297,True,2243.70859375,43.40000009536743,638.2000000476837,594.7999999523163,2975,0.1230000033974647,0.0,132.60800120826528,27.976698538592924,0.2856403370251675,0.0868661779897072,4.063257161549159,0.1054694597057868,71.7954080655,121.77183449470296,439.48836501562295,255.11461343868143,2.056416758929982,0.036915521597854,1371.0153575942095,0.0360489775137315,54.42877329850397,0.220798675246029,10.197142687885702,0.0196242373981446,60.01556265951205,0.0775878954012788,1.643617159058066,0.0763970446108065,14.987269602543163,0.0015361291606298,3.0294878086122146,12.495312059487857,88.74784603961376,7.48559327484831,44.20676359994071,20.60566983800956,569.4657003399504,182.6655094611017,3.404511563514962,6.041764176148966,28.26454676075142,1.7631787411270674,0.042402789461262,0.0062246124221156,0.0871957397460937,2.126061462337276,2.0,0.0,2791.5145072872897,7.989670596258705,3272.3972904083507,73.68470136853286,142.49281007269852,165.72329738743636,3.0,0.0,9.999791136990074,0.0077607863916735,1,5,2024-07-02,3C,3,Chuck,89,43.42659101123596,41.7122,3.4892911242553044,39.8455,51.0277,40.12304,50.60116,0.5828990922808989,0.0734833816062201,0,11.182200000000002,10.478119999999995,8.034918336906768,0.0,1,5
Day_2024_07_02_Wafer_06,2024-07-02_06,2024-07-02,1,6,3246,3245,True,2245.1857421875,30.0,628.0,598.0,2991,0.1230000033974647,0.0,132.84530616627617,27.944746003693417,0.2569575400892875,0.0829067261794719,3.880892691744565,0.1222798714408378,71.31304886518653,121.50506105283384,440.6143482319689,254.313956521494,2.0640621361466245,0.0377171236423233,1371.013971847182,0.0346645509849017,54.42754902866763,0.2399366784047281,10.166466070791824,0.0482612083649658,60.01019700208821,0.074315447113297,1.6681819325583869,0.0358332480614012,14.987219136122356,0.0015776968707144,3.711258900360852,11.502428898321137,88.80336089087983,7.288538582291001,44.120780511828656,20.579745787161773,572.3280027307263,181.89723475501677,3.311947014172842,5.446984791149034,28.27957120415201,1.7215778628305896,0.0423943491696823,0.0062510094885374,0.1785093005864925,3.085090929937348,2.0,0.0,2791.327783888776,5.630571919742833,3272.7160835533946,73.3605267514583,144.57788462305658,165.846836549217,3.0,0.0,9.99921773835912,0.0069817867585929,1,6,2024-07-02,3C,3,Chuck,89,43.584064044943815,41.8788,3.4852465579200778,39.988,51.257,40.2758,50.82845999999999,0.5827595102808989,0.0738367397554373,0,11.268999999999998,10.552659999999996,7.996607554371472,0.0,1,6
Day_2024_07_02_Wafer_08,2024-07-02_08,2024-07-02,1,8,3298,3297,True,2243.84296875,43.39999985694885,638.2000000476837,594.8000001907349,2975,0.1230000033974647,0.0,132.46766737929914,28.00338292063987,0.2443899166070613,0.0813488558483662,4.086692458000504,0.0969657954595989,71.87028526695399,121.78248698023484,439.4250742716749,255.1808677903375,2.0168235124459786,0.030943034926197,1371.0155256204043,0.036209641092289,54.42272246673328,0.246374995599921,10.1731092116412,0.0454618604935878,60.01136103910559,0.0735090734711306,1.6550453400010825,0.0305528193844364,14.987321919673631,0.0015492346084518,3.701018113849544,10.11094366536472,88.68280306636787,7.478640259608303,44.18477486233751,20.600312477758884,571.8414277610458,180.3601583513037,3.344023365578732,5.57508254174853,28.31664777739709,1.7284909449534769,0.042407058271415,0.0062764459389565,0.1255618670808167,2.5870287014257265,2.0,0.0,2791.359855567227,6.90629836375031,3269.110062368697,72.44653999412125,142.4364201919171,166.37253261536,3.0,0.0,9.999032868778004,0.0067789489689797,1,8,2024-07-02,3C,3,Chuck,89,43.09692808988764,41.4653,3.4581202774745448,39.5443,50.67,39.84616,50.20158,0.5745922288539326,0.0725442910963648,0,11.125700000000002,10.355420000000002,8.024052828688655,0.0,1,8
Day_2024_07_02_Wafer_09,2024-07-02_09,2024-07-02,1,9,3246,3245,True,2244.5142578125,29.799999952316284,627.7999999523163,598.0,2991,0.1230000033974647,0.0,132.88030397178576,27.9490190006338,0.2039451690248096,0.0826683205988044,4.067820151328084,0.1025280140632021,71.40557627205213,121.47885326967122,440.4692996680159,254.32181131908283,2.077435587210545,0.0407142438211934,1371.0129356575585,0.0335547121494956,54.42490776977744,0.2531478070645708,10.119726112796805,0.0422381314514225,60.01771944097674,0.080246528487369,1.624618520508718,0.0243271845615505,14.987292196949124,0.0015815191316307,3.138447605300133,9.41722335225789,88.61463889100008,7.328179073087581,44.139146691299686,20.593552978091164,571.6339896510414,180.6462781328749,3.2868006225340305,5.140420147841286,28.31488431970717,1.6917512065389413,0.0424011028121094,0.0062859210058001,0.0691793703865502,1.8910098401792037,2.0,0.0,2791.2939427821225,5.0416963851808365,3272.0192909457537,72.16961888980822,144.53916249710434,165.84348209492234,3.0,0.0,9.9998534227127,0.0079136412878068,1,9,2024-07-02,3C,3,Chuck,89,43.339929213483146,41.6891,3.4698494783013167,39.7618,50.9367,40.05766,50.51542,0.5764614146179775,0.0727849844322561,0,11.1749,10.45776,8.006126316472708,0.0,1,9
Day_2024_07_02_Wafer_10,2024-07-02_10,2024-07-02,1,10,3247,3246,True,2244.6486328125,30.0,628.0,598.0,2991,0.1230000033974647,0.0,132.6247076980249,27.847863669086973,0.2666733542501438,0.0941338599442686,4.042571069643435,0.1126610680151151,71.3203874135758,121.5181435688568,440.46612035897374,254.3928580201195,2.0698996487368477,0.0388998154497342,1371.0155428443534,0.0362260260140499,54.40839170445092,0.2413185608344099,10.130591981748164,0.0460792416994234,60.00434615053249,0.0753975626624666,1.6483725525790016,0.0198196905425323,14.987240356412151,0.0016307275528234,3.2360435646539227,8.892948960371779,88.50542219742928,7.272006704017093,44.10290406564134,20.58299829006405,569.5614554744147,183.0241079409873,3.3284306833872384,5.243868126400306,28.315710801099385,1.6924906126803283,0.0424087256964125,0.0062957566927781,0.0894842272177861,2.187417980835635,2.0,0.0,2791.305558602892,5.171522918569925,3270.749266680249,71.72123373754947,143.9857786147342,166.30338459150678,3.0,0.0,9.999732902001394,0.0077852203046876,1,10,2024-07-02,3C,3,Chuck,89,43.28435730337079,41.6455,3.458258239845298,39.7163,50.9023,40.02738,50.43142,0.5755332011685393,0.0722420573904366,0,11.186,10.404039999999997,7.9896259417856355,0.0,1,10
Day_2024_07_05_Wafer_01,2024-07-05_01,2024-07-05,2,1,3245,3244,True,2245.319921875,29.800000190734863,627.6000001430511,597.7999999523163,2990,0.1230000033974647,0.0,133.39946660644634,28.26809593361897,0.206110367834269,0.1293118697678143,4.085344502200251,0.1118730513544152,71.40704006395337,121.57749742029156,440.7270619944984,254.37039161332163,1.877257526279692,0.0449968779620026,1371.0146786897078,0.0353842715454177,54.08247451016735,0.2335000532470971,10.126020299471342,0.0438741470416716,60.04819333768609,0.0765583642862519,1.5574026162807757,0.0832680400165866,14.9869537828758,0.0017932462772629,2.6850980806510187,10.552390401477506,87.8837434478428,7.342082124420694,44.121144897563006,20.623984722782527,561.5802917429436,180.53956172563528,3.385395799627073,6.220364993568472,27.948446798165108,1.877118150488467,0.0423980598428277,0.0062170360405261,0.1093154626546496,2.4419997872801207,2.0,0.0,2791.861070919994,5.528260843061778,3281.841293977973,73.60088498177095,143.61754513679938,166.18353778339528,3.0,0.0,9.99714045955186,0.0065971807415536,2,1,2024-07-05,1C,1,Chuck,89,44.20857078651686,42.3629,3.7718510450590257,40.4464,52.6825,40.76196,51.88524,0.5954297366067416,0.0739966455889537,0,12.2361,11.12328,8.531945226805206,0.0,2,1
Day_2024_07_05_Wafer_02,2024-07-05_02,2024-07-05,2,2,3247,3246,True,2245.1857421875,30.0,628.0,598.0,2991,0.1230000033974647,0.0,133.02009131285865,28.053537102685887,0.2118789706521162,0.1085287164280698,4.069037132620293,0.1211805501414792,71.63810427514547,121.72921807111662,440.1100253336648,254.8103373138457,2.010605131810583,0.0466984039791134,1371.0113312349156,0.0316930586308199,54.04854546881408,0.2275646371615295,10.130391371844008,0.048056060856026,60.0201600794408,0.0750660568749877,1.5032762741014256,0.0180312462202906,14.987135870247052,0.0015783139251806,3.5984597953814244,15.053897746337968,89.1652578336664,7.350337965462922,44.083925593461295,20.587771550289723,564.8697856978324,182.3859816416868,3.1912198326746903,5.650487598945982,28.02621452436125,1.828761962100293,0.0423793377207149,0.006199445938258,0.0890760915967303,2.1777401354472463,2.0,0.0,2791.6336343013413,5.389878891438851,3282.6882191986115,73.55351073416037,141.5116975517107,165.67196926913425,3.0,0.0,9.998864183773447,0.0077658377035037,2,2,2024-07-05,1C,1,Chuck,89,44.20844943820225,42.4867,3.6378891360368857,40.5446,52.1452,40.85914,51.5824,0.5980765559550562,0.0757020160865711,0,11.6006,10.723260000000003,8.228945331191017,0.0,2,2
Day_2024_07_05_Wafer_03,2024-07-05_03,2024-07-05,2,3,3247,3246,True,2244.9171875,30.0,628.0,598.0,2991,0.1230000033974647,0.0,132.8588769167253,27.922407759275963,0.2324506859586206,0.0980337225523071,4.010294241715497,0.1248629301738879,71.35891670437137,121.52299411149508,440.431797274456,254.4517894070681,2.044520187640979,0.040235345541058,1371.014105549069,0.0348029311784419,54.03881638889447,0.2269852533146805,10.131126916834996,0.0463009127548825,60.00715445388085,0.0792108465652589,1.4842288871546407,0.0218401380567757,14.987222604550713,0.0015825209701025,3.6805771403948784,14.350447300892665,88.84533062924991,7.284818567634859,44.106010994995685,20.56930757051961,566.3014539376185,182.4296277403376,3.2330641636917004,5.660038740276474,28.12091474938018,1.794241280879694,0.0423799394808936,0.0062262240165886,0.1235637416093495,2.5523382326730224,2.0,0.0,2791.5132017145183,5.348974281309845,3281.119391622132,74.28956009132474,142.28962896660155,166.89456019613775,3.0,0.0,9.99976589447756,0.00764340408024,2,3,2024-07-05,1C,1,Chuck,89,43.95148597898877,42.2873,3.5274047631088563,40.3631,51.6801,40.66008,51.18186,0.5907246180449438,0.076602724814268,1,11.317,10.52178,8.025678050555902,1.1235955056179776,2,3
Day_2024_07_05_Wafer_04,2024-07-05_04,2024-07-05,2,4,3298,3297,True,2244.7828125,43.39999985694885,638.3999998569489,595.0,2976,0.1230000033974647,0.0,132.82791529099146,28.074063789592927,0.2926411298034783,0.0877106542353783,3.9721841680747207,0.1142274924169779,71.84629365597145,121.77024160083964,439.5793936238173,255.010772357479,2.048864202994493,0.0391198286853055,1371.0136391424364,0.0343155220033329,54.01549087032195,0.2276548237084262,10.188911163037822,0.0313990477977052,60.0134741798524,0.0722835641721245,1.5372497306395605,0.0684486511227528,14.98725557295225,0.0015647827859253,3.649617892439647,13.269155796680884,88.62723226142516,7.512444872713328,44.20104627647707,20.61408946052983,569.8881023622329,183.9314157634175,3.410766462376091,5.997958836144534,28.219469949763308,1.7855979610604684,0.0423955977412431,0.0062208044426431,0.1760762122369581,3.034629947896128,2.0,0.0,2791.40785783337,8.07079787560209,3282.431618885327,75.06947781039133,144.93026008080412,166.76334658687088,3.0,0.0,9.999744739904198,0.0078381424054203,2,4,2024-07-05,1C,1,Chuck,89,43.42695056179775,41.8261,3.447199680415539,39.9051,51.0643,40.19746,50.52952,0.5819923061797753,0.0762133160925316,0,11.159200000000006,10.332059999999998,7.937927107062419,0.0,2,4
Day_2024_07_05_Wafer_05,2024-07-05_05,2024-07-05,2,5,3247,3246,True,2245.0513671875,30.0,628.0,598.0,2991,0.1230000033974647,0.0,132.8219403541435,27.91129203892179,0.2718054167378291,0.0888073411990937,3.9603042729281137,0.128496997711694,71.28113001414623,121.50470922982676,440.5862574136525,254.24156082974503,2.063838131409431,0.0378639562844734,1371.0121000207655,0.0326082223274327,54.00127079924466,0.2158196776628314,10.201002822118394,0.0099647194220882,60.01745203337674,0.0672542507510765,1.435273975801484,0.0208415824190209,14.987223012038434,0.0015535584619241,4.081062432955197,12.214300217318392,88.49830431860053,7.289889068483619,44.12148457217559,20.56261563959669,570.2315698417682,182.1137553225437,3.3330681481000397,5.446149653649424,28.24851498975279,1.7377710127958883,0.0423854225888395,0.0062534055097191,0.1951409176973466,3.213718136639225,2.0,0.0,2791.446082959164,5.612568226279627,3277.49201151632,74.10460832562582,141.33161707476046,166.01168743242548,3.0,0.0,9.999189455267658,0.007032612289535,2,5,2024-07-05,1C,1,Chuck,89,43.54600561797753,41.961,3.4470949355489964,40.0046,51.2281,40.29946,50.69468,0.5797892122921349,0.0767761877711869,0,11.223499999999994,10.395219999999997,7.915984225487488,0.0,2,5
Day_2024_07_05_Wafer_06,2024-07-05_06,2024-07-05,2,6,3247,3246,True,2244.9171875,30.0,628.0,598.0,2991,0.1230000033974647,0.0,132.6624603647725,27.98959973363607,0.3086258783470683,0.0803066928438595,3.982828510919569,0.1267167273573587,71.57468054825904,121.61595833116294,440.0890623362556,254.73813564627187,2.061601424209253,0.0404233088767241,1371.0184508603936,0.03878403446835,54.01748563357717,0.2392979505889418,10.197492301045592,0.0156352738919277,60.00738858395458,0.0710207881017371,1.469639998102459,0.0160518375052127,14.98719934172074,0.0015613491850463,3.5934805131923078,11.03601732573532,88.46837456893539,7.30476137917421,44.10455699909176,20.55829772749764,570.1715343173074,181.97092922790304,3.2680824024995725,5.268243923119437,28.290327686882467,1.7181901098815329,0.0423857569626016,0.0062769942053692,0.1091258623894143,2.436663299701276,2.0,0.0,2791.365608789258,5.337988827853658,3279.755848926989,74.1537147965511,145.14721646846158,166.41817548189513,3.0,0.0,9.999990804424176,0.0071515548410993,2,6,2024-07-05,1C,1,Chuck,89,43.41621348314607,41.8616,3.433145727479441,39.8772,51.0924,40.17342,50.53621999999999,0.5777132975280899,0.0756277124811995,0,11.215199999999996,10.362799999999991,7.907519914909597,0.0,2,6
Day_2024_07_05_Wafer_07,2024-07-05_07,2024-07-05,2,7,3247,3246,True,2244.5142578125,30.0,628.0,598.0,2991,0.1230000033974647,0.0,132.7705150184644,28.0003491226016,0.3344132397815819,0.0780751912441134,3.8922835306673296,0.1122743185992715,71.23998658522025,121.42049465101404,440.3996003959857,254.45155046629543,2.066215264043932,0.0389452844112152,1371.0115986386895,0.0320164376471058,54.01989283126479,0.2565141361179695,10.171313924798994,0.0473950888189537,60.007656145877,0.0631142002187343,1.398002416423554,0.0215369547737981,14.987184437809482,0.001613222417353,3.347740704540583,10.623747739209886,88.46131070024471,7.298047110035378,44.11643383902317,20.56260757472197,569.0758532412831,182.95232766621052,3.2749544139932785,5.300316277422991,28.302524911643907,1.7091073974351871,0.0423578063909752,0.0062609898936794,0.1547862887980347,2.8188869573770003,2.0,0.0,2791.2620690032336,5.082676848332756,3277.1399417980506,74.06935497998474,144.85821408150946,166.86634538225218,3.0,0.0,9.999686438197957,0.0075095217926507,2,7,2024-07-05,1C,1,Chuck,89,43.29778764044944,41.7385,3.430589230805898,39.7664,50.9669,40.06628,50.3038,0.5753676929662921,0.0757730292814672,0,11.200500000000003,10.237520000000004,7.923243698486318,0.0,2,7
Day_2024_07_05_Wafer_08,2024-07-05_08,2024-07-05,2,8,3299,3298,True,2243.70859375,43.40000009536743,638.4000000953674,595.0,2976,0.1230000033974647,0.0,132.56549298571002,28.124784243566825,0.3217405914635678,0.0973633991027355,3.89971440237376,0.097814960787602,71.72874983173284,121.82900024735478,439.8779655647695,254.79030000070367,2.0530308674500195,0.0356150646860214,1371.016629003709,0.0372286264188511,54.011055090094125,0.2497619984738842,10.188944793837043,0.0398512520643444,60.011861267910206,0.0749349219487501,1.4021191854550634,0.0168657205383007,14.987370022842962,0.0015578249071279,3.774788917392813,10.722153496076878,88.58150266871478,7.493076037511379,44.18111081982172,20.61621869709562,572.352717850798,182.32850011634736,3.3825860655345825,5.644370835953152,28.3171835592998,1.7280674691937334,0.042391666345128,0.0062406500553781,0.2162753228218324,3.401519752443789,2.0,0.0,2791.2869907502204,7.224319273527484,3276.3040751795616,74.24683515447697,145.31344379853178,167.34660270476004,3.0,0.0,10.00020629488012,0.006984641799708,2,8,2024-07-05,1C,1,Chuck,89,42.96067191011236,41.3667,3.407443767150033,39.4479,50.5389,39.7348,50.02238,0.5709934237752808,0.0746904941619449,0,11.091,10.287579999999998,7.931542072431988,0.0,2,8
Day_2024_07_05_Wafer_09,2024-07-05_09,2024-07-05,2,9,3246,3245,True,2244.9171875,30.0,627.7999999523163,597.7999999523163,2990,0.1230000033974647,0.0,132.72142484020628,28.05944660400869,0.2986254195293356,0.0703737056172919,4.086759211785817,0.0976569636482194,71.34519047024583,121.50595421016833,440.4785638756576,254.38151306573977,2.053678887464529,0.0409099127221648,1371.0140433933425,0.0347387331574891,54.011839317398326,0.2498029781344711,10.200501483419668,0.0070651206549654,60.00805998199361,0.0738240302787677,1.4565804832755125,0.0351966002421215,14.98721286652479,0.0015808012112337,3.612309606418163,10.34326501821782,88.42823340342595,7.293172186844893,44.14502897549632,20.583217522367363,569.3767119851001,184.11547995303636,3.3616954753817025,5.341512363605367,28.313105211927738,1.695392232782675,0.0424006685732947,0.0062990817408043,0.1569814956307809,2.8585827920358637,2.0,0.0,2791.34803454549,5.525947823938254,3272.8170524469588,72.69894253813032,141.5711212566465,166.67760947853247,3.0,0.0,9.99938029636906,0.00728428765479,2,9,2024-07-05,1C,1,Chuck,89,43.18773370786516,41.6006,3.428041934830096,39.6556,50.8204,39.94554,50.29128,0.5728502397977528,0.074543908816055,0,11.1648,10.34574,7.937536055997761,0.0,2,9
Day_2024_07_05_Wafer_10,2024-07-05_10,2024-07-05,2,10,3246,3246,False,2244.9171875,30.0,628.0,598.0,2991,0.1230000033974647,0.0,132.67847975549472,27.943581107184976,0.2419658984418488,0.0886694261403662,4.102962234035378,0.0891036730309287,71.4458574465523,121.49892095418208,440.29350887186666,254.52338558220697,2.038772949404001,0.0340383037952802,1371.0141724000125,0.0348717231188638,54.01925748457123,0.2623548017788331,10.197425434159738,0.0158369387915497,60.0090269281967,0.0681119326187199,1.4333136901533432,0.0188765934336129,14.987164849383662,0.0016186693934732,3.3435164731866496,9.921489657990168,88.44692996846757,7.333148079287677,44.115944049622215,20.58587077418096,569.3304083086663,182.87892079512807,3.2154479160884955,5.052855645598442,28.30895102745472,1.6940230704389971,0.0423669337146469,0.0062441426069875,0.0534660609738558,1.687624916974092,2.0,0.0,2791.4546115560224,5.6151269215945545,3275.336077242143,72.82551516747901,144.5801498524045,167.12918306025372,3.0,0.0,9.999988792812257,0.0068565106701628,2,10,2024-07-05,1C,1,Chuck,89,43.10430337078652,41.5509,3.4070339160397003,39.5785,50.7233,39.86958,50.19294,0.5709217213146067,0.0748465532377548,0,11.144800000000004,10.32336,7.904161880850117,0.0,2,10
Day_2024_07_09_Wafer_01,2024-07-09_01,2024-07-09,3,1,3247,3246,True,2245.99140625,30.01000022888184,628.0100002288818,598.0,2991,0.1230000033974647,0.0,134.55295557068646,28.259526509068948,0.4732163125597406,0.0698167310904221,4.231043135350622,0.1376838720090714,71.60075539612501,121.6793513399098,440.1624121903496,254.71882582721116,1.906081576484456,0.0638031128922746,1371.0117323405764,0.0321760750891797,54.93346676177622,0.1634624449535545,10.16532934744276,0.0515055015254784,60.00056815394507,0.074248250683416,1.391950547157104,0.0915759969609922,14.98681074956794,0.0017298004166715,3.1063781698106405,10.641306133049037,87.89750095037105,7.007720561933427,44.08955790342116,20.60038069254732,564.4751186696075,182.1789191110604,3.4740899905191243,6.153524573573568,28.026859402058715,1.879854167073869,0.0423721828460892,0.0060914427227081,0.1067790723652076,2.3828244121601494,2.0,0.0,2791.59737782684,5.857184798262876,3286.123821007293,74.51802359668527,144.55888549207805,167.06689681709707,3.0,0.0,9.998925470819604,0.0073974947122119,3,1,2024-07-09,9C,9,Chuck,89,44.18354494382022,42.4143,3.662879918033774,40.4958,52.5449,40.8106,51.75542,0.5995751122808989,0.0768758026600853,0,12.049099999999996,10.94482,8.290144945796357,0.0,3,1
Day_2024_07_09_Wafer_02,2024-07-09_02,2024-07-09,3,2,3298,3297,True,2244.9171875,43.40000009536743,638.4000000953674,595.0,2976,0.1230000033974647,0.0,134.27600672680845,28.064298795279147,0.2774630384851417,0.0805949529379005,4.274690867992499,0.1074479706557539,71.90026874302308,121.9388578061344,439.68108714892657,255.0617012374912,1.875359537740869,0.0400328037945168,1371.0147813366304,0.0354864041288016,54.92651160429882,0.1823141892319492,10.179536231102482,0.0439318596892889,60.006283407570216,0.077277631705542,1.4607200576493176,0.0157577881379928,14.987188509715502,0.0015538936118952,4.09593058241311,13.608717462086624,89.04066069164784,7.494442580071849,44.17315815533361,20.60618688194996,568.2424788423764,181.8297502045892,3.3803402521880344,6.0706761350785,28.100093993448443,1.8454877316720089,0.0423905238670657,0.0061198596175206,0.1230072308612126,2.534247677293864,2.0,0.0,2791.3668014362293,8.284110784938054,3283.013580404302,74.6326907234774,142.24161617602073,166.9229535184428,3.0,0.0,9.999275006594196,0.0076509579207574,3,2,2024-07-09,9C,9,Chuck,89,43.90555393258427,42.255,3.5997491486901936,39.2308,52.0478,40.61734,51.38654,0.6032920311348314,0.0744704364066686,0,12.817,10.769200000000003,8.198846902643583,0.0,3,2
Day_2024_07_09_Wafer_03,2024-07-09_03,2024-07-09,3,3,3247,3246,True,2243.037109375,30.0,628.0,598.0,2991,0.1230000033974647,0.0,134.13124704249364,27.897092034693785,0.2775025083177447,0.0996467244367982,4.080601823246228,0.10483896020375,71.35354060544911,121.50297223730276,440.4466151826878,254.429979934043,1.95003009691401,0.0371047622416983,1371.0128019556716,0.0334064806647472,54.9062181662174,0.1823393015292995,10.152323719650877,0.049945692106945,60.01029728743114,0.0719934115678491,1.3672120873244935,0.0159197843763814,14.987207702871393,0.0016321784705651,3.9332348907404384,12.610813244409364,88.68578139916984,7.269375823862806,44.13248894263254,20.60345696946696,569.2778350870891,180.68096194255887,3.382442629990451,5.754253588059786,28.17625824403141,1.787759406855749,0.0423932126123833,0.0061834217096973,0.1081055182352069,2.412441493727962,2.0,0.0,2791.612418880992,5.33643456074654,3282.239725769104,74.47449115969101,141.77620159698864,166.5464359668875,3.0,0.0,9.99967228804333,0.0079877054310113,3,3,2024-07-09,9C,9,Chuck,89,44.266009562584266,42.4556,3.70509739513457,40.5166,52.3406,40.82608,51.73738,0.7012317207078651,0.0703474588421214,9,11.824000000000003,10.911300000000004,8.370073181989039,10.112359550561797,3,3
Day_2024_07_09_Wafer_04,2024-07-09_04,2024-07-09,3,4,3247,3246,True,2245.99140625,30.0,628.0,598.0,2991,0.1230000033974647,0.0,134.00074474152336,27.94997269713,0.2956703451154763,0.0888829427465705,3.991494505830291,0.1257866173567643,71.4177533486632,121.58593913430433,440.5993701448731,254.30316286015764,2.032163125182904,0.0346906744336727,1371.0143061018994,0.0350085185108072,54.89715787631857,0.1788230974280301,10.129789584219475,0.0468881068570668,60.01812073029391,0.0689451535816932,1.426948369525819,0.0258142149892122,14.987225860626312,0.0016228662064007,4.086235579819394,11.187638402543376,88.4551029715479,7.25190046682271,44.106577310463294,20.58350286629077,570.3460600000685,181.04235563813205,3.4207208640499784,5.758019142316276,28.23628106558853,1.7614733915106031,0.0423826475664151,0.0061932691310149,0.1920288708328762,3.162187718810319,2.0,0.0,2791.48559113212,5.407013295484127,3280.4469809167085,74.95636818901033,141.79420065234154,166.53502100260647,3.0,0.0,9.998903928812194,0.0073189784341892,3,4,2024-07-09,9C,9,Chuck,89,44.079486308876405,42.3358,3.659472321881762,40.3343,52.0542,40.6447,51.4837,0.7098651757528089,0.0705279983291635,10,11.719900000000004,10.839,8.301984955629676,11.235955056179774,3,4
Day_2024_07_09_Wafer_05,2024-07-09_05,2024-07-09,3,5,3195,3194,True,2245.99140625,15.410000085830688,617.6099998950958,602.1999998092651,3012,0.1230000033974647,0.0,133.9661242116495,27.92869350048601,0.634681275505251,6.752463748982649,4.047755660526306,0.1177799505816177,72.29279878591392,122.13549107371428,438.58752509945657,255.55747425763732,2.0600530730775626,0.03925766598453,1371.013708471777,0.0343888106765727,54.901792484450624,0.1601892423475872,10.174867160450098,0.0456158330100629,60.01195190753912,0.0677111792799062,1.4136562696886883,0.0141230191580556,14.987125799475438,0.0017868097140626,3.5255464513305017,9.666315497059813,88.67259517862186,5.013528354166649,44.06918353831784,20.69596740183132,568.6153210542433,184.72481865467452,3.604223817961654,10.593316049965676,28.330358685091987,2.093746733671785,0.0423663675192629,0.0062068010415226,0.2313712349292608,3.517103321063968,1.99800796812749,0.0445877077402378,2790.8665255968317,14.283807696736677,3279.287502334412,77.67031569926735,143.02148066478895,166.09955748147928,3.0,0.0,9.999747703433195,0.0072779074048396,3,5,2024-07-09,9C,9,Chuck,89,43.97683269134832,42.2935,3.597192185043186,40.2553,51.8725,40.56804,51.33514,0.7032826336179775,0.0693420966010985,10,11.617200000000004,10.767099999999992,8.179743662509992,11.235955056179774,3,5
Day_2024_07_09_Wafer_06,2024-07-09_06,2024-07-09,3,6,3246,3245,True,2244.7828125,30.0,628.0,598.0,2991,0.1230000033974647,0.0,133.93421823673128,27.895639507417588,0.309465063418863,0.0653093460683945,4.124667341595149,0.0934269467454207,71.34928114737708,121.5870111511687,440.4446358400936,254.6306748939922,2.072046086844773,0.0381802546115387,1371.0109969801983,0.0312809201494253,54.90023371480612,0.1810564067893876,10.186024634904266,0.0360902359466161,60.01410867505471,0.070353458734636,1.467300144217557,0.0184125071290831,14.987415449231095,0.0016178507472125,3.719615526559639,8.893871875116712,88.26553519774104,7.213918531428968,44.088762085639445,20.58789569714115,570.7496796521564,181.59908419572872,3.300559962639757,5.3392252265460565,28.314019093821177,1.7197828779973166,0.0424037776228547,0.0062331786469149,0.1421850313513783,2.74747079193122,2.0,0.0,2791.3745872219524,5.256621534035873,3278.551843845338,74.57211148623364,143.35109357473564,167.21956086792213,3.0,0.0,9.999456805793868,0.0071373988523308,3,6,2024-07-09,9C,9,Chuck,89,43.70646829337079,42.0356,3.5921641918658307,40.0075,51.6604,40.31228,51.022020000000005,0.6941350511123595,0.0683209401540374,12,11.652900000000002,10.709740000000004,8.218838840407233,13.48314606741573,3,6
Day_2024_07_09_Wafer_07,2024-07-09_07,2024-07-09,3,7,3246,3245,True,2244.6486328125,30.0,627.7999999523163,597.7999999523163,2990,0.1230000033974647,0.0,133.95135184769646,27.978086411182325,0.2586822749554712,0.0878757264450497,3.9584548837763807,0.1026072716028273,71.2224848539335,121.47836324771288,440.8271021931466,254.34002549784253,2.0674180042783554,0.0344564305922886,1371.014812436311,0.0355172314503345,54.90193944057095,0.1839987335844733,10.175652122497558,0.0429178854787557,60.01802640806473,0.0673384078616743,1.42234177736933,0.0165505973077274,14.98725717219222,0.0015664216327804,3.361149411855334,8.453219628088407,88.27997878482908,7.210371822869893,44.09651064601631,20.60242712585866,570.6630289033105,181.26701694551545,3.316132054718392,5.098769609847007,28.32766018296564,1.704834865581224,0.0423837120062282,0.006233180820441,0.124166443993814,2.565691934991487,2.0,0.0,2791.278815370898,5.633647777409042,3280.364921809678,74.56806920774909,146.28518998583024,167.50079002284133,3.0,0.0,9.999991942887322,0.0076689630431991,3,7,2024-07-09,9C,9,Chuck,89,43.58551297651685,41.9626,3.575361039394092,39.8958,51.4953,40.200880000000005,50.8862,0.6886078678651686,0.0661780768727992,11,11.5995,10.68531999999999,8.203095008473198,12.359550561797752,3,7
Day_2024_07_09_Wafer_08,2024-07-09_08,2024-07-09,3,8,3247,3246,True,2242.634375,30.0,628.0,598.0,2991,0.1230000033974647,0.0,133.87860966207032,27.970742082257736,0.2634704120398634,0.0896722690414328,3.9161417884437664,0.1039077554030422,71.34816783113608,121.52215783831345,440.42653139854747,254.413752377448,2.0372818110978392,0.0369878723953596,1371.0180163292612,0.0384266177835726,54.9024068321603,0.1977153582180435,10.173854866461465,0.0461684271471912,60.01474388655672,0.0753005989097841,1.4070434846913125,0.01831661971984,14.98725362431441,0.0016013889867018,3.682801487373293,8.103830117553459,88.2167911636355,7.2837672090120495,44.078354534836606,20.588412118431386,572.4397156312688,181.4642166178253,3.3981151179024724,5.180371159722026,28.336778899013936,1.7020892729337904,0.0423683713989557,0.0062214347290474,0.2110072805187208,3.326870700244743,2.0,0.0,2791.237879817839,5.408143517629044,3278.5249564611804,74.11198918606273,145.57149631879037,167.43505756773564,3.0,0.0,9.999381385492027,0.0071438088755564,3,8,2024-07-09,9C,9,Chuck,89,43.50429716483146,41.9266,3.560468480577612,39.8245,51.3609,40.1304,50.80408,0.6871177747078652,0.0664987637169408,11,11.5364,10.673679999999996,8.184176535682242,12.359550561797752,3,8
Day_2024_07_09_Wafer_09,2024-07-09_09,2024-07-09,3,9,3247,3246,True,2243.84296875,30.0,628.0099999904633,598.0099999904633,2991,0.1230000033974647,0.0,133.85167253571424,28.00365910968966,0.317639586473689,0.0687003470303183,3.9265563635473786,0.1059306984280609,71.34599122178122,121.50602556118444,440.359885067216,254.5413958788597,2.026890645613841,0.0313971874363737,1371.0138381452953,0.034525098391883,54.90441273160301,0.2113636785005391,10.19231011739187,0.026642699302886,60.00725479916719,0.0758155782719996,1.5132915698258385,0.0940161223832932,14.987262188252378,0.0016285711424802,3.347628467818719,7.797217552605483,88.27267755803676,7.283093850325485,44.08660406127338,20.592522865178022,571.2600539962172,182.41237069901223,3.407221702222978,5.151561353214369,28.33940833119476,1.6962759764059,0.0424008020394444,0.0062934540402106,0.0525477520003043,1.6600884728914835,2.0,0.0,2791.3976538175725,5.556152821915843,3275.861707028638,73.37672903165159,143.23044804082352,167.46341004831567,3.0,0.0,10.000067581743032,0.007163276407572,3,9,2024-07-09,9C,9,Chuck,89,43.42807412224719,41.8658,3.535308876931355,39.7708,51.19,40.0628,50.69348,0.6867361363370786,0.0668933666900519,11,11.419199999999996,10.630679999999998,8.140607080525127,12.359550561797752,3,9
Day_2024_07_09_Wafer_10,2024-07-09_10,2024-07-09,3,10,3349,3349,False,2245.85703125,56.80999994277954,648.6099998950958,591.7999999523163,2960,0.1230000033974647,0.0,133.88047369621896,27.977374998708,0.3386081084974009,0.0668086845967255,3.9950169266075695,0.1082751764118857,71.28672624742109,121.431408810229,440.4886202088079,254.41018244919027,2.012287148511088,0.0341697390845755,1371.0172255232528,0.0377546438063233,54.92179008818962,0.2364183164768327,10.199999809265137,0.0,60.017533329370856,0.0811649360988209,1.3867763336848569,0.0192024965951721,14.987305465582256,0.0015177552800584,3.762158947377592,8.805073824239223,88.23624559274397,7.946253672161179,44.09880274115382,20.603627580701637,571.4425779497301,181.10613816148893,3.329868384086955,5.216857220914015,28.34434715928258,1.705282576676002,0.042396384740651,0.0062764434261858,0.1086190868068385,2.412013904272814,2.0,0.0,2791.371630941855,5.431204397979742,3277.0505859375,73.27688304027193,145.84662864079343,168.0767390842937,3.0,0.0,9.99911605377455,0.0068557374879149,3,10,2024-07-09,9C,9,Chuck,89,42.98307262797753,41.4791,3.51792477879186,39.3302,50.7712,39.62402,50.17092,0.6948525237528089,0.0704072811254506,12,11.441000000000004,10.546899999999994,8.184442301833153,13.48314606741573,3,10
Day_2024_07_11_Wafer_01,2024-07-11_01,2024-07-11,4,1,3247,3246,True,2246.1255859375,30.0,628.0,598.0,2991,0.1230000033974647,0.0,134.52173313636996,28.34823037220328,0.315773989992177,0.05699185877788,3.967101340786504,0.0978149393234566,71.31192232495961,121.56918945406144,440.7384105194217,254.304300424093,1.992183217672312,0.0339854615301125,1371.014005272654,0.0346992460678609,54.70367712354389,0.0984327003778808,10.180675279253183,0.0394842308197534,59.68736238393525,0.0814082721802497,1.3854746237442033,0.0161288619650415,14.987356273596282,0.0016109054305893,3.744858854951288,12.481108062519109,87.77864097456835,7.482902917842593,44.06139644672543,20.583866281753817,562.3648417277385,183.4749568750664,3.456902276487932,6.051901719742409,27.99872440591938,1.891953847288889,0.0423497154160372,0.0061675465092147,0.1826416992575219,3.1579255690054904,2.0,0.0,2791.8061378144853,5.43124330525971,3282.390788821542,74.27884280846625,142.52555284720128,166.48775619167762,3.0,0.0,9.998344325732324,0.0070107646891528,4,1,2024-07-11,3C - Si,3,Si wafer,89,44.30630482640449,42.435,3.753616393752773,40.5354,52.6455,40.8503,51.86124,0.6986135878202246,0.0706612284494524,8,12.110099999999996,11.010940000000003,8.471968963468587,8.98876404494382,4,1
Day_2024_07_11_Wafer_02,2024-07-11_02,2024-07-11,4,2,3246,3245,True,2245.0513671875,30.0,628.0,598.0,2991,0.1230000033974647,0.0,134.1972632833804,28.01399355810361,0.3336810440109032,0.0571687146028983,3.9890204133576113,0.1262787223952855,71.48606824474948,121.64819543408642,440.3141877159392,254.59458080327292,2.0382480416079503,0.0426269274977155,1371.0187516896392,0.0390267253900986,54.72173196836604,0.1455546802779675,10.188064070140108,0.0324207528345261,59.70284196247189,0.0686251817543277,1.3653995455088563,0.0141140474099442,14.987473412287033,0.0016186894676389,4.0607269463113465,15.209527929763102,88.84432057862456,7.2742608367284465,44.05276423766437,20.563772349487703,565.8881914042502,182.44014571129284,3.25816464179268,5.795599547182694,28.07347891172092,1.834345468376524,0.0424098292137121,0.0062256477364523,0.0684651279481347,1.8710339510257328,2.0,0.0,2791.611748249305,5.619556285644448,3282.950089526392,74.67761211554087,141.2129202134551,166.41599567938013,3.0,0.0,9.999658816078362,0.0082586620594946,4,2,2024-07-11,3C - Si,3,Si wafer,89,44.36490342820225,42.5351,3.716750176597906,40.6087,52.5266,40.9294,51.84644,0.6955457961348315,0.0698793293133285,8,11.917900000000005,10.91704,8.377681206075186,8.98876404494382,4,2
Day_2024_07_11_Wafer_03,2024-07-11_03,2024-07-11,4,3,3195,3194,True,2243.5744140625,15.599999904632568,617.5999999046326,602.0,3011,0.1230000033974647,0.0,133.96916174912366,28.003572661719573,0.6108402512820357,6.180007833495619,3.978714739433043,0.1297363778923009,72.2745433315902,122.16445169142315,438.7196698991693,255.49401812999707,2.0400032839558127,0.0384742751452627,1371.0134473969792,0.0341112724304029,54.71112589992902,0.153836808841828,10.183693027781397,0.036942627074972,59.70611101224628,0.0665802981497398,1.3371879065484156,0.0140984288193271,14.98729450019322,0.0017837049056099,4.760502323681474,14.390777025367823,88.77435773268604,4.967683849490151,44.054507269807054,20.67752132699897,568.6416116370509,184.0681203474354,3.583801445436464,10.390373591226773,28.19991158314695,2.1135009877453697,0.0423565922327876,0.0061713289756265,0.0876735660650531,2.1500468048043646,1.9983394221188973,0.0407163402358735,2791.064980244961,13.403055682745835,3279.649423387034,77.0128549748185,140.64243937821453,166.2046984256787,3.0,0.0,9.999476495196122,0.0074367208250166,4,3,2024-07-11,3C - Si,3,Si wafer,89,44.32450595134832,42.541,3.647477886764016,40.6007,52.3633,40.90526,51.71864,0.7068376026067416,0.0712098114766659,9,11.7626,10.813380000000002,8.2290322440764,10.112359550561797,4,3
Day_2024_07_11_Wafer_04,2024-07-11_04,2024-07-11,4,4,3247,3246,True,2243.5744140625,30.0,628.0,598.0,2991,0.1230000033974647,0.0,133.88075230584738,27.970790152112176,0.3458475430605952,0.071666474767414,3.9906586733441496,0.1169648538644995,71.30660982699881,121.56572896166192,440.5941340383659,254.46745929351536,2.0564225586072054,0.0433814653173145,1371.014005272654,0.0346992460678609,54.72363782606568,0.1706277405351475,10.175793996585806,0.042832768411452,59.69946515444568,0.0671310979662142,1.3457872969217024,0.0138883592150447,14.9872719845378,0.0016155420043123,4.087898728202633,13.219731245991156,88.4432424386183,7.272152522071634,44.11295956108172,20.59366798250811,568.5952091299941,182.7519813858057,3.393967423230579,5.9298842294647,28.229829415793564,1.7625996773674175,0.0423878298450257,0.0062297300498709,0.1232576373427737,2.5462700305765327,2.0,0.0,2791.3783488323043,6.188696837996523,3283.389655865383,75.69945002096182,144.4309550074581,167.29240589231597,3.0,0.0,9.999653432330174,0.0080932929703678,4,4,2024-07-11,3C - Si,3,Si wafer,89,43.998570636404494,42.2578,3.61987670691036,40.2776,51.9429,40.58642,51.35816,0.704332305977528,0.0716888319572597,8,11.665300000000002,10.771739999999994,8.227259782651366,8.98876404494382,4,4
Day_2024_07_11_Wafer_05,2024-07-11_05,2024-07-11,4,5,3195,3194,True,2244.7828125,15.400000095367432,617.6000001430511,602.2000000476837,3012,0.1230000033974647,0.0,133.79701592849386,27.9446176560309,0.647320716892917,6.739097291603323,4.000086348686877,0.1159082429157987,72.07793154233973,122.07225136890249,438.9626743837815,255.2907759624358,2.0579614394689463,0.0399646180484597,1371.0189196825977,0.0391605919753645,54.69814126140093,0.1990597049005493,10.148273677623289,0.0519248941144825,59.70899734395751,0.0670628286910228,1.3651318415148483,0.0118082659684517,14.987187604346914,0.0018549493030411,4.537318133104686,11.974901154852208,88.72851139615732,5.028561172555147,44.046750628457445,20.699826646385706,569.4629618022863,184.9157905371857,3.6926028664714874,10.779976638014636,28.326093015759437,2.0943603593665565,0.0423626158285049,0.0062250105890292,0.1760995011247328,3.052738071166583,1.99800796812749,0.0445877077402378,2790.783656714289,14.340250478598708,3278.022484686903,78.12767508078136,142.0012687560255,166.52547239441188,3.0,0.0,9.9993752321874,0.0071310364654513,4,5,2024-07-11,3C - Si,3,Si wafer,89,43.92957708887641,42.3623,3.560878350323841,40.2389,51.7485,40.54422,51.21776,0.7013869613932584,0.0692529298249435,10,11.5096,10.673539999999996,8.105878968785943,11.235955056179774,4,5
Day_2024_07_11_Wafer_06,2024-07-11_06,2024-07-11,4,6,3247,3246,True,2244.9171875,30.0,628.0,598.0,2991,0.1230000033974647,0.0,133.97360366150434,27.961737964336827,0.3429889668530244,0.0888495473370249,3.9202975769259782,0.1260749805204233,71.3597726162046,121.5496949321855,440.426855568103,254.49961790141757,2.061571331336641,0.0381834698428476,1371.014005272654,0.0346992460678609,54.70391242570281,0.2039597620800721,10.121932724175029,0.0424160554733108,59.70969580009764,0.0702929510754334,1.366658243914585,0.0138048344696479,14.987323414079723,0.0016470252623142,3.9913741436661465,11.20685178638347,88.48527654825106,7.263539853914805,44.09257308681926,20.6007931475247,570.2202286230844,182.5907540277443,3.3243901142280703,5.508000518326878,28.30533289678198,1.7168057797434872,0.042371714721203,0.0062166629823129,0.1239718785057973,2.5603002759506013,2.0,0.0,2791.3640921952056,5.587892988155138,3281.0645461775957,75.27132535646784,145.24624105202878,167.2709360836796,3.0,0.0,9.99954096795085,0.007900356791758,4,6,2024-07-11,3C - Si,3,Si wafer,89,43.64391731,42.0833,3.570702514073297,39.9431,51.5914,40.24602,50.96418,0.6940051048876404,0.0694576058475987,9,11.6483,10.718159999999996,8.18144367910612,10.112359550561797,4,6
Day_2024_07_11_Wafer_07,2024-07-11_07,2024-07-11,4,7,3299,3298,True,2244.7828125,43.39999985694885,638.3999998569489,595.0,2976,0.1230000033974647,0.0,133.8482756537776,28.13312067496329,0.3238911305545449,0.0523973033035808,4.082137114178109,0.1074655987381657,71.70986554477557,121.72020256452416,439.50680962573455,255.1071986039545,2.070910563151682,0.0360509905329447,1371.0139078940117,0.0345979816914056,54.71283661165545,0.227043632255476,10.16528898637782,0.0476048443073272,59.71659960798038,0.0656847343112223,1.3247740419721732,0.0154016935468752,14.987350340171528,0.0015079918227337,4.248174474444441,11.462194662620016,88.56573902739473,7.503805076920917,44.14674670273258,20.60742763036298,571.281600762439,181.91048460146465,3.3639734685208187,5.659660619189509,28.327093877459085,1.7331267741331189,0.0424101474470839,0.0062128422199842,0.0862947779317056,2.1039070207629456,2.0,0.0,2791.184340610299,8.009554436708754,3279.3480803787065,75.30918207066797,145.80262188501254,168.54241867756164,3.0,0.0,9.999619495484136,0.0067736729859592,4,7,2024-07-11,3C - Si,3,Si wafer,89,43.214110956853936,41.6805,3.5248681690634576,39.5572,51.0043,39.84894,50.4961,0.6865208035955057,0.0679892309912336,10,11.4471,10.64716,8.15675271575707,11.235955056179774,4,7
Day_2024_07_11_Wafer_08,2024-07-11_08,2024-07-11,4,8,3299,3298,True,2244.5142578125,43.39999985694885,638.3999998569489,595.0,2976,0.1230000033974647,0.0,133.78807956941665,28.19594827373497,0.3980073911733725,0.0568218642177916,3.907194242762622,0.1122196164629437,71.83525865084319,121.86345190651323,439.76306313588736,254.95099798272145,2.048437458012373,0.0383235216876698,1371.0166625976562,0.0372587010411036,54.69835419808665,0.2105116243669834,10.18948239632832,0.0306776677843364,59.71952300174262,0.0708900584049389,1.3157091437168018,0.0151354835477377,14.987338848011468,0.0015789617640286,4.038687866221192,11.02282247918787,88.52960379621494,7.519151911850524,44.13596372066006,20.602388852296567,570.8676632091564,181.95025899558453,3.376448522269305,5.56878893117763,28.335006494675916,1.7244816874429223,0.0423856850373007,0.0062151251340829,0.1593607625653667,2.894702342910612,2.0,0.0,2791.217556286884,7.405360506628216,3279.4674949235814,75.12272363138274,145.82141921020323,168.48453219610042,3.0,0.0,9.99955995204628,0.0080557140409985,4,8,2024-07-11,3C - Si,3,Si wafer,89,43.135930337078655,41.5848,3.520601440905925,39.4823,50.9625,39.78434,50.3613,0.6823962143258426,0.0567027241834148,0,11.480199999999996,10.57696,8.16164485938929,0.0,4,8
Day_2024_07_11_Wafer_09,2024-07-11_09,2024-07-11,4,9,3351,3350,True,2244.380078125,56.79999995231629,648.7999999523163,592.0,2961,0.1230000033974647,0.0,133.7412607836506,28.062751376204996,0.3367443444048159,0.05259755658109,3.9153461920897006,0.1038126399259449,71.37466727651602,121.54004953399776,440.1913191411432,254.6347841662977,2.032917902502648,0.0348179201506094,1371.012526491855,0.0330972863654341,54.70739692757557,0.2108249008585982,10.18632207598005,0.0343610988507195,59.71252965363487,0.0663750362281943,1.3318982549472178,0.0150497499517317,14.987427199704143,0.0015490816040427,4.47074004871867,11.261481370359554,88.41253522746025,8.004180230067952,44.07596297555581,20.59262652355184,570.6999995712491,183.02264079066765,3.4860826492931083,5.452451558828449,28.334829211919462,1.706488941425277,0.0423937854462431,0.0062649960005202,0.1065725747172553,2.3667523614855024,2.0,0.0,2791.3623332159214,5.427205501467673,3275.5603838672278,73.78747788262783,142.10442691185875,167.6594079620799,3.0,0.0,9.999628079255585,0.0071043665742288,4,9,2024-07-11,3C - Si,3,Si wafer,89,42.94292808988764,41.3867,3.515772821781791,39.3009,50.7659,39.59846,50.15114,0.6798821283483146,0.057644553623134,0,11.465000000000003,10.552679999999995,8.187082199943648,0.0,4,9
Day_2024_07_11_Wafer_10,2024-07-11_10,2024-07-11,4,10,3194,3194,False,2244.9171875,15.599999904632568,617.5999999046326,602.0,3011,0.1230000033974647,0.0,133.87500125931885,28.092964598308416,0.5901228838598053,6.187637941963255,3.885841927390604,0.1070202022337742,72.14404174312887,122.03662764107732,438.820603196752,255.40711731113365,2.08565254545576,0.0290683057900585,1371.0144435004593,0.035148011549531,54.69850615416203,0.1995540275432441,10.187545546421138,0.0330198500151964,59.70757240997284,0.0613350502836855,1.3350192770060016,0.0124223222784352,14.987166580826054,0.0018030976879086,3.3547757968123437,10.18074114993354,88.81345701265161,4.988323317170496,44.08020116323967,20.673183773775477,568.8521270194508,185.543231982888,3.5942614516351594,10.12453410654156,28.36354290326542,2.0060255200231616,0.0423563596267006,0.0062353091428161,0.1047521734981986,2.3446099601971797,1.9983394221188973,0.0407163402358735,2790.840708418092,13.267447028514336,3277.859821847886,76.90594018232407,145.28323968895563,167.63646258139084,3.0,0.0,9.99976481428498,0.0075434188490344,4,10,2024-07-11,3C - Si,3,Si wafer,89,43.42402808988764,41.8577,3.4989530306306302,39.775,51.2116,40.07334,50.61888,0.6849691163707865,0.0577207078383971,0,11.4366,10.545539999999995,8.0576427027631,0.0,4,10
Day_2024_07_19_Wafer_01,2024-07-19_01,2024-07-19,5,1,3196,3195,True,2245.319921875,15.599999904632568,617.7999999523163,602.2000000476837,3012,0.1230000033974647,0.0,134.6649497919982,28.408232713000405,0.5513446222221452,6.750828909466673,4.122168012586723,0.1298401963732952,72.39199532157214,122.20525878081104,438.50820552020434,255.6131399460621,1.988721780924208,0.0372670940803916,1371.0106879610464,0.0308917894717145,54.40159346287944,0.2994420214485341,10.11381160500515,0.0606116440513023,59.730411732180976,0.0818815074468739,1.5550526179086324,0.0163808232661662,14.987079790072295,0.0018651639103213,3.3844439331120544,11.376224480223282,87.90111724377311,5.236289574428162,44.07588606273352,20.69403364498358,562.0344713674599,184.858239168161,3.7773798801212672,10.615469628053168,28.049028086947256,2.216374479060524,0.0423436583035871,0.0062443295973904,0.1436761169636233,2.787732043344619,1.99800796812749,0.0445877077402378,2791.312508997214,14.563540282880815,3286.780902350883,78.17928494636293,147.94174906425425,168.72467073933288,3.0,0.0,9.997717488492786,0.00697737950053,5,1,2024-07-19,1C - Si,1,Si wafer,89,44.31420112359551,42.4469,3.768546277360208,40.572,52.7809,40.87544,51.91662,0.6845211126067415,0.0585287941619709,0,12.2089,11.041180000000004,8.504150321585307,0.0,5,1
Day_2024_07_19_Wafer_02,2024-07-19_02,2024-07-19,5,2,3351,3350,True,2247.065625,57.0,648.8000001907349,591.8000001907349,2960,0.1230000033974647,0.0,134.44681918363312,28.11261766920321,0.2166452707175316,0.0814625345861578,4.190756762752661,0.1115842620767513,71.44116903016771,121.57112069581088,440.2175929835519,254.54364808196715,2.042820906357185,0.0369273314712957,1371.0158407262854,0.0365069484181742,54.40459421003187,0.2327840784607847,10.101047590938776,0.042659639313508,59.7176013572796,0.0723002983827054,1.3779688573366886,0.0239202417140426,14.987381760171942,0.0015707224421114,4.2877783900982624,15.536438271986468,88.64919712596347,8.003287282581317,44.18301219875748,20.610275315774032,565.2611881049903,181.81634534430356,3.264109243069952,5.63854381275288,28.0706476688385,1.8290378463184915,0.0423421281245159,0.0061883833663243,0.0528918768908526,1.660988891561519,2.0,0.0,2791.6305513124207,5.494591668501279,3286.204540933145,74.85342201554666,144.2047739776405,168.44468589843282,3.0,0.0,9.999035080703528,0.0073184388042712,5,2,2024-07-19,1C - Si,1,Si wafer,89,43.71237640449438,41.9303,3.65437838357526,40.0443,51.7959,40.34548,51.10656,0.6790159967977528,0.0560770382968352,0,11.751600000000003,10.761080000000009,8.360054255022217,0.0,5,2
Day_2024_07_19_Wafer_03,2024-07-19_03,2024-07-19,5,3,3247,3246,True,2247.065625,30.0,628.0,598.0,2991,0.1230000033974647,0.0,134.35776359203547,28.031456109785857,0.2501270482842836,0.0705064830423981,4.200688738521626,0.11040665183821,71.50270817547772,121.61846275353358,440.2670862913052,254.67086283135967,2.051424228798303,0.0379485958145938,1371.0164119066185,0.0370329488654058,54.42721483771994,0.1772256564929141,10.12905404337351,0.0454008182274309,59.71106657859116,0.0820654964197855,1.4053619568740912,0.0158977690851601,14.987346476354316,0.0016021729403639,4.444223501179299,14.97518774827305,88.4793810184406,7.254827985445722,44.14623301756976,20.58667108796948,568.3034853053628,181.83646474154563,3.3463836457855582,5.694773489294656,28.154908558071675,1.7829643205508092,0.0423757938175536,0.0062385813693723,0.1233596712480377,2.547793300748636,2.0,0.0,2791.724772053792,5.088181138311312,3286.108109484704,75.39636687761497,144.28243357965437,168.89133337171796,3.0,0.0,9.999779362297504,0.0082648220527147,5,3,2024-07-19,1C - Si,1,Si wafer,89,43.85850112359551,42.1486,3.576392815299318,40.1919,51.7073,40.48658,51.181540000000005,0.6876664316516854,0.0567514143024645,0,11.5154,10.694960000000007,8.154389054976729,0.0,5,3
Day_2024_07_19_Wafer_04,2024-07-19_04,2024-07-19,5,4,3299,3298,True,2244.7828125,43.40000009536743,638.4000000953674,595.0,2976,0.1230000033974647,0.0,134.297644403673,28.115187548972404,0.2285853498709207,0.106024736912448,4.174361567904231,0.1131821892409065,71.8362365747966,121.73804016007745,439.3089468302906,255.2095275630083,2.0668245467447464,0.0387180745469068,1371.0119930390388,0.0324835053480184,54.42765425097558,0.2206066609183582,10.167237899957165,0.0469343102940539,59.71223129251952,0.0833494016951546,1.3998881354928017,0.0276433034150408,14.987492472894733,0.0015437598839969,4.377980680875881,14.290772459263057,88.39985091826549,7.469565902153097,44.26503669190151,20.60398423850191,568.494833874446,183.53064953300645,3.4557597357253997,5.9930643839156685,28.23008889985341,1.7847909333412968,0.0423922711834361,0.0062106353241708,0.1540795039105159,2.798041864197591,2.0,0.0,2791.329517897739,7.827568261606808,3284.354765533119,76.63539983127318,144.98184220124315,169.6548527193641,3.0,0.0,9.999651327568998,0.0076298307963819,5,4,2024-07-19,1C - Si,1,Si wafer,89,43.35476853932584,41.7203,3.491146673464098,39.738,51.0861,40.02786,50.52992,0.6867590108202247,0.0568201854966619,0,11.348100000000002,10.50206,8.052509080511827,0.0,5,4
Day_2024_07_19_Wafer_05,2024-07-19_05,2024-07-19,5,5,3246,3245,True,2245.85703125,30.0,627.8000001907349,597.8000001907349,2990,0.1230000033974647,0.0,134.28521834791306,28.033964133012272,0.1804214048912643,0.1126085792426052,4.146301014766246,0.1258021457726253,71.56962199603335,121.679594221656,440.2372292492302,254.7101968548423,2.0629598139520477,0.0370658860659611,1371.016116465693,0.0367629247267029,54.41889610418109,0.2426048782741084,10.188762415372407,0.0315824941650298,59.71434779087436,0.0791984041696398,1.4132911527037222,0.0121320804245664,14.9872408292764,0.0016220672372962,4.409291808979966,12.726126972285204,88.33071300879769,7.291355356277568,44.13126504827901,20.57413279958166,569.8006538467663,182.43190175463795,3.4479383372318586,5.740947165580181,28.267415239978394,1.7327866655327788,0.0423673575793869,0.0062338342342669,0.0710907747912965,1.943488769324809,2.0,0.0,2791.430277928381,5.597813824814949,3286.410393776782,76.22979025932072,148.12134281400853,169.60917806860343,3.0,0.0,10.000111877160728,0.0078081117099802,5,5,2024-07-19,1C - Si,1,Si wafer,89,43.50141797752809,41.8678,3.5056547709928134,39.8595,51.3457,40.15402,50.7267,0.6863818737752809,0.0571410991118475,0,11.486200000000004,10.572679999999998,8.058713793660152,0.0,5,5
Day_2024_07_19_Wafer_06,2024-07-19_06,2024-07-19,5,6,3247,3246,True,2244.1115234375,30.0,628.0,598.0,2991,0.1230000033974647,0.0,134.230526442354,27.98031305836635,0.1395687061766444,0.1053969013050259,4.092270162583035,0.1156871056992749,71.59869602939973,121.69332262893242,440.0421014841246,254.73489123538587,2.06681372094258,0.036594098778312,1371.0142726764277,0.0349744177413621,54.403242704901,0.2403183145892905,10.147977372708027,0.0538245737705304,59.70956202296261,0.0785748996599788,1.3789619683262817,0.0159522884208446,14.98736545099777,0.0016473940877908,4.378901039067418,11.584556512842958,88.30450820221385,7.280825423642917,44.13991194941534,20.582984866972584,569.5673096968313,183.2727605956577,3.401650618704485,5.483795538430948,28.29771807360354,1.7197008541480234,0.0423620859723362,0.0062201731870866,0.1398382387763877,2.701794015634689,2.0,0.0,2791.405451788308,5.3803229137209,3282.5378209008536,75.87213188531773,145.3479592690935,169.34150132345545,3.0,0.0,9.999560509187168,0.0080693308899262,5,6,2024-07-19,1C - Si,1,Si wafer,89,43.371765168539326,41.7847,3.494568757857472,39.7342,51.1782,40.02234,50.59052,0.6859885106516854,0.0570150346033391,0,11.443999999999996,10.568179999999998,8.057243564512182,0.0,5,6
Day_2024_07_19_Wafer_07,2024-07-19_07,2024-07-19,5,7,3246,3245,True,2244.6486328125,29.799999952316284,627.7999999523163,598.0,2991,0.1230000033974647,0.0,134.29358397929894,28.014505385322803,0.2664727518937184,0.0986876230007711,4.067686417556375,0.1068533822250482,71.41450680800179,121.5419961222526,440.4175712915616,254.50172478994187,2.055620148603592,0.0405718881249285,1371.0134370396345,0.0341001741430672,54.40554957770855,0.2488679236861694,10.167937137497905,0.0466715535359825,59.70896030707887,0.0731847497174955,1.4388092649855848,0.0212340175337286,14.987299345202048,0.0015550785137569,4.1924126499753775,10.681086783997788,88.30069318004215,7.345422273552672,44.131708404046165,20.57308193347597,571.346719469525,184.14671346810755,3.364351917263737,5.174685921311852,28.31609038834745,1.707167630561691,0.0423688061749584,0.0062429292353646,0.0544353881754312,1.7188413220346983,2.0,0.0,2791.3235739118395,5.386645567273539,3284.327199289927,76.04215547791067,148.21722983867576,169.4960306164719,3.0,0.0,9.999863555063891,0.0079707134437219,5,7,2024-07-19,1C - Si,1,Si wafer,89,43.26722436393258,41.7065,3.4800301828093785,39.6316,50.9781,39.93448,50.4482,0.6830332948089888,0.0567545819231968,1,11.3465,10.51372,8.043109383532169,1.1235955056179776,5,7
Day_2024_07_19_Wafer_08,2024-07-19_08,2024-07-19,5,8,3247,3246,True,2243.70859375,30.009999990463257,628.0099999904633,598.0,2991,0.1230000033974647,0.0,134.31450094964663,28.06771930942914,0.2843530601172623,0.0735086276456654,4.008930157036815,0.1116592832056882,71.43724184012989,121.64928481282315,440.3483170029791,254.6536601690686,2.050725464476506,0.0351065642871505,1371.0149077603903,0.0356113852608797,54.41283829082258,0.2528390714994928,10.14593793683449,0.050830811990136,59.71985956674752,0.0811160842393281,1.4207197764134256,0.019498951898501,14.987276681168588,0.0016334999889367,4.232195881926787,9.939913736319811,88.29250491610023,7.365433151153724,44.14378417387172,20.59340186418201,570.4575882442657,181.4379851464601,3.329486735837689,5.191947825066708,28.32490716256333,1.7007866107043164,0.0423572381428405,0.0062143503971048,0.1230535682568539,2.541723438983486,2.0,0.0,2791.2114517380264,5.4829120495863215,3282.563737844393,75.81215234588265,147.67305954767684,169.78427247803387,3.0,0.0,9.99952076924999,0.0079561145045226,5,8,2024-07-19,1C - Si,1,Si wafer,89,43.17212696629213,41.5276,3.4973731252863294,39.5676,51.0264,39.8662,50.41162,0.6526723126966293,0.0533610087537541,0,11.458800000000004,10.54542,8.10099796106178,0.0,5,8
Day_2024_07_19_Wafer_09,2024-07-19_09,2024-07-19,5,9,3195,3194,True,2244.6486328125,15.399999856948853,617.5999999046326,602.2000000476837,3012,0.1230000033974647,0.0,134.1385762973294,28.076671815909435,0.6395584327968983,6.739966346249248,4.118373178944961,0.1056727808896567,72.33469783699766,122.18385403910446,438.536413052316,255.55648811181945,2.069156651794515,0.0373848589719849,1371.010389229216,0.0305079201946305,54.402855048616566,0.2401138691551264,10.190902925265895,0.0320333209849495,59.710723808562136,0.0713268733867696,1.368143972489305,0.0162619879153067,14.98725448123329,0.0018040113117997,3.902174436713594,9.059447768198652,88.46460831782733,4.996617275780787,44.08964058950761,20.689554782141773,569.7576907133835,184.02000305426344,3.450582573002336,9.862886648793578,28.38192098232538,2.0480158943298896,0.0423685256966883,0.0062706362317701,0.1437267782203704,2.7876531657536976,1.99800796812749,0.0445877077402378,2790.6077241327657,14.84962890529248,3281.7410432326683,78.24927112692406,148.5646229461528,169.5890078803368,3.0,0.0,9.999853369407605,0.0078629779580374,5,9,2024-07-19,1C - Si,1,Si wafer,89,43.233769856629216,41.6113,3.467313750195011,39.6471,50.9989,39.93614,50.43754,0.6486990951573034,0.0527790111413459,1,11.351799999999995,10.501399999999997,8.019919987762421,1.1235955056179776,5,9
Day_2024_07_19_Wafer_10,2024-07-19_10,2024-07-19,5,10,3245,3245,False,2243.70859375,29.800000190734863,627.8000001907349,598.0,2991,0.1230000033974647,0.0,134.30603222159868,28.13644738629319,0.2230992983156066,0.0975870191726285,4.137569379822461,0.1067504534147963,71.33927438410254,121.50004587198356,440.2227301966662,254.65107244780705,2.0663790825576296,0.0351634787998777,1371.0172475434117,0.0377737409428108,54.397091288105855,0.2157184106516983,10.199999809265137,0.0,59.71360757637088,0.0686501773063074,1.3770975938651602,0.0130578457831096,14.987410348938765,0.0016175509824823,3.999251189019839,9.176417159014363,88.06085299887573,7.317300938276698,44.13593263029853,20.589038638423563,570.957631964701,183.1405257228045,3.3252012936597044,4.928422303058119,28.332227124692764,1.6946909729348412,0.0423851552734164,0.0062670112256952,0.0867292990217397,2.1213349141779507,2.0,0.0,2791.191808580037,5.514000154764838,3280.54488269496,75.03157822958822,147.52580344067175,170.3516557951851,3.0,0.0,9.999538271134613,0.00755850831524,5,10,2024-07-19,1C - Si,1,Si wafer,89,43.02462584269663,41.4042,3.4711467290688547,39.4453,50.8589,39.72658,50.2215,0.6469587104606741,0.0539126592927307,0,11.413599999999995,10.49492,8.067813864924236,0.0,5,10
Day_2024_08_01_Wafer_01,2024-08-01_01,2024-08-01,6,1,3299,3298,True,2245.1857421875,43.40000009536743,638.4000000953674,595.0,2976,0.1230000033974647,0.0,134.56150255151974,28.48887655205887,0.3846034942274933,0.0754068964684369,4.353632393383211,0.1215602447509725,71.70527196285485,121.70037087409074,439.6815240160432,254.951884884884,1.98749663460479,0.0511508798456121,1371.0136055484895,0.03427990274982,55.01307108709889,0.1725065072819483,10.214079168855504,0.036201087581301,59.181922190932816,0.0908209735109388,1.3985500789537866,0.0211104291069114,14.987304590722566,0.0015780510393414,4.6940154314682045,14.220071224321485,88.05164556525727,7.615952979363154,44.2250887988716,20.636852635334424,564.8874812792707,183.0153508476086,3.3769407630197064,5.996378893163677,28.04928418385085,1.918526866537492,0.0423932791229397,0.0061490441100775,0.161873209861017,2.942651811293652,2.0,0.0,2791.6011518252794,8.089541156974246,3291.574766261603,75.41964124192266,144.89016329665338,168.5082082180273,3.0,0.0,9.99846623373288,0.0069547458383614,6,1,2024-08-01,9C - Si,9,Si wafer,89,43.75222247191011,42.0051,3.647501604985448,40.0937,51.9813,40.40732,51.23814,0.6493337256741573,0.0572322589224972,0,11.8876,10.830820000000005,8.336723025503959,0.0,6,1
Day_2024_08_01_Wafer_02,2024-08-01_02,2024-08-01,6,2,3246,3245,True,2244.9171875,30.0,627.7999999523163,597.7999999523163,2990,0.1230000033974647,0.0,134.29787484873896,27.955481781807897,0.3054414723909469,0.0733593511476816,4.397237457638999,0.1296098906973143,71.53452828896285,121.65145877407278,440.1694869016724,254.6828273326549,1.887581935455169,0.0410327215377066,1371.015748662534,0.0364206176904861,55.02749153953731,0.1583995172643992,10.210534966510275,0.0307006548004696,59.19782623239983,0.0797903691396989,1.339302444099184,0.0160325501249386,14.987230222759438,0.0015826689471057,4.549983140058741,14.22491961498329,88.49127202129684,7.263085488377837,44.141002384555776,20.594209686869902,567.2359661855028,181.8983934665352,3.318887907234223,5.761869051524593,28.11931980605109,1.8318270472929816,0.042411738924408,0.0061519420474629,0.0896672583742684,2.193214409249213,2.0,0.0,2791.480294748772,6.263384279679367,3290.471039859427,75.05748546647446,142.34344360326045,167.46225614937498,3.0,0.0,9.999496853231983,0.0079399300167726,6,2,2024-08-01,9C - Si,9,Si wafer,89,44.195029213483146,42.425,3.6918865131985816,40.5022,52.2677,40.82418,51.69418,0.6518977663483146,0.0567186283775277,0,11.765499999999996,10.869999999999996,8.353623877846086,0.0,6,2
Day_2024_08_01_Wafer_03,2024-08-01_03,2024-08-01,6,3,3247,3246,True,2244.7828125,30.0,628.0,598.0,2991,0.1230000033974647,0.0,134.16236749647135,27.939607903954265,0.3508024074751242,0.0765196511792705,4.358856566093391,0.0941229921025605,71.33740888161579,121.4654793464761,440.3735525835242,254.506221389492,1.931644937299399,0.0361250381010227,1371.011464936803,0.0318554390754289,55.01394176068652,0.1836228297051341,10.20254080417522,0.0292597314779879,59.2031094465954,0.0723607260616277,1.3109853796558768,0.0147607254716261,14.987247497650422,0.0016088343996987,4.433703753510593,11.280953079239884,88.02331547607989,7.197732912745425,44.14930935027168,20.60879164465619,568.018166672462,182.0413502747278,3.400778224805712,5.676543384907375,28.191062463641128,1.7981855128481965,0.0424126375825289,0.006201114861843,0.1274920686436751,2.6337317674552514,2.0,0.0,2791.392662933462,5.3498219852762645,3287.2116107436896,74.91468128518193,141.78673171423145,167.68034189374436,3.0,0.0,9.999359157323758,0.0074801427769763,6,3,2024-08-01,9C - Si,9,Si wafer,89,44.066997752808994,42.323,3.6589131145116736,40.3885,52.1867,40.69772,51.4784,0.6475585641123596,0.0567149694514091,0,11.7982,10.780679999999997,8.303068738733037,0.0,6,3
Day_2024_08_01_Wafer_04,2024-08-01_04,2024-08-01,6,4,3247,3246,True,2243.84296875,30.0,628.0,598.0,2991,0.1230000033974647,0.0,134.0171724304791,27.975108270374136,0.3522534270533268,0.0684665378289607,4.277128056912309,0.1016418716256075,71.28179201805376,121.49396850275312,440.43788228677454,254.40803766372304,1.9964861241681489,0.0332108997539806,1371.017448096242,0.0379466412585886,55.00247410092215,0.193648510788342,10.14954874898948,0.0510563963862362,59.206519723456665,0.0737830931210558,1.326971731270408,0.0114828570805876,14.98720667586204,0.0015977865798135,3.88766629414509,8.749710789724409,87.84137784561877,7.3102196677943105,44.07887494002087,20.60472859423828,569.3806174076428,182.2099741579625,3.5543503011799467,6.046279184783786,28.247560972355952,1.7773730302120003,0.0423717147504723,0.0061829949410248,0.2177415527017249,3.4328493185082,2.0,0.0,2791.172896537921,6.093811122533714,3287.910394676869,75.6561020352992,142.69888924484226,167.8751898629241,3.0,0.0,10.000085769150816,0.00669315001156,6,4,2024-08-01,9C - Si,9,Si wafer,89,43.89461797752809,42.1509,3.6395515239081897,40.222,51.9347,40.52726,51.34572,0.649333190730337,0.0558732026362379,0,11.712699999999998,10.818460000000002,8.291566692234257,0.0,6,4
Day_2024_08_01_Wafer_05,2024-08-01_05,2024-08-01,6,5,3246,3245,True,2244.7828125,30.0,628.0,598.0,2991,0.1230000033974647,0.0,134.0565576422617,27.996050687609955,0.3653059173848658,0.0706252689578101,4.165315948254844,0.1024815293815932,71.36211973503207,121.56732724274563,440.48298417397945,254.5089593131185,2.063884945985506,0.0411586448086347,1371.011531787746,0.0319361097849805,54.99658979583607,0.1894098041335918,10.16188568432807,0.0485664922030727,59.20621863530656,0.0691554044027268,1.3767384327362708,0.0166588603559545,14.987225665491348,0.0016028336022366,3.860688379798514,7.338698802441726,87.88173143411711,7.428437611131461,44.03698463210371,20.594192842920236,569.9896179015562,180.8486495280371,3.520296298814374,5.929421480738001,28.281383369009617,1.7628781981816393,0.0423863586536551,0.0061809537949339,0.176009457153606,3.0413367444917805,2.0,0.0,2791.262800037482,5.965577108984422,3287.928351787132,76.37797437149071,146.00834668643176,168.76657715904736,3.0,0.0,9.999521443613476,0.0080172461321459,6,5,2024-08-01,9C - Si,9,Si wafer,89,43.69129550561797,41.9821,3.603095307296623,40.0373,51.6084,40.33792,51.07752,0.6490255172808989,0.0551281462073461,0,11.5711,10.739600000000005,8.246711995146322,0.0,6,5
Day_2024_08_01_Wafer_06,2024-08-01_06,2024-08-01,6,6,3297,3296,True,2244.7828125,43.20000004768372,638.0,594.7999999523163,2975,0.1230000033974647,0.0,133.81643196105958,28.033184748555637,0.4073378137405179,0.0655708349086609,4.18865882512902,0.1015280667004219,71.7656906622329,121.7874716923016,439.5227246435951,255.13372745280168,2.07329743164928,0.038362941796721,1371.013408490349,0.0340695474839148,55.00793281362838,0.2156347497586689,10.1875965188932,0.0329618010418617,59.22268907947701,0.0714282586725388,1.382230999008948,0.0167969103889296,14.987221384769729,0.0015878061364611,3.6621801119892536,7.115884142138244,88.07234576944043,7.722066508347452,44.15536933963038,20.638905188619557,573.24384337866,182.014483333244,3.5810829421702555,5.932720061701952,28.32761082689301,1.7646011659780445,0.0423976802537922,0.0062129682271308,0.0906835706694787,2.210881935920337,2.0,0.0,2791.1745674402573,8.022407447307396,3288.240142873556,76.61634063864624,147.90202373023794,169.60000889890824,3.0,0.0,9.999907603544347,0.0075347558842351,6,6,2024-08-01,9C - Si,9,Si wafer,89,43.231184269662926,41.5642,3.5591206811687828,39.5939,51.0864,39.89836,50.54572,0.6492932253370786,0.0539713241873671,0,11.4925,10.64736,8.232762394312575,0.0,6,6
Day_2024_08_01_Wafer_07,2024-08-01_07,2024-08-01,6,7,3298,3297,True,2244.7828125,43.40000009536743,638.2000000476837,594.7999999523163,2975,0.1230000033974647,0.0,133.89839593198118,28.06163114752839,0.3297378161023644,0.0604698557838579,4.179028568107541,0.0984745682487262,71.88944528253263,121.86861859004097,439.3633365997346,255.20863429209777,2.1061109094860173,0.0406944544241447,1371.0166345932903,0.0372336342183444,55.01680677013237,0.227399776676702,10.19384858395873,0.0240266817956858,59.21468915153952,0.0752988952326049,1.362869029966723,0.0151358320506624,14.987321919673631,0.0015806007284818,3.792091501700778,7.196680000267745,87.72368170703159,7.570484369899732,44.15450766106613,20.62113116565558,571.6397904596408,182.96037960446745,3.533412518560135,5.852586415287886,28.338853934151786,1.7661711176087247,0.042418722296838,0.0062284684367946,0.2152708960781578,3.3855196397662533,2.0,0.0,2790.970777064732,7.954418476108038,3286.7504780232407,76.08621115367445,147.61865811323918,169.7235473217033,3.0,0.0,9.999492568649163,0.0080920473782782,6,7,2024-08-01,9C - Si,9,Si wafer,89,42.97732808988764,41.4916,3.845149169385882,28.653,50.9534,39.76408,50.38862,0.6838990728202247,0.0566696144033584,0,22.300400000000003,10.624539999999996,8.946924670011366,0.0,6,7
Day_2024_08_01_Wafer_08,2024-08-01_08,2024-08-01,6,8,3246,3245,True,2244.7828125,30.0,628.0,598.0,2991,0.1230000033974647,0.0,133.9030978140007,27.99325058599323,0.3706051480673958,0.0758727313495057,4.164439998395225,0.1074195512504948,71.34516530921007,121.50339497787688,440.4210986498008,254.4166609351406,2.1083316463405413,0.0383964190730101,1371.0122337226524,0.0327629305836577,55.02129721250952,0.2335692319120819,10.194516724625068,0.022764909606466,59.21166846537741,0.0649633815146649,1.349527064552677,0.0135771183650506,14.987148530743903,0.0015888053008316,3.062676805670306,6.435495511479135,87.96879548717207,7.215087448119661,44.062299347051365,20.60454189342908,571.1980904362665,182.2994450231142,3.4814976903456425,5.333851364017241,28.33193937905534,1.727579049547782,0.0423674686861373,0.0061858859897152,0.1097890891505898,2.4505317700233675,2.0,0.0,2791.0799056511983,5.518350586040195,3286.328502026261,76.048372597753,147.2594934786813,169.35551000900728,3.0,0.0,9.999782743361514,0.0076980679761178,6,8,2024-08-01,9C - Si,9,Si wafer,89,43.32931011235955,41.7748,3.530859176723535,39.6672,51.2159,39.96604,50.57142,0.6852053733483147,0.0572599738547485,0,11.548699999999997,10.605380000000004,8.148893133925917,0.0,6,8
Day_2024_08_01_Wafer_09,2024-08-01_09,2024-08-01,6,9,3245,3244,True,2243.5744140625,29.799999952316284,627.5999999046326,597.7999999523163,2990,0.1230000033974647,0.0,133.83611622111854,28.027810909130658,0.3316989976464207,0.0617827916815677,4.174063539106312,0.1021935400372342,71.48970545301631,121.59966740409712,439.978687488355,254.78456082141707,2.104785924372466,0.0337362505645177,1371.0165511421535,0.0371587113359415,55.01494981261799,0.232796881217757,10.19698979304387,0.0170862430665511,59.20591994193087,0.0692173777201661,1.3273783829698595,0.0132993438454954,14.987162445540411,0.001558682003897,3.3759289438509223,6.858435682576932,87.58713718066646,7.343809700128222,44.049492700761775,20.5988691880798,569.784004308388,182.3188164451523,3.4654533048674314,5.490795474648075,28.352921136964525,1.7286841462252132,0.0424031099753086,0.0062282162593689,0.088595537676859,2.166088886349612,2.0,0.0,2791.129036648856,5.266986403736445,3284.7311628769075,75.3679756035943,146.66046558112205,169.62169503378797,3.0,0.0,9.999624139090445,0.0080678973292871,6,9,2024-08-01,9C - Si,9,Si wafer,89,43.23398539325843,41.6448,3.510391499839611,39.4678,50.9339,39.91016,50.45156,0.6820952078539325,0.0570808213498085,0,11.466100000000004,10.541400000000005,8.119518633105228,0.0,6,9
Day_2024_08_01_Wafer_10,2024-08-01_10,2024-08-01,6,10,3245,3245,False,2247.602734375,29.799999952316284,627.7999999523163,598.0,2991,0.1230000033974647,0.0,133.98584775564385,28.05327290106608,0.4014209282463986,0.0642599529418845,4.0214744592262965,0.0984231969831339,71.10624849184755,121.3467203107166,440.7180429130683,254.2550015212199,2.072029364623181,0.0346100198800428,1371.0128353811435,0.0334436502410914,55.01825475740576,0.2362095462109696,10.196489297757775,0.0184044954009076,59.21213653038992,0.065288525398209,1.419084777325063,0.0241668553791916,14.98716791128084,0.0015991714142828,3.1897097236533822,6.985070845281355,87.95459835284612,7.563242003140961,44.084675527742895,20.620529566974437,571.9957121833437,182.69027062947663,3.4801202256697072,5.685355021001506,28.33645951026501,1.716509829904172,0.042387963480941,0.0062310241291294,0.1763665783728137,3.046994573260737,2.0,0.0,2791.021592854736,5.598298467716365,3281.495335126473,73.98132892358977,143.46506627592024,169.28578012259362,3.0,0.0,9.99972952667665,0.0079270270392222,6,10,2024-08-01,9C - Si,9,Si wafer,89,43.2034202247191,41.6058,3.512489810267271,39.5395,51.0186,39.83918,50.41898,0.6829520741348314,0.0567353491434387,0,11.479100000000004,10.5798,8.130119772919224,0.0,6,10
Day_2024_08_05_Wafer_01,2024-08-05_01,2024-08-05,7,1,3245,3244,True,2245.99140625,29.799999952316284,627.6000001430511,597.8000001907349,2990,0.1230000033974647,0.0,133.8099867192399,28.38280401661763,0.3179832786570823,0.0589839814742803,4.035444846121364,0.1098873708929731,71.43223073183742,121.64020989063476,440.3772628959605,254.7237741277896,2.0827959248054784,0.0321899955292432,1371.018122664742,0.0385148419309971,54.69933071710593,0.133688408118505,10.167892969571628,0.0466885043941782,60.01551809789345,0.0675408932637335,1.2945567993416036,0.0190383932989994,14.987161005779251,0.001700534295172,4.371281448734245,11.57769582938887,87.31037616889213,7.579256183387201,44.127758959384266,20.598873374646026,562.1792300833507,183.9139728368397,3.5198507662887457,6.273133201220033,28.021256406650096,1.8711422658760632,0.0424042137370859,0.0061925496459882,0.1624421645965066,2.9602324329310097,2.0,0.0,2791.603738291048,5.874211936053426,3288.6697330130382,75.10076750917662,144.5427972104637,168.81092455082074,3.0,0.0,9.99793129860358,0.0071502828035536,7,1,2024-08-05,3C - SiO2,3,SiO2 wafer,89,43.83111460674157,42.0238,3.697463275248195,40.0996,52.1228,40.40946,51.27612,0.6818525041235955,0.0558360282195153,0,12.023199999999996,10.866660000000005,8.43570442691753,0.0,7,1
Day_2024_08_05_Wafer_02,2024-08-05_02,2024-08-05,7,2,3247,3246,True,2244.7828125,30.009999990463257,628.0099999904633,598.0,2991,0.1230000033974647,0.0,133.4753692024968,28.04738536874531,0.3109428295345658,0.0635812456987131,4.10433969645945,0.1195447961983046,71.47189229664454,121.59658791906432,439.9666982774789,254.71574131513435,2.0799330916543424,0.0408894350848374,1371.0103618962355,0.0304724097172983,54.71738569412053,0.1696421620497542,10.133634425054542,0.0472454889387564,60.00320942558918,0.0778962438942771,1.3137080676975716,0.0132271049743014,14.987132400862151,0.0016231641619481,4.540901169733872,13.917515912472822,88.35221344824421,7.269875465120198,44.16533381832917,20.587817289655177,565.9971951886747,182.3624909338048,3.3864985014589406,5.755908238458455,28.089004535094745,1.817733434776169,0.0423946169378445,0.0061536988262347,0.0529558888967521,1.6729915692302584,2.0,0.0,2791.530376448356,5.649003298942279,3288.75625999091,75.18473651732897,142.81688189849294,168.15316582777822,3.0,0.0,9.999293150052065,0.0075862846592242,7,2,2024-08-05,3C - SiO2,3,SiO2 wafer,89,44.11084831460674,42.3205,3.695472193517218,40.3837,52.2922,40.6963,51.6012,0.6818559953483146,0.0560837575143856,0,11.908500000000004,10.904899999999998,8.377694682179824,0.0,7,2
Day_2024_08_05_Wafer_03,2024-08-05_03,2024-08-05,7,3,3299,3298,True,2242.7685546875,43.39999985694885,638.3999998569489,595.0,2976,0.1230000033974647,0.0,133.3179960097036,28.100385439095355,0.3217204307401252,0.0715073667171549,4.106666683269444,0.1148999055360074,71.71527574068594,121.70025704695782,439.81338563248994,254.83231249429213,2.095446871974135,0.0377937112647336,1371.0147141487369,0.0354196198240785,54.72994010294637,0.1885343421597985,10.189952823744026,0.0300624497524485,60.020564163884806,0.0782906561899199,1.29116635649435,0.0121387333224505,14.987223372344047,0.0015496213313336,4.798902297532687,11.45192672796388,88.02186133453162,7.478255599340463,44.26216022109472,20.643785254572943,567.9029299161767,184.0634149907052,3.587093921743774,6.085179831120506,28.176918388694844,1.81653164915636,0.0423844418399566,0.006180500579214,0.1983292923178724,3.2569872530358825,2.0,0.0,2791.3112411499023,7.876903045346354,3289.014942784463,75.93688320245472,145.71661428802756,169.47975228736854,3.0,0.0,9.999197179271327,0.0070736416105851,7,3,2024-08-05,3C - SiO2,3,SiO2 wafer,89,43.68900561797753,41.9338,3.612899709556959,40.0253,51.6961,40.3292,51.0228,0.6818448824269663,0.0565905699179003,0,11.6708,10.693599999999996,8.2695855821225,0.0,7,3
Day_2024_08_05_Wafer_04,2024-08-05_04,2024-08-05,7,4,3247,3246,True,2243.4400390625,30.0,628.0,598.0,2991,0.1230000033974647,0.0,133.19273362690612,28.006021597589047,0.3142326985523528,0.0972806687660781,4.1106787196611805,0.1255251912921081,71.49046159129115,121.62488656470246,440.1706607852721,254.72287805569903,2.097709761459825,0.0386465281045193,1371.013503890578,0.0341716887529379,54.71431038109446,0.2139780485043914,10.136877469018485,0.048246948790139,60.01213615899579,0.0707440511558916,1.271541712834898,0.0120660230614905,14.987165256233688,0.0016094537404091,3.813670899388943,8.237747307553702,87.82495545735131,7.408355011667266,44.140432295931575,20.61725457081454,568.0559315274926,181.8828642583908,3.391197185660736,5.889750318323035,28.228652969406262,1.774392307833503,0.0423876292466748,0.0061610756327965,0.071322093875621,1.95014340380335,2.0,0.0,2791.349331768091,5.442593605239745,3289.613911885396,75.94305082240756,146.17660169177373,169.46919017262564,3.0,0.0,9.999600226167292,0.0076702987691688,7,4,2024-08-05,3C - SiO2,3,SiO2 wafer,89,43.76099325842696,42.033,3.5871333721535184,40.0782,51.5847,40.3836,51.1212,0.6875776283932584,0.056653992912259,0,11.506499999999996,10.7376,8.197102270896814,0.0,7,4
Day_2024_08_05_Wafer_05,2024-08-05_05,2024-08-05,7,5,3247,3246,True,2246.7970703125,30.0,628.0,598.0,2991,0.1230000033974647,0.0,133.23966950327608,27.97764932116057,0.321885657279722,0.0932559821222695,4.141952527242933,0.1180126112471921,71.30316631605619,121.5435057357156,440.4439237988223,254.44243817719067,2.0954429572420112,0.0375111499425794,1371.0159439500142,0.0366032266715117,54.715279639424864,0.23546459987422,10.192845052478704,0.0257736501098607,60.01377430682755,0.0761234378262067,1.2722771774761974,0.0129534426970546,14.987122608402906,0.0015697689888361,3.7692042841476088,6.813580492550535,87.70724744599067,7.408623749760419,44.11964782350082,20.61583211277024,568.5773707485167,180.99522479999723,3.468656653643591,5.661118444232552,28.266736298729768,1.7589945759168428,0.0424119353715351,0.0062462744972143,0.1271859656524913,2.628145274343273,2.0,0.0,2791.269361469826,6.521630563149036,3284.85390114027,75.6172502281401,143.18695088701875,168.89392858865966,3.0,0.0,9.99956724708274,0.0076025260367501,7,5,2024-08-05,3C - SiO2,3,SiO2 wafer,89,43.5520786516854,41.9133,3.5380630871806247,39.8751,51.3076,40.20538,50.7833,0.6870660943820225,0.0571374004036037,0,11.432499999999996,10.577920000000006,8.123752520463698,0.0,7,5
Day_2024_08_05_Wafer_06,2024-08-05_06,2024-08-05,7,6,3247,3246,True,2245.7228515625,30.0,628.0,598.0,2991,0.1230000033974647,0.0,133.17885695903527,27.96501292882352,0.3320829162317468,0.0715681986266368,4.160528261021442,0.1210170263721331,71.45185569288232,121.63829040259856,440.34329512046753,254.656414190097,2.1016683012536044,0.0347315427183926,1371.0197210283193,0.0397831924755092,54.69725888965521,0.2472567834525237,10.153092688838202,0.0499039803570507,60.01802043474785,0.070860157040991,1.2610615476721787,0.0140522714933244,14.987020555047916,0.0016295370226731,3.2640826392038256,6.481428046982422,87.47208244303962,7.388232935067826,44.1662979062207,20.64509484745427,570.4126144353063,181.79435709751385,3.5326016525243165,5.837441999772872,28.308295984883564,1.751501542375644,0.0424092272685766,0.0062254192357209,0.0520375786478086,1.6438560361968175,2.0,0.0,2791.2480338149867,6.219586552768124,3286.571446925412,75.95006086297715,146.77214619883006,169.42749838896293,3.0,0.0,10.000178704728892,0.007287815961529,7,6,2024-08-05,3C - SiO2,3,SiO2 wafer,89,43.370857303370784,41.7852,3.5201438572138457,39.7078,51.2329,40.01076,50.6111,0.685676758752809,0.0575480566028219,0,11.525100000000002,10.600340000000005,8.116380620726767,0.0,7,6
Day_2024_08_07_Wafer_01,2024-08-07_01,2024-08-07,8,1,3299,3298,True,2244.1115234375,43.39999985694885,638.3999998569489,595.0,2976,0.1230000033974647,0.0,134.41167888205538,28.549715618963617,0.3188944897640707,0.0838759137554801,4.231465057419833,0.1106299390155637,71.71607852014162,121.70068324469356,439.7871524648321,254.8624356908707,2.044522813090714,0.0385102186775967,1371.0124633542953,0.0330256861871043,54.91753972602147,0.2340222334466381,10.120799993635506,0.0405872572206787,59.19032280547645,0.0812810597533723,1.383976669721706,0.0203557413188512,14.987147064619167,0.0016148085257785,4.065853040064535,12.530423062062706,87.7488314496173,7.681327166598357,44.22758073704217,20.64144228594037,563.344326911434,183.3637821839729,3.463481653673244,6.100181398819157,28.010889896141585,1.910245139180298,0.0424023854104371,0.0061563920572995,0.1279808462307017,2.639150832474282,2.0,0.0,2791.659635728405,8.245189433720002,3288.8025116459016,75.69698847348494,144.23440507342738,168.50533628088877,3.0,0.0,9.998397199376935,0.0069785544405615,8,1,2024-08-07,3C - SiO2,3,SiO2 wafer,89,43.74446306921348,41.9319,3.682359073304637,40.044,51.9915,40.35332,51.22998,0.6797819038426967,0.0552605169509901,1,11.947500000000003,10.876659999999994,8.417886093328715,1.1235955056179776,8,1
Day_2024_08_07_Wafer_02,2024-08-07_02,2024-08-07,8,2,3298,3297,True,2244.9171875,43.40000009536743,638.2000000476837,594.7999999523163,2975,0.1230000033974647,0.0,133.98702783087722,28.15416204478616,0.299200001139225,0.0845215822203048,4.05195631980896,0.1268154268864079,71.678403423406,121.70386525996784,439.7688656257181,254.85894341437248,2.085361302800539,0.039085305267738,1371.0146182789522,0.0353238860280136,54.9248064262326,0.2382637660465536,10.189378021304346,0.0308115293154879,59.21189916274127,0.0742893171292478,1.2858872963801151,0.0165464437527275,14.987161676743453,0.0015985478644435,4.444438744232434,15.04783135959362,88.93600836515928,7.440778400327588,44.27311440283511,20.65343104929872,567.1544389433019,181.35333977515464,3.1729299279909675,5.619775456206761,28.075353530755564,1.8502266237188465,0.0423870585589599,0.0061529043527439,0.0524713198878184,1.652043804529202,2.0,0.0,2791.3309120601366,8.209470551179843,3289.2368404510244,75.5285162755716,142.22411372208796,168.0246602611967,3.0,0.0,9.99966860410546,0.0081303713374258,8,2,2024-08-07,3C - SiO2,3,SiO2 wafer,89,43.896177528089886,42.1267,3.662978175794793,40.1973,51.877,40.5108,51.32914,0.6783756517303371,0.0550009643551217,0,11.679700000000004,10.81834,8.344640426722332,0.0,8,2
Day_2024_08_07_Wafer_03,2024-08-07_03,2024-08-07,8,3,3298,3297,True,2245.1857421875,43.39999985694885,638.2000000476837,594.8000001907349,2975,0.1230000033974647,0.0,133.84474507307806,28.1148452631818,0.3307327735993792,0.0755488649879629,4.080352963279275,0.1142247732571145,71.78296141289738,121.77571958151474,439.4994774832846,255.0995194704835,2.0909041629919485,0.039348793376333,1371.0176427504596,0.0381126969783722,54.92736094498834,0.2244943887574329,10.201008216473236,0.009991207153757,59.212874048056726,0.0772137281913594,1.2852402007078925,0.0173058193184039,14.987246621716924,0.0015958566784243,4.900985387914321,13.782816258444416,88.58292200200698,7.526129511240541,44.24967934231798,20.632118496931785,570.0688586323201,180.18767005826288,3.3432078264540985,5.8312251545824205,28.15354248046875,1.8314911746792464,0.0424027223709751,0.0061801823782426,0.1068404279436383,2.377368424988024,2.0,0.0,2791.4607927389707,8.14665679750101,3286.3392212119224,75.61067102777605,141.84425847093598,168.74797959114866,3.0,0.0,9.999590748057646,0.0078957746291449,8,3,2024-08-07,3C - SiO2,3,SiO2 wafer,89,43.71542808988764,41.9659,3.60470357499656,40.0513,51.5945,40.35704,51.06354,0.676412922752809,0.0550602715500443,0,11.5432,10.706500000000004,8.245838443088264,0.0,8,3
Day_2024_08_07_Wafer_04,2024-08-07_04,2024-08-07,8,4,3247,3246,True,2248.13984375,30.0,628.0099999904633,598.0099999904633,2991,0.1230000033974647,0.0,133.81269521021358,28.064446698533978,0.343761283986517,0.0864013343170149,4.120167176805584,0.110873709071537,71.51084263441852,121.54750588559529,440.28115876707017,254.56527485918852,2.095205583129189,0.0389946238155245,1371.0105958745378,0.0307742783539466,54.91594757518813,0.2396012211650337,10.195018240617136,0.0278251964439025,59.20488136390984,0.076247489612212,1.2864464992505975,0.0125673046702631,14.987085459424437,0.001605723030711,4.033912298393186,12.178650041836026,88.29424142773755,7.292452335768722,44.16210448068347,20.600764458792707,568.2389736245684,184.05163560706768,3.409915407868591,5.777803446329258,28.216523084701084,1.7724991726678758,0.042401470659305,0.006208612344964,0.1252473112493404,2.5871030372226627,2.0,0.0,2791.314932427491,5.998270419202888,3286.216979796812,76.20566952392383,141.77459980611695,168.19233849657223,3.0,0.0,9.999790165504857,0.0074505720055115,8,4,2024-08-07,3C - SiO2,3,SiO2 wafer,89,43.83268764044944,42.0939,3.596014838236006,40.1374,51.7433,40.44854,51.19622,0.6872802449438202,0.0567926118966054,0,11.605899999999998,10.747680000000004,8.20395698236298,0.0,8,4
Day_2024_08_07_Wafer_05,2024-08-07_05,2024-08-07,8,5,3247,3246,True,2244.9171875,30.0,628.0,598.0,2991,0.1230000033974647,0.0,133.8716712729742,28.026573881386437,0.3193279848758172,0.0715719966575925,4.019441687594445,0.1255308566450852,71.22652983386598,121.45803368919736,440.3871198814874,254.47443475494364,2.094122332499921,0.0383515190191485,1371.015576269825,0.0362577787629175,54.90772303304159,0.2091930162366089,10.164894694191522,0.0477296796105081,59.21464397388332,0.0739092660852892,1.3253493835120167,0.0429375111674838,14.987154234934316,0.0016105788635007,4.48599641883465,10.364236090987731,88.22031849851898,7.269325805708908,44.1599157933446,20.6113264046154,569.9673942073616,182.6025203882691,3.3441031742461127,5.411429281525992,28.26271819813281,1.7454130836604564,0.0423831490520169,0.0061890904127048,0.0911167786297531,2.228825815265129,2.0,0.0,2791.2120073599704,5.145255031238197,3286.8708674852683,76.32306256611342,145.15238979483718,168.9341487387661,3.0,0.0,9.999460825510385,0.0081511601402084,8,5,2024-08-07,3C - SiO2,3,SiO2 wafer,89,43.646195505617975,41.9591,3.56670650821036,39.9924,51.5523,40.27898,51.02622,0.6857031971685393,0.0560445807609937,0,11.5599,10.747240000000003,8.171861182611591,0.0,8,5
Day_2024_08_07_Wafer_06,2024-08-07_06,2024-08-07,8,6,3246,3245,True,2244.7828125,30.0,627.8100001811981,597.8100001811981,2990,0.1230000033974647,0.0,133.8206018785968,27.99945989579637,0.3302943149967786,0.0725897915833865,4.151458194104325,0.1080648112123917,71.21063564012456,121.481200980709,440.5415904018792,254.4020650312393,2.088411323681324,0.0375867291347544,1371.014478069803,0.0351829362984051,54.88882894994424,0.1954212080945201,10.180167151613778,0.0411127090143848,59.21120425068016,0.0636004464971475,1.247614634674927,0.0133403633859947,14.987136310717732,0.0016429884224231,4.333260903629571,9.756602122772966,88.03658400762042,7.171503643769228,44.15658826796108,20.61350885236651,571.0954223683846,183.43946205367052,3.46609633449328,5.607742542409281,28.309072481110743,1.7181135425134293,0.0423422738305451,0.0061941131109298,0.1770890073234022,3.058695785041792,2.0,0.0,2791.237662324937,5.816036860355207,3287.062612353679,76.23394829427448,146.11547037462725,168.99442625049383,3.0,0.0,9.999556788313749,0.0077616102176625,8,6,2024-08-07,3C - SiO2,3,SiO2 wafer,89,43.50728202247191,41.9005,3.5530731721803623,39.8199,51.2551,40.11626,50.8099,0.688791018,0.0563174833505892,0,11.435200000000002,10.693639999999997,8.166617189152765,0.0,8,6
Day_2024_08_07_Wafer_07,2024-08-07_07,2024-08-07,8,7,3246,3245,True,2244.9171875,30.0,628.0,598.0,2991,0.1230000033974647,0.0,133.92595351144885,28.033489268893213,0.3172350394679965,0.0619795852223208,4.183350052573696,0.109174628037887,71.37063197243556,121.5081958820344,440.3303327830648,254.53857696925013,2.0974523224825843,0.0399648600405548,1371.014974611334,0.0356771153219925,54.91203593155565,0.2212898871882741,10.201002822118394,0.0099647194220882,59.21360751897824,0.0774815159261827,1.2994881368568214,0.0123448961166478,14.987135875029772,0.0015751461231197,4.279233762867991,8.96792133466805,87.88382009055374,7.300095422890822,44.183194914536905,20.61292060118712,570.8665121340584,183.3900040614374,3.4894104617215325,5.44362801579378,28.33529837368245,1.715533429164535,0.042393914701318,0.0062081426354551,0.200599766064551,3.3044132239570145,2.0,0.0,2791.434692423625,5.63880242217876,3284.727477272312,76.09134691951826,146.036232707573,169.3415006385728,3.0,0.0,9.999676991369922,0.0077967608105715,8,7,2024-08-07,3C - SiO2,3,SiO2 wafer,89,43.40571685393258,41.8233,3.5437692270603294,39.7304,51.2407,40.0276,50.68784,0.686731098505618,0.057173358831295,0,11.510299999999994,10.660239999999996,8.164291443419076,0.0,8,7
Day_2024_08_07_Wafer_08,2024-08-07_08,2024-08-07,8,8,3835,3835,False,2245.1857421875,143.79999995231628,745.7999999523163,602.0,3011,0.1230000033974647,0.0,133.691545497219,28.229092929120963,0.8110195924517117,6.164048855870896,4.507130524519075,0.1329628216336729,72.18806704547168,122.10404603687176,438.7550334603792,255.5398796131195,1.909149783388478,0.0400664695185093,1371.0139786521686,0.0346716198745079,54.94938547798899,0.1081625165997362,10.15728999055212,0.0494654305353611,59.29814018850032,0.0726902319896637,1.237674657825773,0.0182703116339904,14.987052639391443,0.0019064192981515,3.969879352147696,15.189972409046252,89.72739366945022,5.146933057168535,44.17283623149648,20.69256935032897,567.5566510340178,181.76346090714725,3.4333779232131705,10.712266177070338,28.27538176542578,2.037016543504377,0.0423704080781007,0.0063083603071029,0.0856464313771866,2.100619646676749,1.9983394221188973,0.0407163402358735,2791.169226832344,13.457624857976588,3280.093316044296,78.91872725584979,146.51749072333024,169.51029283857437,3.0,0.0,9.998623611997504,0.0070411603582104,8,8,2024-08-07,3C - SiO2,3,SiO2 wafer,89,43.69908426966292,41.8753,3.763192322355245,39.8948,51.9439,40.2089,51.26298,0.6884493064719102,0.0574897733534691,0,12.049100000000005,11.05408,8.611604534165844,0.0,8,8
Day_2024_08_07_Wafer_09,2024-08-07_09,2024-08-07,8,9,3246,3245,True,2245.99140625,30.0,628.0,598.0,2991,0.1230000033974647,0.0,133.6522970113496,28.24449052629849,0.5384085567220324,0.0675843518479237,4.507626216095134,0.1214783347690664,71.40427283496187,121.6194224099612,440.3930810413724,254.5914522974128,1.909699093932812,0.036622402067633,1371.0140386981257,0.0347338743281936,54.99749257436208,0.1604190957583306,10.156369166245073,0.0495924018979514,59.28910045438848,0.0679862377478359,1.282818152967483,0.0395825472713882,14.986900952299957,0.0017520497526396,3.973793594464934,15.23296131594864,89.38403795651072,7.384315903183987,44.13925385291821,20.599818948957328,568.7854375555459,179.9875789319248,3.1821438602913843,5.443023782361856,28.216193534266942,1.6983761852219093,0.04235352684262,0.0062558379649492,0.0707098853424694,1.932448997578885,2.0,0.0,2791.517914012219,6.566373078020027,3282.971365594178,76.0994238734152,147.01324326933846,170.67165916579611,3.0,0.0,9.998339614115682,0.006986861113761,8,9,2024-08-07,3C - SiO2,3,SiO2 wafer,89,43.47381460674157,41.7541,3.729154282517733,39.6855,51.7371,39.99694,50.97694,0.684463488764045,0.0574958731134842,0,12.0516,10.979999999999997,8.577932063820887,0.0,8,9
Day_2024_08_07_Wafer_10,2024-08-07_10,2024-08-07,8,10,3246,3246,False,2244.1115234375,30.0,628.0,598.0,2991,0.1230000033974647,0.0,133.81463386971828,28.24990801340411,0.3311200271936931,0.0749491024072846,4.206532938270735,0.1244071745716544,71.36117698549938,121.54636038275984,440.50864789008455,254.44253981472573,1.9955800663304943,0.0521851521666038,1371.013871570767,0.0345600627858167,54.963691197442834,0.1014378939810305,10.120729116084624,0.0405361710288198,59.23012369909003,0.0672718389046748,1.4051317673628645,0.0175392935855321,14.98720505069387,0.0016222427536879,4.533513870736661,15.360648386678088,88.88045500656786,7.302935334968654,44.13470821514532,20.571561225995357,570.1095717419593,182.14761639275733,3.3474243982669822,5.508154634534852,28.223326788583115,1.6861954258052447,0.0423772312384391,0.0062709139474867,0.1032078639993058,2.302377737020215,2.0,0.0,2791.527229393258,5.364774208994634,3284.362808722391,75.40209641977152,146.88253717923078,170.3916620760094,3.0,0.0,9.998760488989042,0.0070000165561936,8,10,2024-08-07,3C - SiO2,3,SiO2 wafer,89,43.21752471910112,41.6261,3.5292509333285165,39.5611,51.0756,39.864,50.40788,0.6817811325505617,0.056888898217751,0,11.514499999999998,10.54388,8.166249585711862,0.0,8,10
Day_2024_08_21_Wafer_01,2024-08-21_01,2024-08-21,9,1,3245,3245,False,2245.0513671875,30.0,627.7999999523163,597.7999999523163,2990,0.1230000033974647,0.0,133.1434786295811,27.98499544544841,0.2850267569008081,0.056163724447056,4.249531784583892,0.1181401916560172,71.27497981306365,121.44378144165192,440.22555038322974,254.65039639229724,2.060836075261285,0.0399971076759523,1371.0145449431045,0.0352503026851589,55.03234056581223,0.120869690524933,10.12822763991595,0.0461114552869998,59.90775987248755,0.0824783114620077,1.4093161922234756,0.0778257119565038,14.98678168612579,0.001699328945202,3.788531022725696,10.51773106952245,87.83031664803674,7.329900708773217,44.1168120744635,20.618648378829526,565.4332941776136,183.7284411330789,3.534410845839658,6.341021579698594,28.06170002927748,1.85446819481448,0.0424101669434769,0.0061762464324514,0.1975027294860635,3.2535283192471853,2.0,0.0,2791.711185723244,5.663769779295248,3279.5353100830894,76.79855348160314,143.51457846778692,168.14894942003562,3.0,0.0,9.998274849091086,0.0071137349221651,9,1,2024-08-21,3C,3,Chuck,89,44.29168651685393,42.4532,3.791206557764748,40.5155,52.6704,40.8359,51.82304,0.6850698094382023,0.0576890169338789,0,12.154899999999998,10.987139999999997,8.559634676187173,0.0,9,1
Day_2024_08_21_Wafer_02,2024-08-21_02,2024-08-21,9,2,3245,3245,False,2244.7828125,30.0,627.7999999523163,597.7999999523163,2990,0.1230000033974647,0.0,132.82492262543644,27.656135582644485,0.3150234127398518,0.0523320644355061,4.101431454463946,0.1278016568486074,71.30038116664804,121.51537472174915,440.5791523765162,254.4336770505824,2.097508323152727,0.037410966904228,1371.0147455630097,0.0354508769057511,55.04267514844403,0.1545678021841907,10.143010168809155,0.0495087095020895,59.91404760737084,0.0714634215370821,1.352865321221559,0.0146808153243128,14.987041992008884,0.0016203880726665,4.666596513129397,13.80347725945039,88.96900304647592,7.262225131065212,44.11906277774568,20.60719901059641,567.2736983589504,181.54930984068588,3.2474960302591422,5.560230267235922,28.11807764174548,1.797345886434594,0.04240762503338,0.0061685921411903,0.2107206108578072,3.321794098100239,2.0,0.0,2791.460535606971,6.235946714684465,3278.7056452008,76.28247959795536,140.21891640053943,167.18183823158776,3.0,0.0,9.998922211190928,0.0072279069943321,9,2,2024-08-21,3C,3,Chuck,89,44.376304494382026,42.524,3.7778496732814006,40.613,52.64,40.93528,51.956140000000005,0.6824940887865169,0.0576069128301655,0,12.027,11.020860000000006,8.513213789038407,0.0,9,2
Day_2024_08_21_Wafer_03,2024-08-21_03,2024-08-21,9,3,3246,3246,False,2244.7828125,30.0,628.0,598.0,2991,0.1230000033974647,0.0,132.62042229377238,27.68464697193492,0.3221999339781768,0.0610460585760807,4.130588448035681,0.1243208973330805,71.42165808634417,121.6344215065834,440.231065134028,254.71570604230263,2.100127016011388,0.0398339977701303,1371.0102616198203,0.0303415657617372,55.02226640707033,0.1790956813521251,10.16609830323847,0.0484541745244119,59.909328598435685,0.0806811102538225,1.3723354424094325,0.0111467568509517,14.987040355188796,0.0016077009757924,4.247939801702369,12.119380731454482,88.50705171723463,7.262416516194325,44.10418967792558,20.587669423423726,569.3295823240392,181.59195946686532,3.4517291351898742,5.94835137018964,28.21298760644013,1.764566705420847,0.042400467618976,0.0061688241524409,0.1602961490163034,2.9198690939852385,2.0,0.0,2791.409269475092,5.885437367257303,3279.0126799669843,76.41060307277681,140.69029986407995,167.74435917999827,3.0,0.0,9.999700566989768,0.0083495739293614,9,3,2024-08-21,3C,3,Chuck,89,44.198883146067416,42.3948,3.712297795385771,40.4619,52.3408,40.78858,51.7103,0.680685106505618,0.0565999481775956,0,11.878900000000002,10.921719999999992,8.39907601990181,0.0,9,3
Day_2024_08_21_Wafer_04,2024-08-21_04,2024-08-21,9,4,3246,3246,False,2242.7685546875,30.0,628.0,598.0,2991,0.1230000033974647,0.0,132.5993012530634,27.683221643422897,0.3140555003695924,0.0756810305307503,4.130257454575284,0.1312164262928992,71.3716747953931,121.5489839472513,440.5266450277263,254.4087541247148,2.109408206702156,0.0400453813848065,1371.0158770990706,0.0365409360536467,55.013373234327005,0.1750056089215231,10.185890911016845,0.0389796236111019,59.90872691316136,0.0804163705217436,1.3358985223486366,0.0173817133418453,14.987060768793196,0.0016058775847361,4.768876784862543,10.529920250495191,88.29618732604801,7.199641160920655,44.08955792063895,20.589436584590487,570.0316534829913,181.6136755616641,3.393110331276196,5.616716411201448,28.27062892626855,1.7371085625785645,0.0423800397031594,0.0061896237545975,0.1772848886217572,3.0637271992373423,2.0,0.0,2791.2524702199044,6.288642170110423,3277.8069414950583,75.90701073585744,140.5577980068287,168.1516235252294,3.0,0.0,9.999515383269866,0.0076973203832705,9,4,2024-08-21,3C,3,Chuck,89,43.97901235955056,42.197,3.6637674184626974,40.2646,52.0674,40.5806,51.4063,0.6769606859213484,0.056102379601949,0,11.802799999999998,10.825700000000005,8.330717817193243,0.0,9,4
Day_2024_08_21_Wafer_05,2024-08-21_05,2024-08-21,9,5,3246,3246,False,2244.5142578125,30.0,628.0,598.0,2991,0.1230000033974647,0.0,132.54654941220858,27.71788697273427,0.2997993987790969,0.0708879527302817,4.114677383603957,0.130745941545024,71.49179523211099,121.61340670210669,439.8642880453469,254.9291299448976,2.113574041486464,0.038737627650036,1371.0168464377507,0.0374223198131957,55.017920303727344,0.1927640829915728,10.185890901132556,0.0362232334428251,59.91059917066058,0.0774337301028361,1.3875597993174114,0.0172281181702528,14.987042606255557,0.0015890897607129,4.368258846120984,9.180091308338962,88.15533083762982,7.226122659494498,44.08810393238737,20.586380512456877,572.2638130761915,181.9537813134479,3.5208932003177598,5.602872477988319,28.32049621255531,1.7127615210285336,0.0423957869505172,0.0062296551524,0.0872394710988434,2.133379087784152,2.0,0.0,2791.365438437709,5.597300294207384,3279.69060069205,76.40023198970012,144.1521458129985,168.50847337620576,3.0,0.0,9.999935610244124,0.0076571175229502,9,5,2024-08-21,3C,3,Chuck,89,43.78194831460674,42.0554,3.620592342378271,40.0754,51.7766,40.38552,51.12648,0.6825289215393259,0.0555497476228476,0,11.7012,10.74096,8.269600786976287,0.0,9,5
Day_2024_08_21_Wafer_06,2024-08-21_06,2024-08-21,9,6,3298,3298,False,2244.7828125,43.40000009536743,638.4000000953674,595.0,2976,0.1230000033974647,0.0,132.56354466497257,27.914041609775897,0.3057661303675794,0.0562004064279465,4.212368957297777,0.1118154143503327,71.59881692293216,121.66086855821798,439.65287789742473,254.94403847267705,2.11930778510468,0.0377099300701532,1371.0118922571985,0.0323652529766441,55.02194230787216,0.2061526877559256,10.189381590453529,0.0308069673067016,59.91572648607274,0.0793622893618854,1.391262143690099,0.0164733960764878,14.987147482813045,0.0015517495419847,4.383282449937636,8.78659801289799,88.25309136835358,7.438982092623232,44.14739276132276,20.62154684167985,572.8654333391497,179.55706126839763,3.4365318388107324,5.583572361436314,28.34872346411469,1.7277048233625607,0.0424008060613476,0.0062037916643063,0.2153523839930052,3.387765558013001,2.0,0.0,2791.2008066485005,8.139544546745476,3276.3233023202547,76.62674410669776,142.055931323959,168.6284340326519,3.0,0.0,9.999621538705725,0.0078210545886367,9,6,2024-08-21,3C,3,Chuck,89,43.35196179775281,41.6627,3.5666158539050863,39.689,51.2778,39.98966,50.607,0.684452794,0.0572183383934641,0,11.5888,10.61734,8.227115235393951,0.0,9,6
Day_2024_08_21_Wafer_07,2024-08-21_07,2024-08-21,9,7,3246,3246,False,2243.70859375,30.0,628.0,598.0,2991,0.1230000033974647,0.0,132.492573165766,27.72905565064988,0.3008024081088346,0.0656980987408694,4.21296556599361,0.1097670730254723,71.38152109280936,121.5192307017456,440.2303662034669,254.61001136877323,2.1116415717776347,0.0363406925394665,1371.0155428443534,0.0362260260140499,55.02136413104874,0.2151442689425909,10.192845052478704,0.0257736501098607,59.90772397045466,0.0748375145817115,1.3605243398847489,0.0174484797036203,14.987021383096128,0.001621165542508,4.022178339344409,7.945171780989364,87.91789045050088,7.298376205164348,44.05844252869183,20.59257059174725,571.5335721571045,181.43981141304985,3.4701718637730337,5.465750657083266,28.36223239509687,1.699971415030433,0.042366031057876,0.0062219661316761,0.0521396125530726,1.6468288656220256,2.0,0.0,2791.3743059419144,5.333154965795491,3278.6408206553256,76.36443371313229,144.66808316094625,168.6188251796555,3.0,0.0,10.000083771887052,0.0080482788819438,9,7,2024-08-21,3C,3,Chuck,89,43.514860674157305,41.8556,3.5700004259156257,39.8362,51.3211,40.13926,50.73668,0.6842220685955056,0.0571233448733364,0,11.484900000000003,10.59742,8.204094809467666,0.0,9,7
Day_2024_08_21_Wafer_08,2024-08-21_08,2024-08-21,9,8,3245,3245,False,2244.9171875,30.009999990463257,628.0099999904633,598.0,2991,0.1230000033974647,0.0,132.51971424387196,27.812005140488782,0.3206987647948128,0.048466416630123,4.258228024843344,0.0956587121908005,71.52812426373804,121.63829851022636,439.9951407274886,254.9031893694965,2.104543595200835,0.0345480526897935,1371.0146403566168,0.0353459784024458,55.02193240870683,0.2224608254904486,10.199999809265137,0.0,59.911000476557845,0.0718669046722044,1.3492756502479264,0.0159896733346091,14.987064844308112,0.0016467803145026,4.074093473033337,7.734190465590887,88.10434727428031,7.439057059792875,44.06690626421807,20.602650189547692,571.5388760479028,182.39131504009825,3.3956050747293705,5.505195048673488,28.351116776027958,1.715257714986235,0.0423947505476043,0.0062727340974504,0.1565208753906576,2.850333621410379,2.0,0.0,2791.4020285139272,5.321388995518023,3274.820239200675,75.63077197287322,141.76594737252836,168.71752221648796,3.0,0.0,9.999801585364208,0.007852117624019,9,8,2024-08-21,3C,3,Chuck,89,43.43098426966292,41.8025,3.559863164675467,39.7517,51.2209,40.0519,50.65898,0.6836194708314607,0.0569856386627253,0,11.4692,10.607080000000003,8.196597946231845,0.0,9,8
Day_2024_08_21_Wafer_10,2024-08-21_10,2024-08-21,9,10,3245,3245,False,2243.84296875,30.0,628.0099999904633,598.0099999904633,2991,0.1230000033974647,0.0,132.6385843741858,27.86229154740994,0.3144065543893377,0.0536981474270664,4.075493167930126,0.0999345040166503,71.50248726706208,121.61090075554502,439.9589083451405,254.81017866694,2.1118421698844143,0.0340214515152092,1371.0169132886942,0.0374814169006441,55.024974886767644,0.2298546791718964,10.201504328545022,0.0121732872985716,59.91421001565691,0.0721872004554475,1.3834755637900005,0.0180532661651559,14.987088315345815,0.0016236741364488,3.972028394002095,7.23668585376731,87.76192977045021,7.527551833331702,44.06309528918379,20.597918371275767,570.8452528606326,182.5235255201627,3.342863464709938,5.487349330706832,28.350320908505957,1.7239124982562082,0.0423851551420162,0.0062608179995708,0.1791215078442521,3.0948534242286976,2.0,0.0,2791.32958021199,5.389473432841014,3275.47259747994,75.22709978875602,144.38231531523894,169.4442899800989,3.0,0.0,9.999733568393678,0.0077369529252645,9,10,2024-08-21,3C,3,Chuck,89,43.34042359550562,41.7087,3.5370327612826937,39.687,51.2241,39.9817,50.5718,0.6792952972471911,0.056340956358129,0,11.537100000000002,10.590099999999993,8.161047972889406,0.0,9,10
Day_2024_08_22_Wafer_01,2024-08-22_01,2024-08-22,10,1,3194,3194,False,2245.1857421875,15.599999904632568,617.5999999046326,602.0,3011,0.1230000033974647,0.0,133.379062603178,28.25660621832388,0.5484191314553906,6.162183416733577,4.225310534426874,0.1201280558502102,72.29125203039932,122.1855701066998,438.5467371287357,255.7824918476732,2.107439365944408,0.035288667519896,1371.0094629830596,0.029266349750296,54.72650324740073,0.1864430413674788,10.179840509141652,0.040118837167043,59.38000731910039,0.1034069612314645,1.5505940821906412,0.0297262619790291,14.98709683875949,0.0018342330255491,4.764049803050639,12.564224042132311,88.04184857954102,5.295731361581535,44.06046700770575,20.687434611376347,564.0410828832692,183.62968296446053,3.6568847051498414,10.262520649530506,28.08163641362996,2.1729995116511485,0.0423572564708537,0.0061699709165086,0.1824927809863183,3.167272999898865,1.9983394221188973,0.0407163402358735,2791.208859101913,13.28074398084166,3276.8706289827924,78.3823492223209,144.21451371787435,167.94591300772234,3.0,0.0,9.998042307118569,0.0068953422638593,10,1,2024-08-22,3C - SiO2,3,SiO2 wafer,89,44.3370988764045,42.4874,3.755675513513877,40.5799,52.5928,40.89726,51.93376,0.683461737505618,0.0584867129592354,0,12.012899999999997,11.036499999999997,8.470729047886776,0.0,10,1
Day_2024_08_22_Wafer_02,2024-08-22_02,2024-08-22,10,2,3298,3298,False,2243.84296875,43.40999984741211,638.4099998474121,595.0,2976,0.1230000033974647,0.0,133.108078678449,28.004186056855254,0.2776545706763363,0.0635990179314334,4.064519514319717,0.123122054055127,71.7603897980104,121.81391147319589,439.7511141408355,255.0488747333332,2.0941195897758007,0.0417055004229026,1371.0136055484895,0.03427990274982,54.72748708724976,0.2018492499186546,10.175201612134131,0.0554484970290024,59.40625072807394,0.0818627873474122,1.4438790905699934,0.0162232530740316,14.987212714969472,0.0014926607981986,4.748930302037988,15.579779581170444,88.91417806101362,7.547024564849475,44.17724987640176,20.6101149101868,567.6547525159774,182.81345856012985,3.2714488588809285,5.643184556960035,28.103241184706327,1.8427476209427789,0.0424129700460921,0.0061561220969172,0.1058815897151988,2.356664426011934,2.0,0.0,2791.4999122209447,8.102033522247629,3279.0620680778256,76.46621275382333,142.31201587953876,168.05708746849683,3.0,0.0,9.999235096798149,0.0083622795284164,10,2,2024-08-22,3C - SiO2,3,SiO2 wafer,89,44.01008764044944,42.2143,3.690701288489557,40.302,52.1391,40.61744,51.4911,0.6819208378314606,0.0575228421635721,0,11.8371,10.87366,8.386034853285441,0.0,10,2
Day_2024_08_22_Wafer_03,2024-08-22_03,2024-08-22,10,3,3245,3245,False,2248.13984375,30.0,628.0,598.0,2991,0.1230000033974647,0.0,132.99539906633456,27.880088551327017,0.2519190910716632,0.0697715254037276,4.131293894972781,0.12335400280678,71.32463719614101,121.4897877568412,440.3179890962796,254.5198766128192,2.1101905508050947,0.0369526398441184,1371.0145735056733,0.0352789980192153,54.714778140012896,0.1906604590541428,10.157706503962164,0.0494022535561224,59.41166908547297,0.0784391393770492,1.4108730431824217,0.0149142541586462,14.98713098166978,0.0015407639655066,4.777866018531873,14.681825481616778,88.76731103114642,7.293661848199807,44.123428298812456,20.570569976853527,567.606579779622,182.8909253729127,3.2535577899512043,5.425518879655424,28.161235753846626,1.7924932248814378,0.0423911396496244,0.0061947405409636,0.1057587269356082,2.3599098444675977,2.0,0.0,2791.529305690509,5.252171265190548,3277.4383420443623,76.47442986847445,141.21657320250242,168.1324020203736,3.0,0.0,9.999280359146388,0.0080164367435885,10,3,2024-08-22,3C - SiO2,3,SiO2 wafer,89,44.15319438202248,42.3735,3.677514057729746,40.4314,52.1227,40.74854,51.60662,0.6797038363033708,0.0559884414107066,0,11.691300000000004,10.85808,8.328987538050228,0.0,10,3
Day_2024_08_22_Wafer_04,2024-08-22_04,2024-08-22,10,4,3246,3246,False,2243.70859375,30.0,628.0,598.0,2991,0.1230000033974647,0.0,132.9525444741155,27.887626166466056,0.2369241062632694,0.0777992644981895,4.142738220963499,0.1201921793641222,71.329398256725,121.53876055725256,440.2460600093471,254.60848336217376,2.1114443222123698,0.0410981558204179,1371.0143395273712,0.0350425542130055,54.71835534654705,0.1987611505163361,10.180407811709768,0.0396905804530045,59.41307317975451,0.0845441523136862,1.3876908112831716,0.01500555761174,14.987162601186537,0.0016159722977385,4.346627536086245,13.857240461436234,88.55998815178114,7.269836995718945,44.13547343946309,20.588621367647036,567.8404045857461,184.5379881805408,3.3089318878996017,5.590422575806976,28.238984951324102,1.762156495179988,0.0424094612924092,0.0062349042324952,0.1072892431669193,2.393883826465059,2.0,0.0,2791.479134506384,5.210442550597713,3278.067130917492,77.06672217382894,141.79561897872165,168.445728030217,3.0,0.0,9.999693838978484,0.0078663533285114,10,4,2024-08-22,3C - SiO2,3,SiO2 wafer,89,43.86219509404494,42.2157,3.536155217020328,40.22615165,51.5528,40.57218,51.07766,0.6164995228876404,0.0906861538852438,5,11.32664835,10.50548,8.061965912646315,5.617977528089887,10,4
