group_name,experiment_key,date,lot_number,wafer_number,raw_timepoints,continuous_timepoints,terminal_gap,main_active_threshold,main_active_start,main_active_end,main_active_duration,main_active_samples,main_mean__Stat3_Etch_MV_EpdIntensity,main_std__Stat3_Etch_MV_EpdIntensity,main_mean__Stat3_Etch_MV_ForeLinePressure,main_std__Stat3_Etch_MV_ForeLinePressure,main_mean__Stat3_Etch_MV_Gas1Flow,main_std__Stat3_Etch_MV_Gas1Flow,main_mean__Stat3_Etch_MV_Gas2Flow,main_std__Stat3_Etch_MV_Gas2Flow,main_mean__Stat3_Etch_MV_Gas4Flow,main_std__Stat3_Etch_MV_Gas4Flow,main_mean__Stat3_Etch_MV_Gas5Flow,main_std__Stat3_Etch_MV_Gas5Flow,main_mean__Stat3_Etch_MV_Gas7Flow,main_std__Stat3_Etch_MV_Gas7Flow,main_mean__Stat3_Etch_MV_Heater1Temp,main_std__Stat3_Etch_MV_Heater1Temp,main_mean__Stat3_Etch_MV_Heater2Temp,main_std__Stat3_Etch_MV_Heater2Temp,main_mean__Stat3_Etch_MV_Heater3Temp,main_std__Stat3_Etch_MV_Heater3Temp,main_mean__Stat3_Etch_MV_Heater4Temp,main_std__Stat3_Etch_MV_Heater4Temp,main_mean__Stat3_Etch_MV_HeliumBPFlow,main_std__Stat3_Etch_MV_HeliumBPFlow,main_mean__Stat3_Etch_MV_HeliumBPPressure,main_std__Stat3_Etch_MV_HeliumBPPressure,main_mean__Stat3_Etch_MV_PlatenDcBias,main_std__Stat3_Etch_MV_PlatenDcBias,main_mean__Stat3_Etch_MV_PlatenRFLoadCapacitor,main_std__Stat3_Etch_MV_PlatenRFLoadCapacitor,main_mean__Stat3_Etch_MV_PlatenRFLoadPower,main_std__Stat3_Etch_MV_PlatenRFLoadPower,main_mean__Stat3_Etch_MV_PlatenRFPeakToPeak,main_std__Stat3_Etch_MV_PlatenRFPeakToPeak,main_mean__Stat3_Etch_MV_PlatenRFReflectedPower,main_std__Stat3_Etch_MV_PlatenRFReflectedPower,main_mean__Stat3_Etch_MV_PlatenRFTuningCapacitor,main_std__Stat3_Etch_MV_PlatenRFTuningCapacitor,main_mean__Stat3_Etch_MV_Pressure,main_std__Stat3_Etch_MV_Pressure,main_mean__Stat3_Etch_MV_SourceRF2PeakToPeak,main_std__Stat3_Etch_MV_SourceRF2PeakToPeak,main_mean__Stat3_Etch_MV_SourceRF2TuningCapacitor,main_std__Stat3_Etch_MV_SourceRF2TuningCapacitor,main_mean__Stat3_Etch_MV_SourceRFLoadPower,main_std__Stat3_Etch_MV_SourceRFLoadPower,main_mean__Stat3_Etch_MV_SourceRFPeakToPeak,main_std__Stat3_Etch_MV_SourceRFPeakToPeak,main_mean__Stat3_Etch_MV_SourceRFReflectedPower,main_std__Stat3_Etch_MV_SourceRFReflectedPower,main_mean__Stat3_Etch_MV_SourceRFTuningCapacitor,main_std__Stat3_Etch_MV_SourceRFTuningCapacitor,main_mean__Stat3_Etch_MV_moriInnerCurrent,main_std__Stat3_Etch_MV_moriInnerCurrent
Day_2024_07_02_Wafer_01,2024-07-02_01,2024-07-02,1,1,3245,3244,True,2245.1857421875,29.799999952316284,627.5999999046326,597.7999999523163,2990,0.12300000339746475,0.0,133.4037536499891,28.17998856772991,0.22396655556150902,0.08105936745182521,4.1647859536684475,0.11323047106822545,71.4211568840197,121.55537113810311,440.6698412488536,254.22010161673253,2.0023946438744713,0.03638262083828628,1371.013408096977,0.03406912512863522,54.43598669938818,0.1205443442902723,10.162575279350664,0.049485956141187316,60.00642115104956,0.08565391452840466,1.7187734702757769,0.07854354358593119,14.986849260489677,0.0016836146074234576,2.288010418933371,11.351338907285351,88.5444742271334,7.379436285428529,44.180594835951176,20.598961372133466,563.8176075300644,183.27066499731248,3.3795013448728066,6.2089800415657574,27.959007810509725,1.875932718786543,0.04238973206912096,0.006190728975178627,0.2002585790627776,3.3008836159013457,2.0,0.0,2791.768392852477,5.351987639535612,3276.3486748634773,72.57894646807064,143.30789979851764,165.33584806330558,3.0,0.0,9.998393408670074,0.007378850232131738
Day_2024_07_02_Wafer_02,2024-07-02_02,2024-07-02,1,2,3298,3297,True,2244.7828125,43.39999985694885,638.3999998569489,595.0,2976,0.12300000339746475,0.0,132.95497325094797,27.977804513524212,0.23238911334067203,0.08513215877548455,3.9642305354117067,0.13502021157964625,71.79514420508302,121.76101586477468,439.6682042490731,254.94573087651435,2.040131011837593,0.037735116377895665,1371.0139414879584,0.034632980538557984,54.44788270227371,0.15705413941466137,10.15819897318399,0.04932291346221851,60.00873631303028,0.07059792330262832,1.7036047310678548,0.06144871519174123,14.987271370746756,0.0015415623754658453,3.8966681037538793,14.788007470156371,89.36407374342282,7.560866251357232,44.19310900408735,20.603790888182154,568.3066696351574,182.74992630494117,3.2039666435085437,5.780611346711518,28.04364501532688,1.859518013809966,0.04240299024123458,0.006177381641183232,0.086038403613593,2.0980279065623284,2.0,0.0,2791.5008119972804,8.061979705709561,3271.772803768035,72.09582164256584,139.75378328946329,164.77565389322191,3.0,0.0,9.999289901025834,0.007286735935743475
Day_2024_07_02_Wafer_03,2024-07-02_03,2024-07-02,1,3,3247,3246,True,2243.84296875,30.0,628.0,598.0,2991,0.12300000339746475,0.0,132.9272400222467,27.882927008134367,0.20601136784966934,0.09436003793924447,3.9719358393676463,0.11923541413876743,71.36173499907846,121.53581691343179,440.54787560204363,254.26124783010724,2.0447408511303053,0.041738257408222915,1371.013503890578,0.03417168875293797,54.43229673124802,0.1699212779428596,10.155867664601164,0.04965423467479602,60.01270448511877,0.07431138027464598,1.7094197743555168,0.06900692354137818,14.987339541729538,0.0015435987653171252,3.1830570704958503,14.089837756802186,89.07887330193935,7.335179323819258,44.136254032891316,20.583903832667076,567.5936085947458,181.89792148132062,3.133075487339419,5.402700322006545,28.128716310343588,1.7988387866858282,0.04239822770940624,0.0062078332608309205,0.08928015813186631,2.181863787146304,2.0,0.0,2791.568589965861,5.566117027628675,3276.688388652285,73.02686811530046,143.00871682493872,165.05038380331348,3.0,0.0,9.999791487129745,0.008051403989367174
Day_2024_07_02_Wafer_04,2024-07-02_04,2024-07-02,1,4,3247,3246,True,2245.319921875,30.0,628.0,598.0,2991,0.12300000339746475,0.0,132.65593026625754,27.851234238843627,0.2517586097268208,0.09106184776311503,3.989662346175107,0.12670074670621947,71.42783663812457,121.5506032690063,440.427063299716,254.48387250139578,2.052524192402571,0.03786351944886787,1371.0128688066152,0.03348074518239492,54.44463382824254,0.1796303250982868,10.199999809265137,0.0,60.01136709383522,0.08365839954468081,1.6545640052022523,0.023466583769335733,14.987219953010888,0.00157499003101938,3.920327531259142,12.959469382651633,88.85464947951434,7.305314081138468,44.142054672904415,20.605702623611286,570.4479229364935,179.57894886022535,3.210228852633747,5.468010902791549,28.199088439380233,1.766188053251965,0.04237820087383719,0.00622676533081007,0.05336402579319991,1.6852508083732811,2.0,0.0,2791.315886461468,5.341448855522606,3272.3520750239,72.97672060641978,140.53114641840662,165.06857444030322,3.0,0.0,9.999157135241887,0.007036227722476842
Day_2024_07_02_Wafer_05,2024-07-02_05,2024-07-02,1,5,3298,3297,True,2243.70859375,43.40000009536743,638.2000000476837,594.7999999523163,2975,0.12300000339746475,0.0,132.60800120826528,27.976698538592924,0.28564033702516756,0.08686617798970721,4.063257161549159,0.10546945970578689,71.7954080655,121.77183449470296,439.48836501562295,255.11461343868143,2.056416758929982,0.03691552159785409,1371.0153575942095,0.036048977513731595,54.42877329850397,0.22079867524602909,10.197142687885702,0.019624237398144617,60.01556265951205,0.07758789540127882,1.643617159058066,0.07639704461080654,14.987269602543165,0.0015361291606298616,3.0294878086122146,12.495312059487857,88.74784603961376,7.48559327484831,44.20676359994071,20.605669838009558,569.4657003399504,182.66550946110172,3.404511563514962,6.041764176148966,28.26454676075142,1.7631787411270674,0.04240278946126209,0.00622461242211563,0.08719573974609375,2.126061462337276,2.0,0.0,2791.5145072872897,7.989670596258705,3272.3972904083507,73.68470136853286,142.49281007269852,165.72329738743636,3.0,0.0,9.999791136990074,0.0077607863916735725
Day_2024_07_02_Wafer_06,2024-07-02_06,2024-07-02,1,6,3246,3245,True,2245.1857421875,30.0,628.0,598.0,2991,0.12300000339746475,0.0,132.84530616627615,27.944746003693417,0.25695754008928756,0.08290672617947199,3.8808926917445654,0.12227987144083784,71.31304886518653,121.50506105283384,440.6143482319689,254.31395652149402,2.0640621361466245,0.037717123642323325,1371.0139718471821,0.03466455098490173,54.42754902866763,0.2399366784047281,10.166466070791824,0.04826120836496585,60.01019700208821,0.07431544711329705,1.6681819325583869,0.035833248061401236,14.987219136122356,0.0015776968707144191,3.711258900360852,11.502428898321137,88.80336089087983,7.288538582291001,44.120780511828656,20.579745787161773,572.3280027307263,181.89723475501674,3.311947014172842,5.446984791149034,28.279571204152006,1.7215778628305896,0.042394349169682315,0.006251009488537453,0.17850930058649256,3.085090929937348,2.0,0.0,2791.3277838887757,5.630571919742833,3272.7160835533946,73.3605267514583,144.57788462305658,165.846836549217,3.0,0.0,9.999217738359121,0.006981786758592937
Day_2024_07_02_Wafer_07,2024-07-02_07,2024-07-02,1,7,3247,3246,True,2243.70859375,30.0,628.0,598.0,2991,0.12300000339746475,0.0,132.64225769298048,27.822984745767666,0.25843864962563234,0.11096218888432437,4.033019088415428,0.10826869684833464,71.47147403678548,121.57336173005193,440.4184302814985,254.5326796752809,2.047843489627781,0.03975596444554609,1371.0121668717088,0.03268573635304964,54.418020204412066,0.23495812082129722,10.197993802689501,0.014020536627955783,60.013807825402885,0.06526290530140025,1.6653457836178545,0.021831261453399083,14.987197498779398,0.001627069760000852,3.3317416987264488,10.326596988000267,88.74500127828708,7.386439664475362,44.12125497612018,20.606083348415023,571.3047296746604,181.48797982074888,3.369525065209028,5.493507463742054,28.29918736018133,1.7075619583287904,0.042388598584398425,0.006263987156675829,0.12499222393539669,2.581709900353622,2.0,0.0,2791.3695921749622,5.568758425323862,3270.7841142241828,72.37783316446632,142.2391830981276,165.39775739042804,3.0,0.0,9.999739630650375,0.007270513200176301
Day_2024_07_02_Wafer_08,2024-07-02_08,2024-07-02,1,8,3298,3297,True,2243.84296875,43.39999985694885,638.2000000476837,594.8000001907349,2975,0.12300000339746475,0.0,132.46766737929914,28.00338292063987,0.24438991660706136,0.08134885584836624,4.0866924580005035,0.09696579545959899,71.87028526695399,121.78248698023485,439.42507427167493,255.1808677903375,2.0168235124459786,0.03094303492619701,1371.0155256204043,0.03620964109228901,54.422722466733276,0.24637499559992107,10.173109211641199,0.045461860493587865,60.01136103910559,0.07350907347113066,1.6550453400010823,0.03055281938443646,14.987321919673631,0.0015492346084518198,3.701018113849544,10.11094366536472,88.68280306636787,7.478640259608303,44.18477486233751,20.600312477758884,571.8414277610458,180.3601583513037,3.3440233655787317,5.57508254174853,28.31664777739709,1.7284909449534767,0.042407058271415096,0.006276445938956574,0.1255618670808167,2.5870287014257265,2.0,0.0,2791.359855567227,6.90629836375031,3269.1100623686975,72.44653999412125,142.4364201919171,166.37253261536,3.0,0.0,9.999032868778004,0.006778948968979795
Day_2024_07_02_Wafer_09,2024-07-02_09,2024-07-02,1,9,3246,3245,True,2244.5142578125,29.799999952316284,627.7999999523163,598.0,2991,0.12300000339746475,0.0,132.88030397178576,27.949019000633797,0.20394516902480964,0.08266832059880441,4.067820151328084,0.10252801406320214,71.40557627205213,121.47885326967122,440.4692996680159,254.32181131908283,2.077435587210545,0.04071424382119344,1371.0129356575585,0.03355471214949562,54.424907769777434,0.25314780706457085,10.119726112796805,0.042238131451422564,60.01771944097674,0.08024652848736903,1.624618520508718,0.024327184561550565,14.987292196949124,0.001581519131630743,3.138447605300133,9.41722335225789,88.61463889100008,7.328179073087581,44.139146691299686,20.593552978091164,571.6339896510414,180.6462781328749,3.2868006225340305,5.140420147841286,28.31488431970717,1.6917512065389413,0.042401102812109445,0.006285921005800108,0.06917937038655028,1.8910098401792033,2.0,0.0,2791.2939427821225,5.0416963851808365,3272.0192909457537,72.16961888980822,144.53916249710434,165.84348209492234,3.0,0.0,9.999853422712699,0.00791364128780681
Day_2024_07_02_Wafer_10,2024-07-02_10,2024-07-02,1,10,3247,3246,True,2244.6486328125,30.0,628.0,598.0,2991,0.12300000339746475,0.0,132.6247076980249,27.847863669086973,0.2666733542501438,0.09413385994426862,4.042571069643435,0.1126610680151151,71.3203874135758,121.51814356885681,440.46612035897374,254.3928580201195,2.0698996487368473,0.0388998154497342,1371.0155428443534,0.03622602601404995,54.40839170445092,0.2413185608344099,10.130591981748163,0.04607924169942341,60.00434615053249,0.07539756266246662,1.6483725525790016,0.019819690542532308,14.987240356412153,0.0016307275528234227,3.2360435646539227,8.892948960371779,88.50542219742928,7.272006704017093,44.10290406564134,20.58299829006405,569.5614554744147,183.0241079409873,3.3284306833872384,5.243868126400306,28.315710801099385,1.6924906126803283,0.04240872569641255,0.006295756692778119,0.08948422721778618,2.187417980835635,2.0,0.0,2791.3055586028922,5.171522918569925,3270.749266680249,71.72123373754947,143.9857786147342,166.30338459150678,3.0,0.0,9.999732902001394,0.007785220304687677
Day_2024_07_05_Wafer_01,2024-07-05_01,2024-07-05,2,1,3245,3244,True,2245.319921875,29.800000190734863,627.6000001430511,597.7999999523163,2990,0.12300000339746475,0.0,133.39946660644634,28.26809593361897,0.206110367834269,0.12931186976781436,4.085344502200251,0.11187305135441522,71.40704006395337,121.57749742029156,440.7270619944984,254.37039161332163,1.8772575262796918,0.04499687796200262,1371.0146786897078,0.035384271545417775,54.08247451016735,0.23350005324709716,10.126020299471342,0.04387414704167168,60.04819333768609,0.07655836428625193,1.5574026162807757,0.08326804001658665,14.986953782875801,0.0017932462772629059,2.6850980806510187,10.552390401477506,87.8837434478428,7.342082124420694,44.121144897563006,20.623984722782527,561.5802917429436,180.53956172563528,3.385395799627073,6.220364993568472,27.948446798165108,1.877118150488467,0.042398059842827726,0.0062170360405261185,0.10931546265464961,2.4419997872801207,2.0,0.0,2791.861070919994,5.528260843061778,3281.8412939779732,73.60088498177095,143.61754513679938,166.18353778339528,3.0,0.0,9.99714045955186,0.006597180741553672
Day_2024_07_05_Wafer_02,2024-07-05_02,2024-07-05,2,2,3247,3246,True,2245.1857421875,30.0,628.0,598.0,2991,0.12300000339746475,0.0,133.02009131285865,28.053537102685887,0.21187897065211622,0.1085287164280698,4.069037132620293,0.12118055014147926,71.63810427514547,121.72921807111662,440.11002533366474,254.81033731384574,2.010605131810583,0.04669840397911346,1371.0113312349156,0.03169305863081998,54.048545468814076,0.2275646371615295,10.130391371844008,0.048056060856026046,60.0201600794408,0.07506605687498778,1.5032762741014256,0.018031246220290682,14.987135870247053,0.0015783139251806524,3.5984597953814244,15.053897746337968,89.1652578336664,7.350337965462922,44.083925593461295,20.587771550289723,564.8697856978324,182.38598164168678,3.1912198326746903,5.650487598945982,28.02621452436125,1.828761962100293,0.042379337720714935,0.00619944593825808,0.0890760915967303,2.1777401354472463,2.0,0.0,2791.6336343013413,5.389878891438851,3282.6882191986115,73.55351073416037,141.5116975517107,165.67196926913425,3.0,0.0,9.998864183773447,0.007765837703503739
Day_2024_07_05_Wafer_03,2024-07-05_03,2024-07-05,2,3,3247,3246,True,2244.9171875,30.0,628.0,598.0,2991,0.12300000339746475,0.0,132.8588769167253,27.922407759275963,0.2324506859586206,0.09803372255230716,4.010294241715497,0.12486293017388791,71.35891670437137,121.52299411149508,440.43179727445596,254.4517894070681,2.044520187640979,0.04023534554105802,1371.014105549069,0.03480293117844197,54.03881638889447,0.22698525331468053,10.131126916834997,0.04630091275488257,60.00715445388085,0.0792108465652589,1.4842288871546407,0.021840138056775753,14.987222604550713,0.0015825209701025502,3.6805771403948784,14.350447300892665,88.84533062924991,7.284818567634859,44.106010994995685,20.569307570519612,566.3014539376185,182.42962774033762,3.2330641636917004,5.660038740276474,28.12091474938018,1.794241280879694,0.04237993948089363,0.00622622401658867,0.12356374160934953,2.5523382326730224,2.0,0.0,2791.5132017145183,5.348974281309845,3281.119391622132,74.28956009132474,142.28962896660155,166.89456019613775,3.0,0.0,9.99976589447756,0.007643404080240016
Day_2024_07_05_Wafer_04,2024-07-05_04,2024-07-05,2,4,3298,3297,True,2244.7828125,43.39999985694885,638.3999998569489,595.0,2976,0.12300000339746475,0.0,132.82791529099146,28.074063789592927,0.2926411298034783,0.08771065423537831,3.9721841680747207,0.11422749241697792,71.84629365597145,121.77024160083964,439.57939362381734,255.010772357479,2.048864202994493,0.03911982868530552,1371.0136391424364,0.03431552200333293,54.01549087032195,0.22765482370842624,10.188911163037822,0.03139904779770526,60.013474179852395,0.07228356417212452,1.5372497306395603,0.06844865112275283,14.98725557295225,0.0015647827859253689,3.649617892439647,13.269155796680884,88.62723226142516,7.512444872713328,44.20104627647707,20.61408946052983,569.8881023622329,183.9314157634175,3.410766462376091,5.997958836144534,28.219469949763308,1.7855979610604684,0.042395597741243136,0.006220804442643161,0.17607621223695816,3.0346299478961276,2.0,0.0,2791.40785783337,8.07079787560209,3282.431618885327,75.06947781039133,144.93026008080412,166.76334658687088,3.0,0.0,9.999744739904198,0.007838142405420334
Day_2024_07_05_Wafer_05,2024-07-05_05,2024-07-05,2,5,3247,3246,True,2245.0513671875,30.0,628.0,598.0,2991,0.12300000339746475,0.0,132.8219403541435,27.91129203892179,0.27180541673782915,0.08880734119909371,3.9603042729281137,0.12849699771169404,71.28113001414623,121.50470922982676,440.58625741365245,254.24156082974503,2.063838131409431,0.03786395628447345,1371.0121000207655,0.03260822232743273,54.00127079924466,0.21581967766283144,10.201002822118394,0.009964719422088295,60.01745203337674,0.06725425075107651,1.4352739758014839,0.02084158241902096,14.987223012038434,0.0015535584619241326,4.081062432955197,12.214300217318392,88.49830431860053,7.289889068483619,44.12148457217559,20.562615639596686,570.2315698417682,182.1137553225437,3.3330681481000393,5.446149653649424,28.24851498975279,1.7377710127958883,0.0423854225888395,0.006253405509719176,0.1951409176973466,3.213718136639225,2.0,0.0,2791.446082959164,5.612568226279627,3277.49201151632,74.10460832562582,141.33161707476046,166.01168743242548,3.0,0.0,9.999189455267658,0.007032612289535019
Day_2024_07_05_Wafer_06,2024-07-05_06,2024-07-05,2,6,3247,3246,True,2244.9171875,30.0,628.0,598.0,2991,0.12300000339746475,0.0,132.6624603647725,27.98959973363607,0.30862587834706834,0.08030669284385952,3.982828510919569,0.12671672735735878,71.57468054825904,121.61595833116294,440.0890623362556,254.73813564627187,2.061601424209253,0.04042330887672418,1371.0184508603936,0.03878403446835007,54.01748563357717,0.23929795058894182,10.197492301045592,0.015635273891927707,60.00738858395458,0.07102078810173716,1.469639998102459,0.0160518375052127,14.98719934172074,0.00156134918504639,3.5934805131923073,11.036017325735319,88.46837456893539,7.30476137917421,44.104556999091756,20.558297727497642,570.1715343173074,181.97092922790304,3.2680824024995725,5.268243923119437,28.290327686882467,1.7181901098815329,0.042385756962601655,0.006276994205369295,0.10912586238941434,2.436663299701276,2.0,0.0,2791.365608789258,5.337988827853658,3279.755848926989,74.1537147965511,145.14721646846158,166.41817548189513,3.0,0.0,9.999990804424177,0.007151554841099375
Day_2024_07_05_Wafer_07,2024-07-05_07,2024-07-05,2,7,3247,3246,True,2244.5142578125,30.0,628.0,598.0,2991,0.12300000339746475,0.0,132.7705150184644,28.000349122601598,0.33441323978158194,0.07807519124411343,3.8922835306673296,0.11227431859927155,71.23998658522025,121.42049465101405,440.3996003959857,254.45155046629543,2.066215264043932,0.03894528441121527,1371.0115986386895,0.03201643764710583,54.01989283126479,0.2565141361179695,10.171313924798994,0.047395088818953705,60.007656145877,0.0631142002187343,1.398002416423554,0.021536954773798155,14.987184437809482,0.0016132224173530155,3.347740704540583,10.623747739209886,88.46131070024471,7.298047110035378,44.11643383902317,20.56260757472197,569.0758532412831,182.95232766621055,3.2749544139932785,5.300316277422991,28.302524911643907,1.7091073974351871,0.04235780639097528,0.0062609898936794575,0.15478628879803472,2.8188869573770003,2.0,0.0,2791.2620690032336,5.082676848332756,3277.1399417980506,74.06935497998474,144.85821408150946,166.86634538225218,3.0,0.0,9.999686438197955,0.007509521792650716
Day_2024_07_05_Wafer_08,2024-07-05_08,2024-07-05,2,8,3299,3298,True,2243.70859375,43.40000009536743,638.4000000953674,595.0,2976,0.12300000339746475,0.0,132.56549298571002,28.124784243566822,0.3217405914635678,0.09736339910273557,3.89971440237376,0.097814960787602,71.72874983173284,121.82900024735478,439.87796556476945,254.79030000070372,2.0530308674500195,0.03561506468602143,1371.0166290037093,0.0372286264188511,54.011055090094125,0.24976199847388428,10.188944793837045,0.03985125206434446,60.011861267910206,0.07493492194875019,1.4021191854550634,0.016865720538300762,14.987370022842962,0.0015578249071279888,3.774788917392813,10.722153496076878,88.58150266871478,7.493076037511379,44.18111081982172,20.61621869709562,572.352717850798,182.32850011634736,3.3825860655345825,5.6443708359531515,28.317183559299796,1.7280674691937334,0.042391666345128046,0.006240650055378127,0.21627532282183248,3.4015197524437886,2.0,0.0,2791.2869907502204,7.224319273527484,3276.3040751795616,74.24683515447697,145.31344379853178,167.34660270476004,3.0,0.0,10.000206294880119,0.006984641799708079
Day_2024_07_05_Wafer_09,2024-07-05_09,2024-07-05,2,9,3246,3245,True,2244.9171875,30.0,627.7999999523163,597.7999999523163,2990,0.12300000339746475,0.0,132.72142484020628,28.059446604008695,0.2986254195293356,0.07037370561729199,4.086759211785817,0.09765696364821945,71.34519047024583,121.50595421016833,440.47856387565764,254.38151306573977,2.0536788874645295,0.04090991272216481,1371.0140433933425,0.03473873315748916,54.011839317398326,0.2498029781344711,10.200501483419668,0.007065120654965408,60.00805998199361,0.07382403027876773,1.4565804832755125,0.03519660024212157,14.98721286652479,0.0015808012112337874,3.612309606418163,10.34326501821782,88.42823340342595,7.293172186844893,44.145028975496324,20.583217522367363,569.3767119851001,184.11547995303633,3.3616954753817025,5.341512363605367,28.313105211927738,1.695392232782675,0.042400668573294796,0.006299081740804374,0.15698149563078098,2.8585827920358633,2.0,0.0,2791.34803454549,5.525947823938254,3272.8170524469588,72.69894253813032,141.5711212566465,166.67760947853247,3.0,0.0,9.999380296369061,0.007284287654790021
Day_2024_07_05_Wafer_10,2024-07-05_10,2024-07-05,2,10,3246,3246,False,2244.9171875,30.0,628.0,598.0,2991,0.12300000339746475,0.0,132.67847975549472,27.943581107184976,0.24196589844184888,0.08866942614036624,4.102962234035378,0.08910367303092873,71.4458574465523,121.49892095418208,440.29350887186666,254.52338558220697,2.0387729494040006,0.034038303795280216,1371.0141724000125,0.03487172311886386,54.01925748457123,0.26235480177883314,10.197425434159738,0.015836938791549734,60.0090269281967,0.06811193261871992,1.4333136901533432,0.018876593433612927,14.987164849383662,0.0016186693934732636,3.3435164731866496,9.921489657990167,88.44692996846757,7.333148079287677,44.115944049622215,20.58587077418096,569.3304083086663,182.87892079512807,3.2154479160884955,5.052855645598442,28.308951027454718,1.6940230704389971,0.04236693371464699,0.006244142606987538,0.05346606097385581,1.687624916974092,2.0,0.0,2791.4546115560224,5.6151269215945545,3275.336077242143,72.82551516747901,144.5801498524045,167.12918306025372,3.0,0.0,9.999988792812255,0.0068565106701628095
Day_2024_07_09_Wafer_01,2024-07-09_01,2024-07-09,3,1,3247,3246,True,2245.99140625,30.010000228881836,628.0100002288818,598.0,2991,0.12300000339746475,0.0,134.55295557068646,28.259526509068948,0.4732163125597406,0.06981673109042218,4.231043135350622,0.13768387200907142,71.60075539612501,121.6793513399098,440.16241219034964,254.71882582721113,1.9060815764844556,0.06380311289227468,1371.0117323405764,0.03217607508917979,54.93346676177622,0.16346244495355453,10.165329347442759,0.05150550152547848,60.00056815394507,0.074248250683416,1.3919505471571039,0.09157599696099226,14.986810749567939,0.001729800416671524,3.1063781698106405,10.641306133049037,87.89750095037105,7.007720561933427,44.08955790342116,20.600380692547322,564.4751186696075,182.17891911106042,3.4740899905191243,6.153524573573568,28.026859402058715,1.8798541670738693,0.04237218284608926,0.006091442722708181,0.1067790723652076,2.3828244121601494,2.0,0.0,2791.59737782684,5.857184798262876,3286.123821007293,74.51802359668527,144.55888549207805,167.06689681709707,3.0,0.0,9.998925470819604,0.007397494712211901
Day_2024_07_09_Wafer_02,2024-07-09_02,2024-07-09,3,2,3298,3297,True,2244.9171875,43.40000009536743,638.4000000953674,595.0,2976,0.12300000339746475,0.0,134.27600672680845,28.064298795279147,0.27746303848514176,0.08059495293790055,4.274690867992499,0.10744797065575395,71.90026874302308,121.9388578061344,439.68108714892657,255.06170123749118,1.875359537740869,0.040032803794516875,1371.0147813366304,0.035486404128801656,54.926511604298824,0.1823141892319492,10.179536231102482,0.04393185968928893,60.006283407570216,0.07727763170554204,1.4607200576493176,0.01575778813799282,14.987188509715502,0.0015538936118952768,4.09593058241311,13.608717462086625,89.04066069164784,7.494442580071849,44.17315815533361,20.606186881949956,568.2424788423764,181.8297502045892,3.3803402521880344,6.0706761350785,28.100093993448443,1.8454877316720089,0.042390523867065745,0.0061198596175206605,0.12300723086121262,2.5342476772938642,2.0,0.0,2791.3668014362293,8.284110784938054,3283.013580404302,74.6326907234774,142.24161617602073,166.9229535184428,3.0,0.0,9.999275006594196,0.0076509579207574814
Day_2024_07_09_Wafer_03,2024-07-09_03,2024-07-09,3,3,3247,3246,True,2243.037109375,30.0,628.0,598.0,2991,0.12300000339746475,0.0,134.13124704249364,27.897092034693785,0.2775025083177447,0.09964672443679826,4.080601823246228,0.10483896020375007,71.35354060544911,121.50297223730276,440.4466151826878,254.429979934043,1.95003009691401,0.03710476224169835,1371.0128019556716,0.03340648066474724,54.9062181662174,0.18233930152929956,10.152323719650875,0.049945692106945036,60.01029728743114,0.07199341156784915,1.3672120873244937,0.01591978437638144,14.987207702871391,0.0016321784705651068,3.9332348907404384,12.610813244409364,88.68578139916984,7.269375823862806,44.13248894263254,20.603456969466958,569.2778350870891,180.68096194255892,3.382442629990451,5.754253588059786,28.17625824403141,1.787759406855749,0.0423932126123833,0.006183421709697306,0.10810551823520692,2.412441493727962,2.0,0.0,2791.6124188809918,5.33643456074654,3282.239725769104,74.47449115969101,141.77620159698864,166.5464359668875,3.0,0.0,9.99967228804333,0.007987705431011322
Day_2024_07_09_Wafer_04,2024-07-09_04,2024-07-09,3,4,3247,3246,True,2245.99140625,30.0,628.0,598.0,2991,0.12300000339746475,0.0,134.00074474152336,27.949972697129997,0.2956703451154763,0.0888829427465705,3.991494505830291,0.12578661735676436,71.4177533486632,121.58593913430433,440.5993701448731,254.30316286015764,2.0321631251829038,0.0346906744336727,1371.0143061018994,0.0350085185108072,54.89715787631857,0.17882309742803018,10.129789584219475,0.04688810685706681,60.01812073029391,0.0689451535816932,1.426948369525819,0.02581421498921229,14.987225860626312,0.001622866206400766,4.086235579819394,11.187638402543376,88.4551029715479,7.25190046682271,44.106577310463294,20.583502866290775,570.3460600000685,181.04235563813205,3.4207208640499784,5.758019142316276,28.23628106558853,1.7614733915106031,0.042382647566415126,0.006193269131014914,0.19202887083287623,3.162187718810319,2.0,0.0,2791.48559113212,5.407013295484127,3280.4469809167085,74.95636818901033,141.79420065234154,166.53502100260647,3.0,0.0,9.998903928812194,0.007318978434189272
Day_2024_07_09_Wafer_05,2024-07-09_05,2024-07-09,3,5,3195,3194,True,2245.99140625,15.410000085830688,617.6099998950958,602.1999998092651,3012,0.12300000339746475,0.0,133.9661242116495,27.92869350048601,0.634681275505251,6.752463748982649,4.047755660526306,0.11777995058161776,72.29279878591392,122.13549107371429,438.58752509945657,255.55747425763735,2.0600530730775626,0.039257665984530024,1371.013708471777,0.034388810676572734,54.901792484450624,0.1601892423475872,10.174867160450098,0.04561583301006295,60.011951907539114,0.06771117927990622,1.4136562696886885,0.01412301915805568,14.987125799475438,0.001786809714062692,3.5255464513305017,9.666315497059813,88.67259517862186,5.013528354166649,44.06918353831784,20.695967401831318,568.6153210542433,184.72481865467455,3.604223817961654,10.593316049965676,28.330358685091987,2.093746733671785,0.042366367519262975,0.006206801041522691,0.23137123492926082,3.517103321063968,1.99800796812749,0.04458770774023784,2790.8665255968313,14.283807696736677,3279.2875023344122,77.67031569926735,143.02148066478895,166.09955748147928,3.0,0.0,9.999747703433195,0.00727790740483969
Day_2024_07_09_Wafer_06,2024-07-09_06,2024-07-09,3,6,3246,3245,True,2244.7828125,30.0,628.0,598.0,2991,0.12300000339746475,0.0,133.93421823673128,27.895639507417588,0.309465063418863,0.06530934606839452,4.124667341595149,0.09342694674542075,71.34928114737708,121.5870111511687,440.4446358400936,254.6306748939922,2.072046086844773,0.03818025461153877,1371.0109969801983,0.031280920149425365,54.90023371480612,0.1810564067893876,10.186024634904266,0.03609023594661611,60.01410867505471,0.07035345873463603,1.467300144217557,0.01841250712908315,14.987415449231095,0.0016178507472125586,3.719615526559639,8.893871875116712,88.26553519774104,7.213918531428968,44.088762085639445,20.58789569714115,570.7496796521564,181.59908419572872,3.3005599626397575,5.3392252265460565,28.314019093821177,1.7197828779973166,0.04240377762285474,0.006233178646914932,0.14218503135137836,2.7474707919312196,2.0,0.0,2791.3745872219524,5.256621534035873,3278.551843845338,74.57211148623364,143.35109357473564,167.21956086792213,3.0,0.0,9.999456805793868,0.0071373988523308115
Day_2024_07_09_Wafer_07,2024-07-09_07,2024-07-09,3,7,3246,3245,True,2244.6486328125,30.0,627.7999999523163,597.7999999523163,2990,0.12300000339746475,0.0,133.95135184769646,27.978086411182325,0.25868227495547125,0.08787572644504972,3.9584548837763807,0.10260727160282733,71.2224848539335,121.47836324771289,440.82710219314663,254.34002549784253,2.0674180042783554,0.034456430592288666,1371.014812436311,0.03551723145033458,54.90193944057095,0.18399873358447336,10.175652122497558,0.04291788547875574,60.01802640806473,0.06733840786167432,1.42234177736933,0.016550597307727438,14.98725717219222,0.001566421632780488,3.361149411855334,8.453219628088407,88.27997878482908,7.210371822869893,44.096510646016306,20.60242712585866,570.6630289033105,181.26701694551545,3.316132054718392,5.098769609847007,28.32766018296564,1.704834865581224,0.04238371200622822,0.006233180820441019,0.12416644399381402,2.565691934991487,2.0,0.0,2791.278815370898,5.633647777409042,3280.364921809678,74.56806920774909,146.28518998583024,167.50079002284133,3.0,0.0,9.999991942887322,0.0076689630431991465
Day_2024_07_09_Wafer_08,2024-07-09_08,2024-07-09,3,8,3247,3246,True,2242.634375,30.0,628.0,598.0,2991,0.12300000339746475,0.0,133.87860966207032,27.970742082257736,0.2634704120398634,0.08967226904143287,3.9161417884437664,0.10390775540304223,71.34816783113608,121.52215783831345,440.42653139854747,254.41375237744796,2.0372818110978392,0.0369878723953596,1371.0180163292612,0.038426617783572606,54.9024068321603,0.1977153582180435,10.173854866461465,0.046168427147191264,60.01474388655672,0.07530059890978419,1.4070434846913125,0.01831661971984001,14.98725362431441,0.0016013889867018754,3.6828014873732933,8.103830117553459,88.2167911636355,7.2837672090120495,44.078354534836606,20.588412118431386,572.4397156312688,181.46421661782526,3.3981151179024724,5.180371159722026,28.336778899013936,1.7020892729337904,0.04236837139895571,0.0062214347290474046,0.21100728051872086,3.326870700244743,2.0,0.0,2791.237879817839,5.4081435176290436,3278.5249564611804,74.11198918606273,145.57149631879037,167.43505756773564,3.0,0.0,9.999381385492027,0.007143808875556406
Day_2024_07_09_Wafer_09,2024-07-09_09,2024-07-09,3,9,3247,3246,True,2243.84296875,30.0,628.0099999904633,598.0099999904633,2991,0.12300000339746475,0.0,133.85167253571424,28.00365910968966,0.31763958647368906,0.06870034703031834,3.9265563635473786,0.10593069842806092,71.34599122178122,121.50602556118443,440.359885067216,254.5413958788597,2.026890645613841,0.031397187436373764,1371.0138381452953,0.03452509839188308,54.90441273160301,0.21136367850053916,10.19231011739187,0.026642699302886045,60.00725479916719,0.07581557827199961,1.5132915698258385,0.09401612238329321,14.987262188252378,0.0016285711424802256,3.347628467818719,7.797217552605483,88.27267755803676,7.283093850325485,44.08660406127338,20.592522865178026,571.2600539962172,182.41237069901223,3.407221702222978,5.151561353214369,28.339408331194758,1.6962759764059,0.04240080203944447,0.006293454040210661,0.0525477520003043,1.6600884728914835,2.0,0.0,2791.3976538175725,5.556152821915843,3275.861707028638,73.37672903165159,143.23044804082352,167.46341004831567,3.0,0.0,10.000067581743032,0.007163276407572093
Day_2024_07_09_Wafer_10,2024-07-09_10,2024-07-09,3,10,3349,3349,False,2245.85703125,56.80999994277954,648.6099998950958,591.7999999523163,2960,0.12300000339746475,0.0,133.88047369621896,27.977374998707997,0.3386081084974009,0.06680868459672554,3.9950169266075704,0.10827517641188573,71.28672624742109,121.43140881022899,440.4886202088079,254.41018244919027,2.0122871485110876,0.034169739084575504,1371.0172255232528,0.03775464380632334,54.92179008818962,0.2364183164768327,10.199999809265137,0.0,60.017533329370856,0.08116493609882094,1.3867763336848569,0.01920249659517212,14.987305465582255,0.001517755280058478,3.7621589473775914,8.805073824239223,88.23624559274397,7.946253672161179,44.09880274115382,20.603627580701634,571.4425779497301,181.10613816148893,3.329868384086955,5.216857220914015,28.34434715928258,1.705282576676002,0.04239638474065106,0.006276443426185873,0.10861908680683857,2.412013904272814,2.0,0.0,2791.371630941855,5.431204397979742,3277.0505859375,73.27688304027193,145.84662864079345,168.07673908429373,3.0,0.0,9.99911605377455,0.006855737487914953
Day_2024_07_11_Wafer_01,2024-07-11_01,2024-07-11,4,1,3247,3246,True,2246.1255859375,30.0,628.0,598.0,2991,0.12300000339746475,0.0,134.52173313636996,28.348230372203282,0.315773989992177,0.05699185877788003,3.9671013407865043,0.09781493932345665,71.31192232495961,121.56918945406143,440.7384105194217,254.304300424093,1.9921832176723118,0.03398546153011259,1371.014005272654,0.034699246067860914,54.70367712354389,0.0984327003778808,10.180675279253185,0.03948423081975346,59.68736238393525,0.08140827218024972,1.3854746237442033,0.01612886196504155,14.987356273596282,0.0016109054305893749,3.744858854951288,12.481108062519107,87.77864097456835,7.482902917842593,44.06139644672543,20.583866281753817,562.3648417277385,183.4749568750664,3.456902276487932,6.051901719742409,27.99872440591938,1.891953847288889,0.04234971541603725,0.0061675465092147636,0.1826416992575219,3.1579255690054904,2.0,0.0,2791.8061378144853,5.43124330525971,3282.3907888215426,74.27884280846625,142.52555284720128,166.48775619167762,3.0,0.0,9.998344325732324,0.007010764689152888
Day_2024_07_11_Wafer_02,2024-07-11_02,2024-07-11,4,2,3246,3245,True,2245.0513671875,30.0,628.0,598.0,2991,0.12300000339746475,0.0,134.1972632833804,28.013993558103614,0.3336810440109032,0.05716871460289834,3.9890204133576113,0.1262787223952855,71.48606824474948,121.64819543408642,440.31418771593917,254.59458080327295,2.0382480416079503,0.04262692749771558,1371.0187516896392,0.03902672539009869,54.721731968366036,0.14555468027796753,10.188064070140108,0.03242075283452612,59.70284196247189,0.06862518175432776,1.3653995455088563,0.01411404740994425,14.987473412287033,0.0016186894676389087,4.0607269463113465,15.209527929763102,88.84432057862456,7.2742608367284465,44.05276423766437,20.563772349487706,565.8881914042502,182.44014571129284,3.25816464179268,5.795599547182694,28.073478911720922,1.8343454683765241,0.0424098292137121,0.006225647736452387,0.06846512794813477,1.8710339510257332,2.0,0.0,2791.611748249305,5.619556285644448,3282.950089526392,74.67761211554087,141.2129202134551,166.41599567938013,3.0,0.0,9.999658816078362,0.008258662059494687
Day_2024_07_11_Wafer_03,2024-07-11_03,2024-07-11,4,3,3195,3194,True,2243.5744140625,15.599999904632568,617.5999999046326,602.0,3011,0.12300000339746475,0.0,133.96916174912366,28.003572661719573,0.6108402512820357,6.180007833495619,3.978714739433043,0.12973637789230097,72.2745433315902,122.16445169142315,438.7196698991693,255.49401812999707,2.0400032839558127,0.03847427514526274,1371.0134473969792,0.034111272430402934,54.71112589992902,0.15383680884182807,10.183693027781395,0.03694262707497209,59.706111012246275,0.06658029814973983,1.3371879065484156,0.01409842881932713,14.98729450019322,0.0017837049056099723,4.760502323681474,14.390777025367825,88.77435773268604,4.967683849490151,44.054507269807054,20.67752132699897,568.6416116370509,184.0681203474354,3.583801445436464,10.390373591226771,28.19991158314695,2.1135009877453697,0.04235659223278766,0.006171328975626554,0.08767356606505314,2.1500468048043646,1.9983394221188975,0.04071634023587357,2791.064980244961,13.403055682745837,3279.649423387034,77.0128549748185,140.64243937821453,166.2046984256787,3.0,0.0,9.999476495196122,0.00743672082501669
Day_2024_07_11_Wafer_04,2024-07-11_04,2024-07-11,4,4,3247,3246,True,2243.5744140625,30.0,628.0,598.0,2991,0.12300000339746475,0.0,133.88075230584738,27.970790152112176,0.34584754306059523,0.07166647476741402,3.9906586733441496,0.11696485386449958,71.30660982699881,121.56572896166193,440.5941340383659,254.46745929351536,2.0564225586072054,0.043381465317314565,1371.014005272654,0.034699246067860914,54.72363782606568,0.17062774053514754,10.175793996585806,0.042832768411452074,59.699465154445676,0.0671310979662142,1.3457872969217024,0.013888359215044783,14.9872719845378,0.001615542004312361,4.087898728202633,13.219731245991156,88.4432424386183,7.272152522071634,44.11295956108172,20.59366798250811,568.5952091299941,182.75198138580566,3.393967423230579,5.9298842294647,28.229829415793564,1.7625996773674177,0.04238782984502576,0.006229730049870937,0.12325763734277377,2.5462700305765327,2.0,0.0,2791.3783488323043,6.188696837996523,3283.389655865383,75.69945002096182,144.4309550074581,167.29240589231597,3.0,0.0,9.999653432330174,0.008093292970367835
Day_2024_07_11_Wafer_05,2024-07-11_05,2024-07-11,4,5,3195,3194,True,2244.7828125,15.400000095367432,617.6000001430511,602.2000000476837,3012,0.12300000339746475,0.0,133.79701592849386,27.9446176560309,0.647320716892917,6.739097291603323,4.000086348686877,0.11590824291579871,72.07793154233973,122.07225136890247,438.9626743837815,255.2907759624358,2.0579614394689463,0.03996461804845974,1371.0189196825977,0.03916059197536452,54.69814126140093,0.19905970490054936,10.148273677623287,0.05192489411448259,59.708997343957506,0.06706282869102284,1.3651318415148483,0.01180826596845172,14.987187604346914,0.0018549493030411142,4.537318133104686,11.974901154852208,88.72851139615732,5.028561172555147,44.046750628457445,20.699826646385702,569.4629618022863,184.9157905371857,3.6926028664714865,10.779976638014636,28.326093015759433,2.0943603593665565,0.04236261582850499,0.0062250105890292035,0.17609950112473283,3.052738071166583,1.99800796812749,0.04458770774023784,2790.7836567142886,14.340250478598707,3278.022484686903,78.12767508078136,142.0012687560255,166.52547239441188,3.0,0.0,9.9993752321874,0.007131036465451392
Day_2024_07_11_Wafer_06,2024-07-11_06,2024-07-11,4,6,3247,3246,True,2244.9171875,30.0,628.0,598.0,2991,0.12300000339746475,0.0,133.97360366150434,27.961737964336827,0.3429889668530244,0.08884954733702496,3.9202975769259787,0.12607498052042335,71.3597726162046,121.5496949321855,440.426855568103,254.49961790141754,2.061571331336641,0.03818346984284767,1371.014005272654,0.034699246067860914,54.70391242570281,0.20395976208007216,10.121932724175027,0.04241605547331086,59.70969580009764,0.07029295107543344,1.3666582439145847,0.013804834469647982,14.987323414079723,0.0016470252623142986,3.9913741436661465,11.20685178638347,88.48527654825106,7.263539853914805,44.09257308681926,20.6007931475247,570.2202286230844,182.5907540277443,3.3243901142280703,5.508000518326878,28.30533289678198,1.7168057797434872,0.04237171472120309,0.006216662982312913,0.12397187850579734,2.5603002759506013,2.0,0.0,2791.3640921952056,5.587892988155138,3281.0645461775953,75.27132535646784,145.24624105202878,167.2709360836796,3.0,0.0,9.99954096795085,0.007900356791758063
Day_2024_07_11_Wafer_07,2024-07-11_07,2024-07-11,4,7,3299,3298,True,2244.7828125,43.39999985694885,638.3999998569489,595.0,2976,0.12300000339746475,0.0,133.8482756537776,28.13312067496329,0.3238911305545449,0.052397303303580854,4.082137114178109,0.1074655987381657,71.70986554477557,121.72020256452417,439.50680962573455,255.10719860395446,2.0709105631516826,0.03605099053294472,1371.0139078940115,0.03459798169140567,54.71283661165545,0.22704363225547608,10.165288986377819,0.04760484430732729,59.71659960798038,0.06568473431122239,1.3247740419721732,0.015401693546875274,14.987350340171528,0.0015079918227337192,4.248174474444441,11.462194662620016,88.56573902739473,7.503805076920917,44.14674670273258,20.60742763036298,571.281600762439,181.91048460146465,3.3639734685208187,5.659660619189509,28.327093877459085,1.7331267741331187,0.04241014744708395,0.006212842219984238,0.0862947779317056,2.1039070207629456,2.0,0.0,2791.184340610299,8.009554436708754,3279.3480803787065,75.30918207066797,145.80262188501254,168.54241867756164,3.0,0.0,9.999619495484136,0.006773672985959297
Day_2024_07_11_Wafer_08,2024-07-11_08,2024-07-11,4,8,3299,3298,True,2244.5142578125,43.39999985694885,638.3999998569489,595.0,2976,0.12300000339746475,0.0,133.78807956941665,28.195948273734974,0.3980073911733725,0.056821864217791604,3.907194242762622,0.1122196164629437,71.83525865084319,121.86345190651325,439.76306313588736,254.95099798272145,2.048437458012373,0.03832352168766985,1371.0166625976562,0.037258701041103674,54.69835419808665,0.21051162436698345,10.189482396328321,0.030677667784336414,59.71952300174262,0.07089005840493896,1.3157091437168018,0.015135483547737787,14.987338848011468,0.0015789617640286431,4.038687866221192,11.02282247918787,88.52960379621494,7.519151911850524,44.13596372066006,20.602388852296567,570.8676632091564,181.95025899558453,3.376448522269305,5.56878893117763,28.335006494675913,1.7244816874429223,0.042385685037300794,0.006215125134082968,0.1593607625653667,2.894702342910612,2.0,0.0,2791.217556286884,7.405360506628216,3279.4674949235814,75.12272363138274,145.82141921020323,168.48453219610042,3.0,0.0,9.999559952046281,0.008055714040998547
Day_2024_07_11_Wafer_09,2024-07-11_09,2024-07-11,4,9,3351,3350,True,2244.380078125,56.799999952316284,648.7999999523163,592.0,2961,0.12300000339746475,0.0,133.7412607836506,28.062751376204993,0.3367443444048159,0.05259755658109001,3.9153461920897006,0.10381263992594496,71.37466727651602,121.54004953399777,440.19131914114314,254.63478416629766,2.032917902502648,0.03481792015060948,1371.012526491855,0.0330972863654341,54.70739692757557,0.21082490085859826,10.18632207598005,0.03436109885071958,59.71252965363487,0.06637503622819435,1.3318982549472178,0.015049749951731731,14.987427199704145,0.0015490816040427615,4.47074004871867,11.261481370359554,88.41253522746025,8.004180230067952,44.075962975555804,20.592626523551836,570.6999995712491,183.02264079066765,3.4860826492931083,5.452451558828449,28.334829211919462,1.706488941425277,0.04239378544624312,0.006264996000520225,0.10657257471725531,2.3667523614855024,2.0,0.0,2791.3623332159214,5.427205501467673,3275.5603838672273,73.78747788262783,142.10442691185875,167.6594079620799,3.0,0.0,9.999628079255583,0.007104366574228818
Day_2024_07_11_Wafer_10,2024-07-11_10,2024-07-11,4,10,3194,3194,False,2244.9171875,15.599999904632568,617.5999999046326,602.0,3011,0.12300000339746475,0.0,133.87500125931885,28.092964598308416,0.5901228838598053,6.187637941963255,3.885841927390604,0.10702020223377429,72.14404174312887,122.03662764107733,438.82060319675196,255.40711731113365,2.08565254545576,0.029068305790058577,1371.0144435004593,0.03514801154953105,54.69850615416203,0.19955402754324414,10.187545546421138,0.03301985001519645,59.70757240997284,0.061335050283685535,1.3350192770060016,0.012422322278435257,14.987166580826054,0.0018030976879086366,3.3547757968123433,10.18074114993354,88.81345701265161,4.988323317170496,44.08020116323967,20.673183773775474,568.8521270194508,185.543231982888,3.5942614516351594,10.12453410654156,28.36354290326542,2.0060255200231616,0.042356359626700694,0.006235309142816191,0.10475217349819867,2.3446099601971793,1.9983394221188975,0.04071634023587357,2790.840708418092,13.267447028514336,3277.859821847886,76.90594018232407,145.28323968895563,167.63646258139084,3.0,0.0,9.99976481428498,0.007543418849034475
Day_2024_07_19_Wafer_01,2024-07-19_01,2024-07-19,5,1,3196,3195,True,2245.319921875,15.599999904632568,617.7999999523163,602.2000000476837,3012,0.12300000339746475,0.0,134.6649497919982,28.408232713000405,0.5513446222221452,6.750828909466673,4.122168012586723,0.1298401963732952,72.39199532157214,122.20525878081105,438.50820552020434,255.6131399460621,1.9887217809242081,0.037267094080391625,1371.0106879610464,0.03089178947171459,54.40159346287944,0.2994420214485341,10.11381160500515,0.06061164405130239,59.730411732180976,0.08188150744687393,1.5550526179086324,0.016380823266166293,14.987079790072295,0.0018651639103213137,3.3844439331120544,11.376224480223282,87.90111724377311,5.236289574428162,44.075886062733524,20.69403364498358,562.0344713674599,184.858239168161,3.7773798801212672,10.615469628053168,28.049028086947256,2.216374479060524,0.04234365830358716,0.006244329597390432,0.14367611696362337,2.787732043344619,1.99800796812749,0.04458770774023784,2791.312508997214,14.563540282880817,3286.780902350883,78.17928494636293,147.94174906425425,168.72467073933288,3.0,0.0,9.997717488492786,0.006977379500530075
Day_2024_07_19_Wafer_02,2024-07-19_02,2024-07-19,5,2,3351,3350,True,2247.065625,57.0,648.8000001907349,591.8000001907349,2960,0.12300000339746475,0.0,134.44681918363312,28.11261766920321,0.21664527071753165,0.0814625345861578,4.190756762752661,0.1115842620767513,71.44116903016771,121.57112069581089,440.2175929835519,254.54364808196715,2.042820906357185,0.036927331471295774,1371.0158407262854,0.03650694841817423,54.40459421003187,0.23278407846078475,10.101047590938775,0.04265963931350803,59.7176013572796,0.0723002983827054,1.3779688573366886,0.023920241714042657,14.987381760171942,0.0015707224421114472,4.2877783900982624,15.536438271986468,88.64919712596347,8.003287282581317,44.18301219875748,20.610275315774032,565.2611881049903,181.81634534430353,3.2641092430699516,5.6385438127528795,28.0706476688385,1.8290378463184915,0.04234212812451595,0.006188383366324394,0.052891876890852646,1.660988891561519,2.0,0.0,2791.6305513124207,5.494591668501279,3286.204540933145,74.85342201554666,144.2047739776405,168.44468589843282,3.0,0.0,9.999035080703528,0.0073184388042712364
Day_2024_07_19_Wafer_03,2024-07-19_03,2024-07-19,5,3,3247,3246,True,2247.065625,30.0,628.0,598.0,2991,0.12300000339746475,0.0,134.35776359203547,28.031456109785857,0.25012704828428367,0.07050648304239816,4.200688738521626,0.11040665183821,71.50270817547772,121.61846275353358,440.2670862913052,254.67086283135967,2.051424228798303,0.0379485958145938,1371.0164119066183,0.03703294886540587,54.427214837719944,0.17722565649291416,10.12905404337351,0.045400818227430945,59.71106657859116,0.08206549641978554,1.4053619568740912,0.015897769085160107,14.987346476354315,0.00160217294036394,4.444223501179299,14.97518774827305,88.4793810184406,7.254827985445722,44.146233017569756,20.586671087969478,568.3034853053628,181.83646474154565,3.3463836457855582,5.694773489294656,28.154908558071675,1.7829643205508092,0.04237579381755366,0.006238581369372375,0.12335967124803773,2.5477933007486357,2.0,0.0,2791.7247720537916,5.088181138311312,3286.108109484704,75.39636687761497,144.28243357965437,168.89133337171796,3.0,0.0,9.999779362297504,0.00826482205271474
Day_2024_07_19_Wafer_04,2024-07-19_04,2024-07-19,5,4,3299,3298,True,2244.7828125,43.40000009536743,638.4000000953674,595.0,2976,0.12300000339746475,0.0,134.297644403673,28.115187548972404,0.22858534987092077,0.10602473691244801,4.174361567904231,0.11318218924090652,71.8362365747966,121.73804016007743,439.3089468302906,255.20952756300827,2.0668245467447464,0.03871807454690681,1371.0119930390388,0.03248350534801848,54.42765425097558,0.22060666091835823,10.167237899957165,0.04693431029405399,59.71223129251952,0.08334940169515466,1.3998881354928017,0.02764330341504086,14.987492472894731,0.0015437598839969648,4.377980680875881,14.290772459263057,88.39985091826549,7.469565902153097,44.26503669190151,20.60398423850191,568.494833874446,183.53064953300643,3.4557597357253993,5.9930643839156685,28.23008889985341,1.7847909333412968,0.04239227118343616,0.0062106353241708325,0.1540795039105159,2.798041864197591,2.0,0.0,2791.329517897739,7.827568261606808,3284.354765533119,76.63539983127318,144.98184220124315,169.6548527193641,3.0,0.0,9.999651327568998,0.0076298307963819255
Day_2024_07_19_Wafer_05,2024-07-19_05,2024-07-19,5,5,3246,3245,True,2245.85703125,30.0,627.8000001907349,597.8000001907349,2990,0.12300000339746475,0.0,134.28521834791306,28.033964133012272,0.1804214048912643,0.11260857924260528,4.146301014766246,0.12580214577262536,71.56962199603335,121.67959422165599,440.2372292492302,254.7101968548423,2.0629598139520473,0.03706588606596118,1371.016116465693,0.036762924726702964,54.418896104181094,0.24260487827410843,10.188762415372409,0.031582494165029854,59.71434779087436,0.07919840416963986,1.4132911527037222,0.012132080424566477,14.9872408292764,0.0016220672372962346,4.409291808979966,12.726126972285204,88.33071300879769,7.291355356277568,44.13126504827901,20.57413279958166,569.8006538467663,182.43190175463795,3.4479383372318586,5.740947165580181,28.267415239978394,1.7327866655327788,0.04236735757938695,0.006233834234266901,0.07109077479129651,1.943488769324809,2.0,0.0,2791.430277928381,5.597813824814949,3286.410393776782,76.22979025932072,148.12134281400853,169.60917806860343,3.0,0.0,10.000111877160727,0.007808111709980268
Day_2024_07_19_Wafer_06,2024-07-19_06,2024-07-19,5,6,3247,3246,True,2244.1115234375,30.0,628.0,598.0,2991,0.12300000339746475,0.0,134.230526442354,27.98031305836635,0.13956870617664446,0.10539690130502592,4.092270162583035,0.11568710569927498,71.59869602939973,121.69332262893242,440.0421014841246,254.73489123538587,2.0668137209425796,0.03659409877831207,1371.0142726764277,0.03497441774136211,54.403242704901,0.24031831458929057,10.147977372708029,0.053824573770530466,59.70956202296261,0.07857489965997884,1.3789619683262817,0.0159522884208446,14.98736545099777,0.0016473940877908527,4.378901039067418,11.584556512842958,88.30450820221385,7.280825423642917,44.13991194941534,20.582984866972584,569.5673096968313,183.2727605956577,3.401650618704485,5.483795538430948,28.29771807360354,1.7197008541480234,0.042362085972336254,0.006220173187086644,0.13983823877638776,2.701794015634689,2.0,0.0,2791.405451788308,5.3803229137209,3282.5378209008536,75.87213188531773,145.3479592690935,169.34150132345545,3.0,0.0,9.999560509187168,0.00806933088992622
Day_2024_07_19_Wafer_07,2024-07-19_07,2024-07-19,5,7,3246,3245,True,2244.6486328125,29.799999952316284,627.7999999523163,598.0,2991,0.12300000339746475,0.0,134.29358397929894,28.014505385322803,0.2664727518937184,0.09868762300077115,4.067686417556375,0.10685338222504821,71.41450680800179,121.5419961222526,440.4175712915616,254.50172478994187,2.055620148603592,0.040571888124928554,1371.0134370396345,0.03410017414306728,54.40554957770855,0.2488679236861694,10.167937137497903,0.046671553535982555,59.70896030707887,0.07318474971749554,1.4388092649855848,0.021234017533728666,14.987299345202048,0.001555078513756999,4.1924126499753775,10.681086783997788,88.30069318004215,7.345422273552672,44.131708404046165,20.573081933475972,571.346719469525,184.14671346810755,3.364351917263737,5.174685921311852,28.316090388347455,1.707167630561691,0.04236880617495844,0.006242929235364618,0.05443538817543124,1.7188413220346983,2.0,0.0,2791.3235739118395,5.386645567273539,3284.327199289927,76.04215547791067,148.21722983867576,169.4960306164719,3.0,0.0,9.999863555063893,0.007970713443721904
Day_2024_07_19_Wafer_08,2024-07-19_08,2024-07-19,5,8,3247,3246,True,2243.70859375,30.009999990463257,628.0099999904633,598.0,2991,0.12300000339746475,0.0,134.31450094964663,28.06771930942914,0.2843530601172623,0.07350862764566542,4.008930157036815,0.11165928320568827,71.43724184012989,121.64928481282317,440.3483170029791,254.6536601690686,2.050725464476506,0.035106564287150546,1371.0149077603905,0.035611385260879744,54.412838290822584,0.25283907149949286,10.14593793683449,0.05083081199013604,59.71985956674752,0.08111608423932812,1.4207197764134256,0.019498951898501087,14.987276681168588,0.0016334999889367056,4.232195881926787,9.939913736319811,88.29250491610023,7.365433151153724,44.143784173871715,20.59340186418201,570.4575882442657,181.43798514646014,3.329486735837689,5.191947825066708,28.32490716256333,1.7007866107043164,0.04235723814284052,0.006214350397104876,0.1230535682568539,2.541723438983486,2.0,0.0,2791.2114517380264,5.4829120495863215,3282.5637378443926,75.81215234588265,147.67305954767684,169.78427247803387,3.0,0.0,9.99952076924999,0.007956114504522637
Day_2024_07_19_Wafer_09,2024-07-19_09,2024-07-19,5,9,3195,3194,True,2244.6486328125,15.399999856948853,617.5999999046326,602.2000000476837,3012,0.12300000339746475,0.0,134.1385762973294,28.076671815909435,0.6395584327968983,6.739966346249248,4.118373178944961,0.10567278088965672,72.33469783699766,122.18385403910446,438.536413052316,255.55648811181945,2.069156651794515,0.037384858971984965,1371.010389229216,0.0305079201946305,54.402855048616566,0.24011386915512647,10.190902925265895,0.03203332098494956,59.710723808562136,0.07132687338676962,1.368143972489305,0.016261987915306756,14.98725448123329,0.0018040113117997881,3.9021744367135947,9.059447768198652,88.46460831782733,4.996617275780787,44.08964058950761,20.689554782141773,569.7576907133835,184.02000305426344,3.4505825730023356,9.862886648793578,28.38192098232538,2.0480158943298896,0.04236852569668832,0.006270636231770116,0.14372677822037047,2.7876531657536976,1.99800796812749,0.04458770774023784,2790.6077241327657,14.84962890529248,3281.7410432326683,78.24927112692406,148.5646229461528,169.5890078803368,3.0,0.0,9.999853369407603,0.007862977958037438
Day_2024_07_19_Wafer_10,2024-07-19_10,2024-07-19,5,10,3245,3245,False,2243.70859375,29.800000190734863,627.8000001907349,598.0,2991,0.12300000339746475,0.0,134.30603222159868,28.13644738629319,0.2230992983156066,0.0975870191726285,4.137569379822461,0.10675045341479633,71.33927438410254,121.50004587198356,440.2227301966662,254.65107244780702,2.0663790825576296,0.03516347879987777,1371.0172475434115,0.03777374094281085,54.397091288105855,0.2157184106516983,10.199999809265137,0.0,59.713607576370876,0.06865017730630747,1.3770975938651602,0.013057845783109683,14.987410348938763,0.001617550982482339,3.9992511890198386,9.176417159014365,88.06085299887573,7.3173009382766985,44.13593263029853,20.589038638423563,570.957631964701,183.14052572280454,3.3252012936597044,4.928422303058119,28.332227124692764,1.6946909729348412,0.04238515527341646,0.0062670112256952085,0.0867292990217397,2.1213349141779507,2.0,0.0,2791.191808580037,5.514000154764838,3280.54488269496,75.03157822958822,147.52580344067175,170.3516557951851,3.0,0.0,9.999538271134611,0.007558508315240068
Day_2024_08_01_Wafer_01,2024-08-01_01,2024-08-01,6,1,3299,3298,True,2245.1857421875,43.40000009536743,638.4000000953674,595.0,2976,0.12300000339746475,0.0,134.56150255151974,28.48887655205887,0.38460349422749335,0.07540689646843694,4.353632393383211,0.12156024475097255,71.70527196285485,121.70037087409074,439.68152401604317,254.95188488488398,1.98749663460479,0.05115087984561215,1371.0136055484895,0.03427990274982002,55.01307108709889,0.17250650728194833,10.214079168855504,0.036201087581301084,59.181922190932816,0.09082097351093885,1.3985500789537866,0.021110429106911403,14.987304590722566,0.0015780510393414572,4.6940154314682045,14.220071224321483,88.05164556525727,7.615952979363154,44.2250887988716,20.636852635334424,564.8874812792707,183.0153508476086,3.3769407630197064,5.996378893163677,28.04928418385085,1.9185268665374917,0.042393279122939755,0.006149044110077566,0.16187320986101705,2.942651811293652,2.0,0.0,2791.6011518252794,8.089541156974246,3291.574766261603,75.41964124192266,144.89016329665338,168.5082082180273,3.0,0.0,9.99846623373288,0.006954745838361473
Day_2024_08_01_Wafer_02,2024-08-01_02,2024-08-01,6,2,3246,3245,True,2244.9171875,30.0,627.7999999523163,597.7999999523163,2990,0.12300000339746475,0.0,134.29787484873896,27.955481781807897,0.30544147239094693,0.07335935114768163,4.397237457638999,0.1296098906973143,71.53452828896285,121.65145877407278,440.16948690167237,254.6828273326549,1.887581935455169,0.04103272153770661,1371.015748662534,0.036420617690486184,55.02749153953731,0.1583995172643992,10.210534966510275,0.030700654800469695,59.19782623239983,0.07979036913969899,1.3393024440991839,0.016032550124938632,14.987230222759438,0.0015826689471057844,4.549983140058741,14.22491961498329,88.49127202129684,7.263085488377837,44.141002384555776,20.594209686869902,567.2359661855028,181.8983934665352,3.318887907234223,5.761869051524593,28.119319806051095,1.8318270472929818,0.04241173892440804,0.006151942047462952,0.0896672583742684,2.193214409249213,2.0,0.0,2791.480294748772,6.263384279679367,3290.471039859427,75.05748546647446,142.34344360326045,167.46225614937498,3.0,0.0,9.999496853231985,0.007939930016772694
Day_2024_08_01_Wafer_03,2024-08-01_03,2024-08-01,6,3,3247,3246,True,2244.7828125,30.0,628.0,598.0,2991,0.12300000339746475,0.0,134.16236749647135,27.939607903954265,0.35080240747512426,0.07651965117927052,4.358856566093391,0.09412299210256057,71.33740888161579,121.4654793464761,440.3735525835242,254.506221389492,1.9316449372993987,0.03612503810102274,1371.0114649368027,0.03185543907542898,55.01394176068652,0.1836228297051341,10.202540804175221,0.02925973147798797,59.2031094465954,0.07236072606162773,1.3109853796558768,0.014760725471626166,14.987247497650422,0.0016088343996987753,4.433703753510593,11.280953079239884,88.02331547607989,7.197732912745425,44.14930935027168,20.60879164465619,568.018166672462,182.0413502747278,3.4007782248057117,5.676543384907375,28.191062463641128,1.7981855128481965,0.04241263758252892,0.006201114861843089,0.12749206864367515,2.6337317674552514,2.0,0.0,2791.392662933462,5.3498219852762645,3287.2116107436896,74.91468128518193,141.78673171423145,167.68034189374436,3.0,0.0,9.999359157323758,0.007480142776976385
Day_2024_08_01_Wafer_04,2024-08-01_04,2024-08-01,6,4,3247,3246,True,2243.84296875,30.0,628.0,598.0,2991,0.12300000339746475,0.0,134.0171724304791,27.975108270374136,0.35225342705332685,0.06846653782896076,4.277128056912309,0.10164187162560757,71.28179201805376,121.49396850275313,440.43788228677454,254.40803766372304,1.9964861241681486,0.033210899753980616,1371.0174480962419,0.03794664125858863,55.00247410092215,0.19364851078834203,10.149548748989481,0.05105639638623627,59.206519723456665,0.0737830931210558,1.326971731270408,0.011482857080587622,14.987206675862039,0.001597786579813521,3.88766629414509,8.749710789724409,87.84137784561877,7.3102196677943105,44.07887494002087,20.604728594238278,569.3806174076428,182.20997415796253,3.5543503011799467,6.046279184783786,28.247560972355952,1.7773730302120005,0.042371714750472335,0.006182994941024829,0.21774155270172496,3.4328493185082,2.0,0.0,2791.172896537921,6.093811122533714,3287.910394676869,75.6561020352992,142.69888924484226,167.8751898629241,3.0,0.0,10.000085769150816,0.0066931500115600204
Day_2024_08_01_Wafer_05,2024-08-01_05,2024-08-01,6,5,3246,3245,True,2244.7828125,30.0,628.0,598.0,2991,0.12300000339746475,0.0,134.0565576422617,27.996050687609955,0.3653059173848658,0.07062526895781013,4.165315948254844,0.10248152938159322,71.36211973503207,121.56732724274563,440.48298417397945,254.50895931311854,2.0638849459855066,0.041158644808634716,1371.011531787746,0.03193610978498058,54.99658979583607,0.18940980413359187,10.16188568432807,0.04856649220307271,59.206218635306556,0.06915540440272686,1.3767384327362708,0.016658860355954534,14.987225665491348,0.0016028336022366706,3.860688379798514,7.338698802441726,87.88173143411711,7.428437611131461,44.03698463210371,20.594192842920233,569.9896179015562,180.8486495280371,3.520296298814374,5.929421480738001,28.281383369009617,1.7628781981816393,0.0423863586536551,0.006180953794933948,0.176009457153606,3.0413367444917805,2.0,0.0,2791.262800037482,5.965577108984422,3287.928351787132,76.37797437149071,146.00834668643176,168.76657715904736,3.0,0.0,9.999521443613475,0.008017246132145989
Day_2024_08_01_Wafer_06,2024-08-01_06,2024-08-01,6,6,3297,3296,True,2244.7828125,43.200000047683716,638.0,594.7999999523163,2975,0.12300000339746475,0.0,133.81643196105958,28.033184748555634,0.4073378137405179,0.06557083490866097,4.18865882512902,0.10152806670042193,71.7656906622329,121.7874716923016,439.5227246435951,255.13372745280168,2.07329743164928,0.038362941796721,1371.0134084903493,0.034069547483914844,55.00793281362838,0.2156347497586689,10.187596518893201,0.032961801041861735,59.22268907947701,0.07142825867253882,1.382230999008948,0.016796910388929626,14.987221384769729,0.0015878061364611121,3.6621801119892536,7.115884142138244,88.07234576944043,7.722066508347452,44.15536933963038,20.638905188619553,573.24384337866,182.014483333244,3.5810829421702555,5.932720061701952,28.327610826893014,1.7646011659780445,0.04239768025379221,0.006212968227130809,0.09068357066947873,2.210881935920337,2.0,0.0,2791.1745674402573,8.022407447307396,3288.2401428735557,76.61634063864624,147.90202373023794,169.60000889890824,3.0,0.0,9.999907603544347,0.007534755884235102
Day_2024_08_01_Wafer_07,2024-08-01_07,2024-08-01,6,7,3298,3297,True,2244.7828125,43.40000009536743,638.2000000476837,594.7999999523163,2975,0.12300000339746475,0.0,133.89839593198118,28.06163114752839,0.32973781610236447,0.06046985578385793,4.179028568107541,0.09847456824872622,71.88944528253263,121.86861859004097,439.3633365997346,255.20863429209777,2.1061109094860173,0.040694454424144794,1371.0166345932905,0.03723363421834447,55.01680677013237,0.22739977667670205,10.19384858395873,0.024026681795685848,59.214689151539524,0.07529889523260494,1.362869029966723,0.015135832050662412,14.987321919673631,0.0015806007284818902,3.792091501700778,7.196680000267745,87.72368170703159,7.570484369899732,44.154507661066134,20.62113116565558,571.6397904596408,182.96037960446742,3.533412518560135,5.852586415287886,28.338853934151786,1.7661711176087247,0.042418722296838,0.006228468436794665,0.21527089607815783,3.3855196397662533,2.0,0.0,2790.970777064732,7.954418476108038,3286.7504780232407,76.08621115367445,147.61865811323918,169.7235473217033,3.0,0.0,9.999492568649163,0.008092047378278218
Day_2024_08_01_Wafer_08,2024-08-01_08,2024-08-01,6,8,3246,3245,True,2244.7828125,30.0,628.0,598.0,2991,0.12300000339746475,0.0,133.9030978140007,27.99325058599323,0.37060514806739586,0.07587273134950577,4.164439998395225,0.10741955125049489,71.34516530921007,121.50339497787688,440.42109864980074,254.4166609351406,2.1083316463405413,0.03839641907301014,1371.0122337226524,0.03276293058365776,55.021297212509516,0.23356923191208193,10.194516724625068,0.022764909606466002,59.211668465377414,0.06496338151466499,1.349527064552677,0.01357711836505065,14.987148530743903,0.001588805300831622,3.0626768056703066,6.435495511479135,87.96879548717207,7.215087448119661,44.062299347051365,20.604541893429076,571.1980904362665,182.2994450231142,3.4814976903456425,5.333851364017241,28.33193937905534,1.727579049547782,0.0423674686861373,0.00618588598971526,0.1097890891505898,2.4505317700233675,2.0,0.0,2791.0799056511983,5.518350586040195,3286.328502026261,76.048372597753,147.2594934786813,169.35551000900728,3.0,0.0,9.999782743361514,0.007698067976117876
Day_2024_08_01_Wafer_09,2024-08-01_09,2024-08-01,6,9,3245,3244,True,2243.5744140625,29.799999952316284,627.5999999046326,597.7999999523163,2990,0.12300000339746475,0.0,133.83611622111854,28.027810909130658,0.3316989976464207,0.06178279168156777,4.174063539106312,0.10219354003723424,71.48970545301631,121.59966740409713,439.978687488355,254.78456082141707,2.104785924372466,0.03373625056451773,1371.0165511421535,0.03715871133594159,55.014949812617985,0.232796881217757,10.19698979304387,0.01708624306655117,59.205919941930865,0.06921737772016612,1.3273783829698595,0.013299343845495467,14.987162445540411,0.0015586820038970745,3.3759289438509223,6.858435682576932,87.58713718066646,7.343809700128222,44.049492700761775,20.5988691880798,569.784004308388,182.3188164451523,3.4654533048674314,5.490795474648075,28.352921136964525,1.7286841462252132,0.042403109975308675,0.006228216259368933,0.08859553767685906,2.166088886349612,2.0,0.0,2791.1290366488556,5.266986403736445,3284.7311628769075,75.3679756035943,146.66046558112205,169.62169503378797,3.0,0.0,9.999624139090445,0.008067897329287168
Day_2024_08_01_Wafer_10,2024-08-01_10,2024-08-01,6,10,3245,3245,False,2247.602734375,29.799999952316284,627.7999999523163,598.0,2991,0.12300000339746475,0.0,133.98584775564385,28.05327290106608,0.40142092824639863,0.06425995294188454,4.0214744592262965,0.09842319698313395,71.10624849184755,121.34672031071659,440.7180429130683,254.2550015212199,2.0720293646231815,0.03461001988004283,1371.0128353811435,0.03344365024109145,55.018254757405764,0.23620954621096968,10.196489297757775,0.018404495400907616,59.21213653038992,0.06528852539820909,1.419084777325063,0.024166855379191606,14.98716791128084,0.0015991714142828135,3.1897097236533822,6.985070845281355,87.95459835284612,7.563242003140961,44.084675527742895,20.620529566974433,571.9957121833437,182.69027062947663,3.4801202256697072,5.685355021001506,28.33645951026501,1.7165098299041721,0.04238796348094103,0.006231024129129423,0.17636657837281375,3.046994573260737,2.0,0.0,2791.021592854736,5.598298467716365,3281.495335126473,73.98132892358977,143.46506627592024,169.28578012259362,3.0,0.0,9.99972952667665,0.007927027039222212
Day_2024_08_05_Wafer_01,2024-08-05_01,2024-08-05,7,1,3245,3244,True,2245.99140625,29.799999952316284,627.6000001430511,597.8000001907349,2990,0.12300000339746475,0.0,133.8099867192399,28.38280401661763,0.3179832786570823,0.058983981474280384,4.035444846121364,0.10988737089297311,71.43223073183742,121.64020989063476,440.3772628959605,254.72377412778962,2.0827959248054784,0.032189995529243294,1371.018122664742,0.03851484193099712,54.69933071710593,0.13368840811850505,10.167892969571627,0.046688504394178224,60.01551809789345,0.06754089326373354,1.2945567993416036,0.019038393298999482,14.987161005779253,0.0017005342951720113,4.371281448734245,11.57769582938887,87.31037616889213,7.579256183387201,44.127758959384266,20.598873374646022,562.1792300833507,183.91397283683966,3.5198507662887457,6.273133201220033,28.021256406650096,1.8711422658760632,0.04240421373708591,0.006192549645988228,0.1624421645965066,2.9602324329310097,2.0,0.0,2791.603738291048,5.874211936053426,3288.6697330130382,75.10076750917662,144.5427972104637,168.81092455082074,3.0,0.0,9.99793129860358,0.007150282803553617
Day_2024_08_05_Wafer_02,2024-08-05_02,2024-08-05,7,2,3247,3246,True,2244.7828125,30.009999990463257,628.0099999904633,598.0,2991,0.12300000339746475,0.0,133.4753692024968,28.04738536874531,0.31094282953456587,0.06358124569871311,4.10433969645945,0.11954479619830465,71.47189229664454,121.59658791906432,439.9666982774789,254.71574131513435,2.0799330916543424,0.04088943508483741,1371.0103618962355,0.030472409717298324,54.71738569412053,0.16964216204975424,10.133634425054542,0.047245488938756484,60.00320942558918,0.07789624389427711,1.3137080676975716,0.0132271049743014,14.987132400862153,0.001623164161948103,4.540901169733872,13.917515912472822,88.35221344824421,7.269875465120198,44.165333818329174,20.587817289655177,565.9971951886747,182.3624909338048,3.3864985014589406,5.755908238458455,28.089004535094745,1.817733434776169,0.04239461693784458,0.00615369882623476,0.0529558888967521,1.6729915692302584,2.0,0.0,2791.5303764483556,5.6490032989422785,3288.75625999091,75.18473651732897,142.81688189849294,168.15316582777822,3.0,0.0,9.999293150052065,0.0075862846592242
Day_2024_08_05_Wafer_03,2024-08-05_03,2024-08-05,7,3,3299,3298,True,2242.7685546875,43.39999985694885,638.3999998569489,595.0,2976,0.12300000339746475,0.0,133.3179960097036,28.100385439095355,0.32172043074012524,0.07150736671715492,4.106666683269444,0.11489990553600749,71.71527574068594,121.70025704695782,439.81338563248994,254.83231249429215,2.095446871974135,0.037793711264733645,1371.0147141487369,0.03541961982407853,54.72994010294637,0.18853434215979858,10.189952823744026,0.03006244975244851,60.020564163884806,0.07829065618991994,1.2911663564943499,0.012138733322450529,14.987223372344047,0.0015496213313336419,4.7989022975326865,11.45192672796388,88.02186133453162,7.478255599340463,44.262160221094724,20.643785254572943,567.9029299161767,184.06341499070516,3.587093921743774,6.085179831120506,28.176918388694844,1.8165316491563601,0.04238444183995667,0.006180500579214005,0.1983292923178724,3.2569872530358825,2.0,0.0,2791.3112411499023,7.876903045346354,3289.014942784463,75.93688320245472,145.71661428802756,169.47975228736854,3.0,0.0,9.999197179271329,0.007073641610585163
Day_2024_08_05_Wafer_04,2024-08-05_04,2024-08-05,7,4,3247,3246,True,2243.4400390625,30.0,628.0,598.0,2991,0.12300000339746475,0.0,133.19273362690612,28.006021597589047,0.3142326985523528,0.09728066876607819,4.1106787196611805,0.1255251912921081,71.49046159129115,121.62488656470246,440.17066078527205,254.72287805569903,2.097709761459825,0.03864652810451938,1371.013503890578,0.03417168875293797,54.71431038109446,0.2139780485043914,10.136877469018485,0.04824694879013906,60.01213615899579,0.07074405115589168,1.271541712834898,0.012066023061490547,14.987165256233688,0.0016094537404091746,3.8136708993889425,8.237747307553702,87.82495545735131,7.408355011667266,44.140432295931575,20.61725457081454,568.0559315274926,181.8828642583908,3.3911971856607357,5.889750318323035,28.228652969406266,1.774392307833503,0.042387629246674864,0.006161075632796521,0.07132209387562101,1.95014340380335,2.0,0.0,2791.349331768091,5.442593605239745,3289.6139118853957,75.94305082240756,146.17660169177373,169.46919017262564,3.0,0.0,9.999600226167292,0.007670298769168878
Day_2024_08_05_Wafer_05,2024-08-05_05,2024-08-05,7,5,3247,3246,True,2246.7970703125,30.0,628.0,598.0,2991,0.12300000339746475,0.0,133.23966950327608,27.97764932116057,0.321885657279722,0.09325598212226957,4.141952527242933,0.11801261124719217,71.30316631605619,121.5435057357156,440.44392379882225,254.44243817719067,2.0954429572420112,0.03751114994257942,1371.0159439500142,0.03660322667151173,54.715279639424864,0.23546459987422008,10.192845052478704,0.02577365010986071,60.01377430682755,0.07612343782620677,1.2722771774761974,0.01295344269705467,14.987122608402906,0.0015697689888361829,3.7692042841476088,6.8135804925505346,87.70724744599067,7.408623749760419,44.11964782350082,20.615832112770242,568.5773707485167,180.99522479999723,3.468656653643591,5.661118444232552,28.266736298729768,1.7589945759168428,0.042411935371535155,0.006246274497214377,0.12718596565249132,2.628145274343273,2.0,0.0,2791.269361469826,6.521630563149036,3284.85390114027,75.6172502281401,143.18695088701875,168.89392858865966,3.0,0.0,9.99956724708274,0.007602526036750139
Day_2024_08_05_Wafer_06,2024-08-05_06,2024-08-05,7,6,3247,3246,True,2245.7228515625,30.0,628.0,598.0,2991,0.12300000339746475,0.0,133.17885695903527,27.965012928823516,0.33208291623174685,0.0715681986266368,4.160528261021442,0.12101702637213317,71.45185569288232,121.63829040259856,440.34329512046753,254.656414190097,2.1016683012536044,0.03473154271839268,1371.0197210283193,0.03978319247550922,54.69725888965521,0.24725678345252378,10.153092688838202,0.04990398035705076,60.01802043474785,0.07086015704099109,1.2610615476721787,0.014052271493324458,14.987020555047916,0.0016295370226731194,3.2640826392038256,6.481428046982422,87.47208244303962,7.388232935067826,44.1662979062207,20.64509484745427,570.4126144353063,181.79435709751382,3.5326016525243165,5.837441999772872,28.308295984883564,1.751501542375644,0.04240922726857666,0.006225419235720966,0.05203757864780866,1.6438560361968177,2.0,0.0,2791.2480338149867,6.219586552768124,3286.5714469254117,75.95006086297715,146.77214619883006,169.42749838896293,3.0,0.0,10.000178704728892,0.007287815961529058
Day_2024_08_07_Wafer_01,2024-08-07_01,2024-08-07,8,1,3299,3298,True,2244.1115234375,43.39999985694885,638.3999998569489,595.0,2976,0.12300000339746475,0.0,134.41167888205538,28.549715618963617,0.3188944897640707,0.08387591375548019,4.231465057419833,0.11062993901556377,71.71607852014162,121.70068324469356,439.78715246483205,254.8624356908707,2.044522813090714,0.0385102186775967,1371.0124633542953,0.03302568618710434,54.91753972602147,0.23402223344663814,10.120799993635506,0.040587257220678775,59.19032280547645,0.08128105975337238,1.383976669721706,0.020355741318851234,14.987147064619167,0.0016148085257785992,4.0658530400645345,12.530423062062706,87.7488314496173,7.681327166598357,44.22758073704217,20.64144228594037,563.344326911434,183.36378218397286,3.463481653673244,6.100181398819157,28.010889896141585,1.910245139180298,0.04240238541043714,0.006156392057299539,0.12798084623070174,2.639150832474282,2.0,0.0,2791.659635728405,8.245189433720002,3288.8025116459016,75.69698847348494,144.23440507342738,168.50533628088877,3.0,0.0,9.998397199376937,0.006978554440561507
Day_2024_08_07_Wafer_02,2024-08-07_02,2024-08-07,8,2,3298,3297,True,2244.9171875,43.40000009536743,638.2000000476837,594.7999999523163,2975,0.12300000339746475,0.0,133.98702783087722,28.15416204478616,0.29920000113922507,0.08452158222030486,4.05195631980896,0.12681542688640793,71.678403423406,121.70386525996784,439.76886562571804,254.85894341437248,2.085361302800539,0.03908530526773809,1371.0146182789522,0.035323886028013694,54.9248064262326,0.2382637660465536,10.189378021304346,0.030811529315487994,59.21189916274127,0.07428931712924781,1.2858872963801151,0.01654644375272753,14.987161676743451,0.0015985478644435721,4.444438744232434,15.04783135959362,88.93600836515928,7.440778400327588,44.273114402835105,20.65343104929872,567.1544389433019,181.35333977515464,3.1729299279909675,5.619775456206761,28.075353530755564,1.8502266237188465,0.04238705855895992,0.006152904352743915,0.05247131988781841,1.6520438045292019,2.0,0.0,2791.3309120601366,8.209470551179843,3289.2368404510244,75.5285162755716,142.22411372208796,168.0246602611967,3.0,0.0,9.99966860410546,0.008130371337425894
Day_2024_08_07_Wafer_03,2024-08-07_03,2024-08-07,8,3,3298,3297,True,2245.1857421875,43.39999985694885,638.2000000476837,594.8000001907349,2975,0.12300000339746475,0.0,133.84474507307806,28.114845263181802,0.3307327735993792,0.07554886498796295,4.080352963279275,0.11422477325711455,71.78296141289738,121.77571958151474,439.4994774832846,255.0995194704835,2.0909041629919485,0.03934879337633306,1371.0176427504596,0.03811269697837228,54.927360944988344,0.2244943887574329,10.201008216473236,0.009991207153757049,59.212874048056726,0.0772137281913594,1.2852402007078925,0.017305819318403942,14.987246621716924,0.0015958566784243264,4.900985387914321,13.782816258444415,88.58292200200698,7.526129511240541,44.24967934231798,20.632118496931785,570.0688586323201,180.18767005826288,3.3432078264540985,5.8312251545824205,28.15354248046875,1.8314911746792466,0.04240272237097516,0.006180182378242602,0.10684042794363839,2.377368424988024,2.0,0.0,2791.4607927389707,8.14665679750101,3286.3392212119224,75.61067102777605,141.84425847093598,168.74797959114866,3.0,0.0,9.999590748057646,0.00789577462914496
Day_2024_08_07_Wafer_04,2024-08-07_04,2024-08-07,8,4,3247,3246,True,2248.13984375,30.0,628.0099999904633,598.0099999904633,2991,0.12300000339746475,0.0,133.81269521021358,28.064446698533978,0.34376128398651706,0.08640133431701491,4.120167176805584,0.11087370907153701,71.51084263441852,121.54750588559529,440.28115876707017,254.56527485918855,2.095205583129189,0.0389946238155245,1371.0105958745378,0.03077427835394661,54.91594757518813,0.23960122116503374,10.195018240617136,0.027825196443902547,59.20488136390984,0.07624748961221202,1.2864464992505975,0.012567304670263133,14.987085459424437,0.0016057230307110072,4.033912298393186,12.178650041836026,88.29424142773755,7.292452335768722,44.16210448068347,20.600764458792707,568.2389736245684,184.05163560706768,3.409915407868591,5.777803446329258,28.216523084701084,1.7724991726678758,0.042401470659305045,0.0062086123449640145,0.12524731124934047,2.5871030372226627,2.0,0.0,2791.314932427491,5.998270419202888,3286.216979796812,76.20566952392383,141.77459980611695,168.19233849657223,3.0,0.0,9.999790165504857,0.007450572005511555
Day_2024_08_07_Wafer_05,2024-08-07_05,2024-08-07,8,5,3247,3246,True,2244.9171875,30.0,628.0,598.0,2991,0.12300000339746475,0.0,133.8716712729742,28.026573881386433,0.31932798487581726,0.07157199665759251,4.019441687594445,0.1255308566450852,71.22652983386598,121.45803368919735,440.3871198814874,254.47443475494364,2.094122332499921,0.03835151901914857,1371.015576269825,0.036257778762917525,54.90772303304159,0.2091930162366089,10.164894694191522,0.04772967961050817,59.21464397388332,0.07390926608528921,1.3253493835120167,0.0429375111674838,14.987154234934316,0.0016105788635007458,4.48599641883465,10.364236090987733,88.22031849851898,7.269325805708908,44.159915793344595,20.6113264046154,569.9673942073616,182.6025203882691,3.3441031742461127,5.411429281525992,28.26271819813281,1.7454130836604564,0.04238314905201699,0.006189090412704879,0.09111677862975319,2.2288258152651292,2.0,0.0,2791.2120073599704,5.145255031238197,3286.8708674852683,76.32306256611342,145.15238979483718,168.9341487387661,3.0,0.0,9.999460825510385,0.00815116014020849
Day_2024_08_07_Wafer_06,2024-08-07_06,2024-08-07,8,6,3246,3245,True,2244.7828125,30.0,627.8100001811981,597.8100001811981,2990,0.12300000339746475,0.0,133.8206018785968,27.999459895796374,0.3302943149967786,0.07258979158338659,4.151458194104325,0.10806481121239178,71.21063564012456,121.48120098070899,440.54159040187915,254.40206503123926,2.088411323681324,0.03758672913475446,1371.014478069803,0.035182936298405194,54.888828949944234,0.19542120809452015,10.180167151613778,0.041112709014384886,59.21120425068016,0.06360044649714758,1.247614634674927,0.013340363385994798,14.987136310717732,0.0016429884224231203,4.333260903629571,9.756602122772966,88.03658400762042,7.171503643769228,44.15658826796108,20.61350885236651,571.0954223683846,183.43946205367055,3.46609633449328,5.607742542409281,28.309072481110743,1.7181135425134293,0.04234227383054519,0.00619411311092988,0.17708900732340221,3.058695785041792,2.0,0.0,2791.2376623249374,5.816036860355207,3287.062612353679,76.23394829427448,146.11547037462725,168.99442625049383,3.0,0.0,9.999556788313747,0.007761610217662536
Day_2024_08_07_Wafer_07,2024-08-07_07,2024-08-07,8,7,3246,3245,True,2244.9171875,30.0,628.0,598.0,2991,0.12300000339746475,0.0,133.92595351144885,28.033489268893213,0.3172350394679965,0.06197958522232083,4.183350052573696,0.10917462803788702,71.37063197243556,121.50819588203439,440.3303327830648,254.53857696925013,2.0974523224825843,0.03996486004055481,1371.014974611334,0.03567711532199258,54.91203593155565,0.2212898871882741,10.201002822118394,0.009964719422088297,59.21360751897824,0.07748151592618276,1.2994881368568214,0.012344896116647804,14.987135875029773,0.0015751461231197099,4.279233762867991,8.96792133466805,87.88382009055374,7.300095422890822,44.183194914536905,20.61292060118712,570.8665121340584,183.3900040614374,3.4894104617215325,5.44362801579378,28.33529837368245,1.715533429164535,0.04239391470131807,0.006208142635455129,0.20059976606455107,3.3044132239570145,2.0,0.0,2791.434692423625,5.63880242217876,3284.7274772723117,76.09134691951826,146.036232707573,169.3415006385728,3.0,0.0,9.999676991369922,0.007796760810571594
Day_2024_08_07_Wafer_08,2024-08-07_08,2024-08-07,8,8,3835,3835,False,2245.1857421875,143.79999995231628,745.7999999523163,602.0,3011,0.12300000339746475,0.0,133.691545497219,28.229092929120963,0.8110195924517117,6.164048855870896,4.507130524519075,0.13296282163367298,72.18806704547168,122.10404603687176,438.7550334603792,255.5398796131195,1.909149783388478,0.0400664695185093,1371.0139786521686,0.034671619874507904,54.94938547798899,0.10816251659973626,10.157289990552119,0.049465430535361156,59.29814018850032,0.07269023198966373,1.2376746578257727,0.018270311633990483,14.987052639391445,0.0019064192981515277,3.9698793521476956,15.189972409046252,89.72739366945022,5.1469330571685346,44.172836231496476,20.69256935032897,567.5566510340178,181.76346090714725,3.4333779232131705,10.712266177070338,28.27538176542578,2.037016543504377,0.042370408078100705,0.006308360307102949,0.08564643137718664,2.1006196466767495,1.9983394221188975,0.04071634023587357,2791.169226832344,13.457624857976588,3280.093316044296,78.91872725584979,146.51749072333024,169.51029283857437,3.0,0.0,9.998623611997505,0.007041160358210413
Day_2024_08_07_Wafer_09,2024-08-07_09,2024-08-07,8,9,3246,3245,True,2245.99140625,30.0,628.0,598.0,2991,0.12300000339746475,0.0,133.6522970113496,28.244490526298495,0.5384085567220324,0.0675843518479237,4.507626216095134,0.1214783347690664,71.40427283496187,121.61942240996119,440.3930810413724,254.59145229741276,1.9096990939328122,0.036622402067633036,1371.0140386981257,0.03473387432819366,54.997492574362084,0.16041909575833066,10.156369166245073,0.04959240189795148,59.289100454388475,0.06798623774783599,1.282818152967483,0.03958254727138828,14.986900952299955,0.0017520497526396705,3.973793594464934,15.23296131594864,89.38403795651072,7.384315903183987,44.13925385291821,20.599818948957328,568.7854375555459,179.9875789319248,3.1821438602913843,5.4430237823618555,28.216193534266946,1.6983761852219093,0.04235352684262005,0.006255837964949213,0.07070988534246947,1.932448997578885,2.0,0.0,2791.517914012219,6.566373078020027,3282.971365594178,76.0994238734152,147.01324326933846,170.67165916579611,3.0,0.0,9.998339614115682,0.006986861113761064
Day_2024_08_07_Wafer_10,2024-08-07_10,2024-08-07,8,10,3246,3246,False,2244.1115234375,30.0,628.0,598.0,2991,0.12300000339746475,0.0,133.81463386971828,28.24990801340411,0.3311200271936931,0.0749491024072846,4.206532938270735,0.12440717457165443,71.36117698549938,121.54636038275983,440.50864789008455,254.44253981472573,1.9955800663304943,0.052185152166603896,1371.013871570767,0.034560062785816796,54.963691197442834,0.10143789398103052,10.120729116084624,0.04053617102881982,59.23012369909003,0.0672718389046748,1.4051317673628643,0.017539293585532113,14.98720505069387,0.0016222427536879513,4.533513870736661,15.360648386678088,88.88045500656786,7.302935334968654,44.13470821514532,20.571561225995353,570.1095717419593,182.14761639275733,3.3474243982669822,5.5081546345348515,28.223326788583115,1.6861954258052447,0.042377231238439145,0.006270913947486726,0.10320786399930586,2.302377737020215,2.0,0.0,2791.527229393258,5.364774208994634,3284.362808722391,75.40209641977152,146.88253717923078,170.3916620760094,3.0,0.0,9.998760488989042,0.007000016556193673
Day_2024_08_21_Wafer_01,2024-08-21_01,2024-08-21,9,1,3245,3245,False,2245.0513671875,30.0,627.7999999523163,597.7999999523163,2990,0.12300000339746475,0.0,133.1434786295811,27.984995445448412,0.2850267569008081,0.056163724447056015,4.249531784583892,0.11814019165601727,71.27497981306365,121.44378144165191,440.22555038322974,254.65039639229724,2.060836075261285,0.03999710767595233,1371.0145449431045,0.035250302685158906,55.03234056581223,0.12086969052493304,10.12822763991595,0.046111455286999864,59.90775987248755,0.08247831146200771,1.4093161922234756,0.07782571195650388,14.98678168612579,0.0016993289452020596,3.7885310227256954,10.51773106952245,87.83031664803674,7.329900708773217,44.1168120744635,20.618648378829526,565.4332941776136,183.72844113307886,3.534410845839658,6.341021579698594,28.061700029277482,1.8544681948144797,0.04241016694347695,0.006176246432451495,0.19750272948606357,3.2535283192471853,2.0,0.0,2791.711185723244,5.663769779295248,3279.5353100830894,76.79855348160314,143.51457846778692,168.14894942003562,3.0,0.0,9.998274849091086,0.007113734922165104
Day_2024_08_21_Wafer_02,2024-08-21_02,2024-08-21,9,2,3245,3245,False,2244.7828125,30.0,627.7999999523163,597.7999999523163,2990,0.12300000339746475,0.0,132.82492262543644,27.656135582644485,0.3150234127398518,0.052332064435506136,4.101431454463946,0.12780165684860742,71.30038116664804,121.51537472174915,440.5791523765162,254.43367705058242,2.097508323152727,0.03741096690422804,1371.0147455630095,0.03545087690575114,55.04267514844403,0.15456780218419072,10.143010168809157,0.04950870950208955,59.91404760737084,0.07146342153708211,1.352865321221559,0.014680815324312885,14.987041992008885,0.0016203880726665522,4.666596513129397,13.80347725945039,88.96900304647592,7.262225131065212,44.11906277774568,20.607199010596414,567.2736983589504,181.54930984068588,3.2474960302591422,5.560230267235922,28.118077641745476,1.7973458864345941,0.04240762503338,0.006168592141190324,0.21072061085780727,3.321794098100239,2.0,0.0,2791.460535606971,6.235946714684465,3278.7056452007996,76.28247959795536,140.21891640053943,167.18183823158776,3.0,0.0,9.998922211190928,0.007227906994332146
Day_2024_08_21_Wafer_03,2024-08-21_03,2024-08-21,9,3,3246,3246,False,2244.7828125,30.0,628.0,598.0,2991,0.12300000339746475,0.0,132.62042229377238,27.68464697193492,0.32219993397817687,0.06104605857608071,4.130588448035681,0.12432089733308059,71.42165808634417,121.6344215065834,440.23106513402803,254.71570604230263,2.100127016011388,0.03983399777013033,1371.0102616198203,0.030341565761737216,55.02226640707033,0.17909568135212517,10.16609830323847,0.04845417452441195,59.909328598435685,0.0806811102538225,1.3723354424094325,0.011146756850951768,14.987040355188796,0.001607700975792409,4.247939801702369,12.119380731454482,88.50705171723463,7.2624165161943255,44.10418967792558,20.587669423423726,569.3295823240392,181.59195946686535,3.4517291351898742,5.94835137018964,28.21298760644013,1.764566705420847,0.04240046761897606,0.00616882415244094,0.16029614901630346,2.9198690939852385,2.0,0.0,2791.409269475092,5.885437367257303,3279.0126799669843,76.41060307277681,140.69029986407995,167.74435917999827,3.0,0.0,9.999700566989768,0.008349573929361405
Day_2024_08_21_Wafer_04,2024-08-21_04,2024-08-21,9,4,3246,3246,False,2242.7685546875,30.0,628.0,598.0,2991,0.12300000339746475,0.0,132.5993012530634,27.683221643422897,0.31405550036959246,0.07568103053075037,4.1302574545752835,0.13121642629289926,71.3716747953931,121.5489839472513,440.52664502772626,254.40875412471476,2.1094082067021556,0.040045381384806504,1371.0158770990706,0.0365409360536467,55.013373234327005,0.1750056089215231,10.185890911016843,0.03897962361110197,59.90872691316136,0.08041637052174362,1.3358985223486366,0.017381713341845375,14.987060768793196,0.0016058775847361145,4.768876784862543,10.529920250495191,88.29618732604801,7.199641160920655,44.08955792063895,20.589436584590487,570.0316534829913,181.6136755616641,3.393110331276196,5.616716411201448,28.27062892626855,1.7371085625785645,0.042380039703159456,0.006189623754597591,0.1772848886217572,3.0637271992373423,2.0,0.0,2791.2524702199044,6.288642170110423,3277.8069414950583,75.90701073585744,140.5577980068287,168.1516235252294,3.0,0.0,9.999515383269866,0.007697320383270531
Day_2024_08_21_Wafer_05,2024-08-21_05,2024-08-21,9,5,3246,3246,False,2244.5142578125,30.0,628.0,598.0,2991,0.12300000339746475,0.0,132.54654941220858,27.71788697273427,0.2997993987790969,0.07088795273028177,4.114677383603957,0.13074594154502406,71.49179523211099,121.61340670210669,439.8642880453469,254.92912994489762,2.113574041486464,0.038737627650036084,1371.0168464377507,0.037422319813195784,55.017920303727344,0.1927640829915728,10.185890901132556,0.03622323344282517,59.91059917066058,0.07743373010283619,1.3875597993174114,0.01722811817025289,14.987042606255555,0.0015890897607129108,4.368258846120984,9.180091308338962,88.15533083762982,7.226122659494498,44.08810393238737,20.586380512456874,572.2638130761915,181.9537813134479,3.5208932003177593,5.602872477988319,28.32049621255531,1.7127615210285336,0.04239578695051728,0.006229655152400054,0.0872394710988434,2.1333790877841516,2.0,0.0,2791.365438437709,5.597300294207384,3279.69060069205,76.40023198970012,144.1521458129985,168.50847337620576,3.0,0.0,9.999935610244124,0.007657117522950276
Day_2024_08_21_Wafer_06,2024-08-21_06,2024-08-21,9,6,3298,3298,False,2244.7828125,43.40000009536743,638.4000000953674,595.0,2976,0.12300000339746475,0.0,132.56354466497257,27.914041609775897,0.3057661303675794,0.05620040642794657,4.212368957297777,0.11181541435033276,71.59881692293216,121.66086855821798,439.65287789742473,254.94403847267705,2.11930778510468,0.03770993007015325,1371.0118922571983,0.03236525297664413,55.02194230787216,0.2061526877559256,10.189381590453527,0.03080696730670166,59.91572648607274,0.07936228936188548,1.391262143690099,0.016473396076487824,14.987147482813045,0.0015517495419847867,4.383282449937636,8.78659801289799,88.25309136835358,7.438982092623232,44.14739276132276,20.621546841679855,572.8654333391497,179.55706126839763,3.4365318388107324,5.583572361436314,28.34872346411469,1.7277048233625607,0.04240080606134768,0.006203791664306303,0.21535238399300524,3.387765558013001,2.0,0.0,2791.2008066485005,8.139544546745476,3276.3233023202547,76.62674410669776,142.055931323959,168.6284340326519,3.0,0.0,9.999621538705723,0.007821054588636798
Day_2024_08_21_Wafer_07,2024-08-21_07,2024-08-21,9,7,3246,3246,False,2243.70859375,30.0,628.0,598.0,2991,0.12300000339746475,0.0,132.492573165766,27.72905565064988,0.3008024081088346,0.06569809874086943,4.21296556599361,0.10976707302547235,71.38152109280936,121.5192307017456,440.2303662034669,254.61001136877323,2.1116415717776347,0.036340692539466576,1371.0155428443534,0.03622602601404995,55.02136413104874,0.21514426894259095,10.192845052478704,0.02577365010986071,59.90772397045466,0.07483751458171156,1.3605243398847489,0.01744847970362032,14.987021383096128,0.001621165542508084,4.022178339344409,7.945171780989364,87.91789045050088,7.298376205164348,44.05844252869183,20.592570591747254,571.5335721571045,181.43981141304985,3.4701718637730337,5.465750657083266,28.36223239509687,1.699971415030433,0.04236603105787608,0.006221966131676187,0.05213961255307263,1.6468288656220256,2.0,0.0,2791.3743059419144,5.333154965795491,3278.6408206553256,76.36443371313229,144.66808316094625,168.6188251796555,3.0,0.0,10.000083771887052,0.008048278881943805
Day_2024_08_21_Wafer_08,2024-08-21_08,2024-08-21,9,8,3245,3245,False,2244.9171875,30.009999990463257,628.0099999904633,598.0,2991,0.12300000339746475,0.0,132.51971424387196,27.812005140488782,0.32069876479481285,0.048466416630123084,4.258228024843344,0.09565871219080059,71.52812426373804,121.63829851022636,439.9951407274886,254.90318936949646,2.104543595200835,0.034548052689793586,1371.0146403566168,0.03534597840244581,55.02193240870683,0.22246082549044863,10.199999809265137,0.0,59.911000476557845,0.07186690467220445,1.3492756502479264,0.015989673334609107,14.987064844308112,0.0016467803145026364,4.074093473033337,7.734190465590887,88.10434727428031,7.439057059792875,44.06690626421807,20.602650189547695,571.5388760479028,182.39131504009822,3.3956050747293705,5.505195048673488,28.351116776027954,1.715257714986235,0.04239475054760435,0.006272734097450404,0.15652087539065765,2.850333621410379,2.0,0.0,2791.4020285139272,5.3213889955180225,3274.820239200675,75.63077197287322,141.76594737252836,168.71752221648796,3.0,0.0,9.999801585364207,0.007852117624019099
Day_2024_08_21_Wafer_09,2024-08-21_09,2024-08-21,9,9,3193,3193,False,2244.7828125,15.399999856948853,617.5999999046326,602.2000000476837,3012,0.12300000339746475,0.0,132.49055605580608,27.80648476755916,0.6215006656404263,6.730994419534752,4.231195226529363,0.10741052028131302,72.1001092820437,122.02659505685942,438.9322662890888,255.34896216364243,2.1340504916382343,0.03401134411734744,1371.0167953673588,0.03737702941657163,55.01660014781977,0.22758753097904974,10.200497819133014,0.007039400751122042,59.90504728750404,0.07090597928693329,1.3443346727258498,0.010450142460631017,14.98697441792583,0.0018191466159112619,3.7044627318185954,6.967631798747356,88.89071949101381,5.4491410159177525,44.04012412885587,20.724123566364668,570.9354646842319,183.55943025343097,3.451433686868524,9.975176621008801,28.388429974179818,2.0584131762020044,0.04235700493774922,0.006223174224535786,0.14154833278174736,2.7462439577107394,1.99800796812749,0.04458770774023784,2790.671085838936,14.343260233089147,3273.6187831681086,78.006591078059,141.84020560037885,168.08736830616175,3.0,0.0,10.000131567794172,0.00805353825286302
Day_2024_08_21_Wafer_10,2024-08-21_10,2024-08-21,9,10,3245,3245,False,2243.84296875,30.0,628.0099999904633,598.0099999904633,2991,0.12300000339746475,0.0,132.6385843741858,27.86229154740994,0.31440655438933773,0.05369814742706645,4.075493167930126,0.09993450401665036,71.50248726706208,121.61090075554502,439.9589083451405,254.81017866694,2.1118421698844143,0.03402145151520922,1371.0169132886942,0.03748141690064411,55.024974886767644,0.22985467917189642,10.201504328545022,0.012173287298571676,59.91421001565691,0.07218720045544752,1.3834755637900003,0.018053266165155974,14.987088315345817,0.0016236741364488788,3.972028394002095,7.23668585376731,87.76192977045021,7.527551833331702,44.06309528918379,20.597918371275767,570.8452528606326,182.5235255201627,3.342863464709938,5.487349330706832,28.350320908505953,1.7239124982562082,0.04238515514201621,0.006260817999570888,0.17912150784425215,3.0948534242286976,2.0,0.0,2791.32958021199,5.389473432841014,3275.47259747994,75.22709978875602,144.38231531523894,169.4442899800989,3.0,0.0,9.999733568393678,0.007736952925264542
Day_2024_08_22_Wafer_01,2024-08-22_01,2024-08-22,10,1,3194,3194,False,2245.1857421875,15.599999904632568,617.5999999046326,602.0,3011,0.12300000339746475,0.0,133.379062603178,28.25660621832388,0.5484191314553906,6.162183416733577,4.225310534426874,0.1201280558502102,72.29125203039932,122.18557010669981,438.5467371287357,255.7824918476732,2.107439365944408,0.035288667519896,1371.0094629830596,0.029266349750296045,54.72650324740073,0.1864430413674788,10.179840509141652,0.04011883716704301,59.38000731910039,0.10340696123146453,1.5505940821906412,0.029726261979029174,14.98709683875949,0.001834233025549156,4.764049803050639,12.564224042132311,88.04184857954102,5.2957313615815345,44.06046700770575,20.687434611376347,564.0410828832692,183.62968296446053,3.6568847051498423,10.262520649530506,28.081636413629962,2.1729995116511485,0.04235725647085373,0.00616997091650863,0.18249278098631838,3.167272999898865,1.9983394221188975,0.04071634023587357,2791.208859101913,13.280743980841661,3276.8706289827924,78.3823492223209,144.21451371787435,167.94591300772234,3.0,0.0,9.998042307118569,0.006895342263859326
Day_2024_08_22_Wafer_02,2024-08-22_02,2024-08-22,10,2,3298,3298,False,2243.84296875,43.40999984741211,638.4099998474121,595.0,2976,0.12300000339746475,0.0,133.108078678449,28.004186056855254,0.2776545706763363,0.06359901793143344,4.064519514319717,0.12312205405512704,71.7603897980104,121.81391147319589,439.7511141408355,255.04887473333318,2.0941195897758007,0.0417055004229026,1371.0136055484895,0.03427990274982001,54.727487087249756,0.20184924991865463,10.175201612134133,0.05544849702900249,59.40625072807394,0.08186278734741229,1.4438790905699934,0.016223253074031684,14.987212714969472,0.0014926607981986613,4.748930302037988,15.579779581170444,88.91417806101362,7.547024564849475,44.17724987640176,20.6101149101868,567.6547525159774,182.81345856012985,3.2714488588809285,5.643184556960035,28.103241184706327,1.8427476209427789,0.04241297004609219,0.006156122096917223,0.1058815897151988,2.356664426011934,2.0,0.0,2791.4999122209447,8.102033522247629,3279.0620680778256,76.46621275382333,142.31201587953876,168.05708746849683,3.0,0.0,9.999235096798149,0.008362279528416425
Day_2024_08_22_Wafer_03,2024-08-22_03,2024-08-22,10,3,3245,3245,False,2248.13984375,30.0,628.0,598.0,2991,0.12300000339746475,0.0,132.99539906633456,27.880088551327017,0.2519190910716632,0.06977152540372765,4.131293894972781,0.12335400280678002,71.32463719614101,121.4897877568412,440.31798909627963,254.51987661281916,2.1101905508050947,0.03695263984411844,1371.0145735056733,0.03527899801921538,54.714778140012896,0.19066045905414286,10.157706503962164,0.049402253556122426,59.41166908547297,0.07843913937704929,1.4108730431824215,0.014914254158646232,14.98713098166978,0.0015407639655066667,4.777866018531873,14.681825481616778,88.76731103114642,7.2936618481998075,44.123428298812456,20.570569976853527,567.606579779622,182.8909253729127,3.2535577899512043,5.4255188796554235,28.161235753846622,1.7924932248814378,0.04239113964962445,0.006194740540963687,0.10575872693560825,2.3599098444675977,2.0,0.0,2791.529305690509,5.252171265190548,3277.4383420443623,76.47442986847445,141.21657320250242,168.1324020203736,3.0,0.0,9.999280359146388,0.008016436743588552
Day_2024_08_22_Wafer_04,2024-08-22_04,2024-08-22,10,4,3246,3246,False,2243.70859375,30.0,628.0,598.0,2991,0.12300000339746475,0.0,132.9525444741155,27.887626166466056,0.23692410626326943,0.07779926449818951,4.142738220963499,0.12019217936412221,71.329398256725,121.53876055725256,440.24606000934705,254.60848336217376,2.1114443222123698,0.04109815582041792,1371.0143395273712,0.03504255421300559,54.71835534654705,0.19876115051633614,10.180407811709767,0.03969058045300451,59.41307317975451,0.08454415231368623,1.3876908112831716,0.015005557611740035,14.987162601186535,0.0016159722977385042,4.346627536086245,13.857240461436234,88.55998815178114,7.269836995718945,44.135473439463084,20.588621367647033,567.8404045857461,184.53798818054076,3.3089318878996017,5.590422575806976,28.238984951324106,1.762156495179988,0.04240946129240925,0.006234904232495225,0.10728924316691937,2.393883826465059,2.0,0.0,2791.4791345063836,5.210442550597713,3278.0671309174922,77.06672217382894,141.79561897872165,168.445728030217,3.0,0.0,9.999693838978484,0.007866353328511448
Day_2024_08_22_Wafer_05,2024-08-22_05,2024-08-22,10,5,3297,3297,False,2244.380078125,43.40000009536743,638.2000000476837,594.7999999523163,2975,0.12300000339746475,0.0,132.76279932615137,28.026292854370272,0.3078184883021006,0.07013730099279288,4.166786558487836,0.11129229641605222,71.82173788330948,121.86762229575027,439.2696657947733,255.38216888510203,2.116396630551635,0.03972504318920463,1371.0138789636949,0.034567786946160826,54.71156344630137,0.21128035270829976,10.16329413694494,0.048199998427259985,59.41425292199399,0.07318825658964338,1.4983232035356409,0.016402385922347374,14.987121257942263,0.0015783321446205271,4.79917154680781,13.245663930305831,88.51191180671464,7.488668178332363,44.20231663295201,20.61569912531495,570.7752370164375,183.322573430111,3.550307971818858,6.1334464365794625,28.300242634620986,1.7603629078797731,0.04239818440139795,0.006215153479584955,0.15936303916097688,2.895572683950096,2.0,0.0,2791.3679228761816,8.041402271327405,3279.0279651391807,77.0439730363723,145.67723977225168,169.74165435448404,3.0,0.0,9.999451262209595,0.007276452586513285
Day_2024_08_22_Wafer_06,2024-08-22_06,2024-08-22,10,6,3298,3298,False,2244.7828125,43.40000009536743,638.4000000953674,595.0,2976,0.12300000339746475,0.0,132.7529522924013,28.02329228296098,0.31270161411732494,0.05707321467594368,4.195473798019911,0.11907733916949444,71.915792944699,121.83554851820395,439.1828748796095,255.27330356646553,2.123820566842633,0.0385518863761336,1371.012564136136,0.0331398454303635,54.72120343997914,0.21225243732346918,10.192472970613869,0.026382309568210784,59.418851548625575,0.07622734718147707,1.517016862589185,0.01699803024357835,14.987166971929613,0.0015361474864887905,4.199720169267347,12.599774734890786,88.59422807061985,7.505260998841523,44.18658689401483,20.601526240806603,570.0606917514596,180.95693279257037,3.3997219633411175,5.923751171647847,28.333302151131374,1.7349748183509877,0.0423605170311226,0.006170568266039451,0.052710061432212914,1.6594166446630083,2.0,0.0,2791.3296296314525,7.719069681871139,3279.4698059738325,77.10836440187215,146.63360538790303,169.6450210992219,3.0,0.0,9.99965065012696,0.00783994173084651
Day_2024_08_22_Wafer_07,2024-08-22_07,2024-08-22,10,7,3299,3299,False,2244.1115234375,43.60000014305115,638.6000001430511,595.0,2976,0.12300000339746475,0.0,132.75264461642954,27.98099905930171,0.34777553724963717,0.08974102815250887,4.2159240619950396,0.10712183760616384,71.62383049022988,121.76064013870234,439.78348976726176,254.96056422646222,2.1017304715770546,0.03501150492817998,1371.01672978555,0.03731868685287115,54.72164031638894,0.2233408936280507,10.199999809265137,0.0,59.410551999204905,0.06914569176265348,1.5078309544071715,0.01701549361494203,14.987213119704236,0.001562604655639295,4.76841456755515,12.234455937430454,88.56785553007546,7.53193241873582,44.19864663385576,20.616818311321836,571.6718888231503,182.1511181226934,3.47795640592969,5.87433421175213,28.347690761730234,1.7229545429806867,0.04240332617579649,0.00624667177577623,0.159206941563596,2.89276005241333,2.0,0.0,2791.2814638691566,7.7301753988545805,3275.6972397835025,76.3882042660627,143.50568360602983,169.41650030510587,3.0,0.0,9.999390060222277,0.007323395842351038
Day_2024_08_22_Wafer_08,2024-08-22_08,2024-08-22,10,8,3193,3193,False,2244.7828125,15.400000095367432,617.4000000953674,602.0,3011,0.12300000339746475,0.0,132.6863905755597,27.967575563507054,0.5932547331248524,6.742705446415611,4.062710092060592,0.11412421075203755,72.29641954757382,122.20510389343428,438.5221669948584,255.61241533529667,2.109332423161051,0.03713847158142989,1371.0144435004593,0.03514801154953105,54.713384653000844,0.2213380574402612,10.199966602648503,0.010146649590173635,59.40471698959893,0.06619370211864117,1.5285121009263514,0.014414794247483315,14.986928992079802,0.0017829223302408379,4.5684414647893234,10.553028699046338,88.88971693735114,5.0490445995352715,44.08169114585732,20.70952266938611,571.3945709806231,183.5278727033997,3.5412924405681023,9.556486853012899,28.401900340536034,2.040808641860687,0.04234875405621129,0.006234548351066574,0.10282639497461132,2.3017257271802585,1.9980073065426769,0.044595096480535716,2790.6384612216143,14.376780099056857,3277.2565412822255,79.05534257617998,146.2071265097434,168.94641462622326,3.0,0.0,9.99955610720591,0.007905170671177948
Day_2024_08_22_Wafer_09,2024-08-22_09,2024-08-22,10,9,3246,3246,False,2245.0513671875,30.0,628.0,598.0,2991,0.12300000339746475,0.0,132.71562041522108,27.95718730534206,0.30180876002846574,0.07949547209201475,4.053403570834549,0.10213851789797311,71.25458016026975,121.45056185120704,440.4315197447079,254.51620956674847,2.1022299799541293,0.03328063545049497,1371.013002508502,0.03362838352947217,54.717519684246014,0.22910996544522222,10.20197242576117,0.026612886283020804,59.40210706149005,0.08591297504328417,1.4285388836610362,0.016047234514247645,14.98710280921857,0.0015691927382152423,4.519606570502421,10.380499924486603,88.43669589551864,7.311637909370468,44.1415036755316,20.621106899022983,572.098264683373,183.88371842839152,3.3576176381445437,5.332591950586692,28.359265246147377,1.6848012362925957,0.0424003004840946,0.006279866921168638,0.1407565490253312,2.7186648861054605,2.0,0.0,2791.2539865690824,5.4741268341583655,3276.269537127006,76.06790629711385,145.2178653479818,169.36399485214267,3.0,0.0,9.999048705564936,0.0068921253140959765
Day_2024_08_22_Wafer_10,2024-08-22_10,2024-08-22,10,10,3246,3246,False,2245.85703125,30.0,628.0,598.0,2991,0.12300000339746475,0.0,132.79581954494364,27.90955126351082,0.22042795070093618,0.07704126743767113,4.242032770487187,0.09797284044242084,71.38687029403464,121.5004486228682,440.27366930782415,254.59124479122195,2.097756563441405,0.038586071188033366,1371.015108313221,0.035807839063629936,54.714142994831256,0.21285315709277847,10.190738774270606,0.03797549958989412,59.40989703424238,0.0782349218637623,1.4341071084445633,0.01417476654676785,14.987065257853946,0.0015748502645782307,4.427918405446748,10.65478753234039,88.4737701524424,7.283992273249192,44.11655631235952,20.59360229927027,571.2782821935859,183.15670252584775,3.328507210446546,5.126039479979535,28.35648378150912,1.6808783236800315,0.0423987625519873,0.006274298647175646,0.07137311082825298,1.9510335240453864,2.0,0.0,2791.247924029249,5.5589770986761895,3273.943916139695,75.26140981596929,142.96175062166174,169.12326353694505,3.0,0.0,9.999584744822338,0.008089062909733104
