feature,experiment_key,lot_number,wafer_number,process_mean,expected_from_sequence,residual,sequence_slope,valid_lot
Stat3_Etch_MV_EpdIntensity,2024-07-02_01,1,1,0.1230000033974647,0.12300000339746471,0.0,0.0,False
Stat3_Etch_MV_EpdIntensity,2024-07-02_02,1,2,0.1230000033974647,0.12300000339746471,0.0,0.0,False
Stat3_Etch_MV_EpdIntensity,2024-07-02_03,1,3,0.1230000033974647,0.12300000339746471,0.0,0.0,False
Stat3_Etch_MV_EpdIntensity,2024-07-02_04,1,4,0.1230000033974647,0.12300000339746471,0.0,0.0,False
Stat3_Etch_MV_EpdIntensity,2024-07-02_05,1,5,0.1230000033974647,0.12300000339746471,0.0,0.0,False
Stat3_Etch_MV_EpdIntensity,2024-07-02_06,1,6,0.1230000033974647,0.12300000339746471,0.0,0.0,False
Stat3_Etch_MV_EpdIntensity,2024-07-02_07,1,7,0.1230000033974647,0.12300000339746471,0.0,0.0,False
Stat3_Etch_MV_EpdIntensity,2024-07-02_08,1,8,0.1230000033974647,0.12300000339746471,0.0,0.0,False
Stat3_Etch_MV_EpdIntensity,2024-07-02_09,1,9,0.1230000033974647,0.12300000339746471,0.0,0.0,False
Stat3_Etch_MV_EpdIntensity,2024-07-02_10,1,10,0.1230000033974647,0.12300000339746471,0.0,0.0,False
Stat3_Etch_MV_EpdIntensity,2024-07-05_01,2,1,0.1230000033974647,0.12300000339746471,0.0,0.0,False
Stat3_Etch_MV_EpdIntensity,2024-07-05_02,2,2,0.1230000033974647,0.12300000339746471,0.0,0.0,False
Stat3_Etch_MV_EpdIntensity,2024-07-05_03,2,3,0.1230000033974647,0.12300000339746471,0.0,0.0,False
Stat3_Etch_MV_EpdIntensity,2024-07-05_04,2,4,0.1230000033974647,0.12300000339746471,0.0,0.0,False
Stat3_Etch_MV_EpdIntensity,2024-07-05_05,2,5,0.1230000033974647,0.12300000339746471,0.0,0.0,False
Stat3_Etch_MV_EpdIntensity,2024-07-05_06,2,6,0.1230000033974647,0.12300000339746471,0.0,0.0,False
Stat3_Etch_MV_EpdIntensity,2024-07-05_07,2,7,0.1230000033974647,0.12300000339746471,0.0,0.0,False
Stat3_Etch_MV_EpdIntensity,2024-07-05_08,2,8,0.1230000033974647,0.12300000339746471,0.0,0.0,False
Stat3_Etch_MV_EpdIntensity,2024-07-05_09,2,9,0.1230000033974647,0.12300000339746471,0.0,0.0,False
Stat3_Etch_MV_EpdIntensity,2024-07-05_10,2,10,0.1230000033974647,0.12300000339746471,0.0,0.0,False
Stat3_Etch_MV_EpdIntensity,2024-07-09_01,3,1,0.1230000033974647,0.12300000339746471,0.0,0.0,False
Stat3_Etch_MV_EpdIntensity,2024-07-09_02,3,2,0.1230000033974647,0.12300000339746471,0.0,0.0,False
Stat3_Etch_MV_EpdIntensity,2024-07-09_03,3,3,0.1230000033974647,0.12300000339746471,0.0,0.0,False
Stat3_Etch_MV_EpdIntensity,2024-07-09_04,3,4,0.1230000033974647,0.12300000339746471,0.0,0.0,False
Stat3_Etch_MV_EpdIntensity,2024-07-09_05,3,5,0.1230000033974647,0.12300000339746471,0.0,0.0,False
Stat3_Etch_MV_EpdIntensity,2024-07-09_06,3,6,0.1230000033974647,0.12300000339746471,0.0,0.0,False
Stat3_Etch_MV_EpdIntensity,2024-07-09_07,3,7,0.1230000033974647,0.12300000339746471,0.0,0.0,False
Stat3_Etch_MV_EpdIntensity,2024-07-09_08,3,8,0.1230000033974647,0.12300000339746471,0.0,0.0,False
Stat3_Etch_MV_EpdIntensity,2024-07-09_09,3,9,0.1230000033974647,0.12300000339746471,0.0,0.0,False
Stat3_Etch_MV_EpdIntensity,2024-07-09_10,3,10,0.1230000033974647,0.12300000339746471,0.0,0.0,False
Stat3_Etch_MV_EpdIntensity,2024-07-11_01,4,1,0.1230000033974647,0.12300000339746471,0.0,0.0,False
Stat3_Etch_MV_EpdIntensity,2024-07-11_02,4,2,0.1230000033974647,0.12300000339746471,0.0,0.0,False
Stat3_Etch_MV_EpdIntensity,2024-07-11_03,4,3,0.1230000033974647,0.12300000339746471,0.0,0.0,False
Stat3_Etch_MV_EpdIntensity,2024-07-11_04,4,4,0.1230000033974647,0.12300000339746471,0.0,0.0,False
Stat3_Etch_MV_EpdIntensity,2024-07-11_05,4,5,0.1230000033974647,0.12300000339746471,0.0,0.0,False
Stat3_Etch_MV_EpdIntensity,2024-07-11_06,4,6,0.1230000033974647,0.12300000339746471,0.0,0.0,False
Stat3_Etch_MV_EpdIntensity,2024-07-11_07,4,7,0.1230000033974647,0.12300000339746471,0.0,0.0,False
Stat3_Etch_MV_EpdIntensity,2024-07-11_08,4,8,0.1230000033974647,0.12300000339746471,0.0,0.0,False
Stat3_Etch_MV_EpdIntensity,2024-07-11_09,4,9,0.1230000033974647,0.12300000339746471,0.0,0.0,False
Stat3_Etch_MV_EpdIntensity,2024-07-11_10,4,10,0.1230000033974647,0.12300000339746471,0.0,0.0,False
Stat3_Etch_MV_EpdIntensity,2024-07-19_01,5,1,0.1230000033974647,0.12300000339746471,0.0,0.0,False
Stat3_Etch_MV_EpdIntensity,2024-07-19_02,5,2,0.1230000033974647,0.12300000339746471,0.0,0.0,False
Stat3_Etch_MV_EpdIntensity,2024-07-19_03,5,3,0.1230000033974647,0.12300000339746471,0.0,0.0,False
Stat3_Etch_MV_EpdIntensity,2024-07-19_04,5,4,0.1230000033974647,0.12300000339746471,0.0,0.0,False
Stat3_Etch_MV_EpdIntensity,2024-07-19_05,5,5,0.1230000033974647,0.12300000339746471,0.0,0.0,False
Stat3_Etch_MV_EpdIntensity,2024-07-19_06,5,6,0.1230000033974647,0.12300000339746471,0.0,0.0,False
Stat3_Etch_MV_EpdIntensity,2024-07-19_07,5,7,0.1230000033974647,0.12300000339746471,0.0,0.0,False
Stat3_Etch_MV_EpdIntensity,2024-07-19_08,5,8,0.1230000033974647,0.12300000339746471,0.0,0.0,False
Stat3_Etch_MV_EpdIntensity,2024-07-19_09,5,9,0.1230000033974647,0.12300000339746471,0.0,0.0,False
Stat3_Etch_MV_EpdIntensity,2024-07-19_10,5,10,0.1230000033974647,0.12300000339746471,0.0,0.0,False
Stat3_Etch_MV_EpdIntensity,2024-08-01_01,6,1,0.1230000033974647,0.12300000339746471,0.0,0.0,False
Stat3_Etch_MV_EpdIntensity,2024-08-01_02,6,2,0.1230000033974647,0.12300000339746471,0.0,0.0,False
Stat3_Etch_MV_EpdIntensity,2024-08-01_03,6,3,0.1230000033974647,0.12300000339746471,0.0,0.0,False
Stat3_Etch_MV_EpdIntensity,2024-08-01_04,6,4,0.1230000033974647,0.12300000339746471,0.0,0.0,False
Stat3_Etch_MV_EpdIntensity,2024-08-01_05,6,5,0.1230000033974647,0.12300000339746471,0.0,0.0,False
Stat3_Etch_MV_EpdIntensity,2024-08-01_06,6,6,0.1230000033974647,0.12300000339746471,0.0,0.0,False
Stat3_Etch_MV_EpdIntensity,2024-08-01_07,6,7,0.1230000033974647,0.12300000339746471,0.0,0.0,False
Stat3_Etch_MV_EpdIntensity,2024-08-01_08,6,8,0.1230000033974647,0.12300000339746471,0.0,0.0,False
Stat3_Etch_MV_EpdIntensity,2024-08-01_09,6,9,0.1230000033974647,0.12300000339746471,0.0,0.0,False
Stat3_Etch_MV_EpdIntensity,2024-08-01_10,6,10,0.1230000033974647,0.12300000339746471,0.0,0.0,False
Stat3_Etch_MV_EpdIntensity,2024-08-05_01,7,1,0.1230000033974647,0.12300000339746471,0.0,0.0,False
Stat3_Etch_MV_EpdIntensity,2024-08-05_02,7,2,0.1230000033974647,0.12300000339746471,0.0,0.0,False
Stat3_Etch_MV_EpdIntensity,2024-08-05_03,7,3,0.1230000033974647,0.12300000339746471,0.0,0.0,False
Stat3_Etch_MV_EpdIntensity,2024-08-05_04,7,4,0.1230000033974647,0.12300000339746471,0.0,0.0,False
Stat3_Etch_MV_EpdIntensity,2024-08-05_05,7,5,0.1230000033974647,0.12300000339746471,0.0,0.0,False
Stat3_Etch_MV_EpdIntensity,2024-08-05_06,7,6,0.1230000033974647,0.12300000339746471,0.0,0.0,False
Stat3_Etch_MV_EpdIntensity,2024-08-07_01,8,1,0.1230000033974647,0.12300000339746471,0.0,0.0,False
Stat3_Etch_MV_EpdIntensity,2024-08-07_02,8,2,0.1230000033974647,0.12300000339746471,0.0,0.0,False
Stat3_Etch_MV_EpdIntensity,2024-08-07_03,8,3,0.1230000033974647,0.12300000339746471,0.0,0.0,False
Stat3_Etch_MV_EpdIntensity,2024-08-07_04,8,4,0.1230000033974647,0.12300000339746471,0.0,0.0,False
Stat3_Etch_MV_EpdIntensity,2024-08-07_05,8,5,0.1230000033974647,0.12300000339746471,0.0,0.0,False
Stat3_Etch_MV_EpdIntensity,2024-08-07_06,8,6,0.1230000033974647,0.12300000339746471,0.0,0.0,False
Stat3_Etch_MV_EpdIntensity,2024-08-07_07,8,7,0.1230000033974647,0.12300000339746471,0.0,0.0,False
Stat3_Etch_MV_EpdIntensity,2024-08-07_08,8,8,0.1230000033974647,0.12300000339746471,0.0,0.0,False
Stat3_Etch_MV_EpdIntensity,2024-08-07_09,8,9,0.1230000033974647,0.12300000339746471,0.0,0.0,False
Stat3_Etch_MV_EpdIntensity,2024-08-07_10,8,10,0.1230000033974647,0.12300000339746471,0.0,0.0,False
Stat3_Etch_MV_EpdIntensity,2024-08-21_01,9,1,0.1230000033974647,0.12300000339746471,0.0,0.0,False
Stat3_Etch_MV_EpdIntensity,2024-08-21_02,9,2,0.1230000033974647,0.12300000339746471,0.0,0.0,False
Stat3_Etch_MV_EpdIntensity,2024-08-21_03,9,3,0.1230000033974647,0.12300000339746471,0.0,0.0,False
Stat3_Etch_MV_EpdIntensity,2024-08-21_04,9,4,0.1230000033974647,0.12300000339746471,0.0,0.0,False
Stat3_Etch_MV_EpdIntensity,2024-08-21_05,9,5,0.1230000033974647,0.12300000339746471,0.0,0.0,False
Stat3_Etch_MV_EpdIntensity,2024-08-21_06,9,6,0.1230000033974647,0.12300000339746471,0.0,0.0,False
Stat3_Etch_MV_EpdIntensity,2024-08-21_07,9,7,0.1230000033974647,0.12300000339746471,0.0,0.0,False
Stat3_Etch_MV_EpdIntensity,2024-08-21_08,9,8,0.1230000033974647,0.12300000339746471,0.0,0.0,False
Stat3_Etch_MV_EpdIntensity,2024-08-21_09,9,9,0.1230000033974647,0.12300000339746471,0.0,0.0,False
Stat3_Etch_MV_EpdIntensity,2024-08-21_10,9,10,0.1230000033974647,0.12300000339746471,0.0,0.0,False
Stat3_Etch_MV_EpdIntensity,2024-08-22_01,10,1,0.1230000033974647,0.12300000339746471,0.0,0.0,False
Stat3_Etch_MV_EpdIntensity,2024-08-22_02,10,2,0.1230000033974647,0.12300000339746471,0.0,0.0,False
Stat3_Etch_MV_EpdIntensity,2024-08-22_03,10,3,0.1230000033974647,0.12300000339746471,0.0,0.0,False
Stat3_Etch_MV_EpdIntensity,2024-08-22_04,10,4,0.1230000033974647,0.12300000339746471,0.0,0.0,False
Stat3_Etch_MV_EpdIntensity,2024-08-22_05,10,5,0.1230000033974647,0.12300000339746471,0.0,0.0,False
Stat3_Etch_MV_EpdIntensity,2024-08-22_06,10,6,0.1230000033974647,0.12300000339746471,0.0,0.0,False
Stat3_Etch_MV_EpdIntensity,2024-08-22_07,10,7,0.1230000033974647,0.12300000339746471,0.0,0.0,False
Stat3_Etch_MV_EpdIntensity,2024-08-22_08,10,8,0.1230000033974647,0.12300000339746471,0.0,0.0,False
Stat3_Etch_MV_EpdIntensity,2024-08-22_09,10,9,0.1230000033974647,0.12300000339746471,0.0,0.0,False
Stat3_Etch_MV_EpdIntensity,2024-08-22_10,10,10,0.1230000033974647,0.12300000339746471,0.0,0.0,False
Stat3_Etch_MV_ForeLinePressure,2024-07-02_01,1,1,133.4037536499891,133.06380525329018,0.3399483966989294,-0.05839802726286021,True
Stat3_Etch_MV_ForeLinePressure,2024-07-02_02,1,2,132.95497325094797,133.00540722602733,-0.05043397507935765,-0.05839802726286021,True
Stat3_Etch_MV_ForeLinePressure,2024-07-02_03,1,3,132.9272400222467,132.94700919876445,-0.019769176517741016,-0.05839802726286021,True
Stat3_Etch_MV_ForeLinePressure,2024-07-02_04,1,4,132.65593026625754,132.8886111715016,-0.23268090524405238,-0.05839802726286021,True
Stat3_Etch_MV_ForeLinePressure,2024-07-02_05,1,5,132.60800120826528,132.83021314423874,-0.222211935973462,-0.05839802726286021,True
Stat3_Etch_MV_ForeLinePressure,2024-07-02_06,1,6,132.84530616627617,132.7718151169759,0.07349104930028716,-0.05839802726286021,True
Stat3_Etch_MV_ForeLinePressure,2024-07-02_07,1,7,132.64225769298048,132.713417089713,-0.07115939673252569,-0.05839802726286021,True
Stat3_Etch_MV_ForeLinePressure,2024-07-02_08,1,8,132.46766737929914,132.65501906245015,-0.18735168315100736,-0.05839802726286021,True
Stat3_Etch_MV_ForeLinePressure,2024-07-02_09,1,9,132.88030397178576,132.5966210351873,0.283682936598467,-0.05839802726286021,True
Stat3_Etch_MV_ForeLinePressure,2024-07-02_10,1,10,132.6247076980249,132.53822300792444,0.08648469010046256,-0.05839802726286021,True
Stat3_Etch_MV_ForeLinePressure,2024-07-05_01,2,1,133.39946660644634,133.1157067290129,0.28375987743342534,-0.06289786320703201,True
Stat3_Etch_MV_ForeLinePressure,2024-07-05_02,2,2,133.02009131285865,133.0528088658059,-0.032717552947246986,-0.06289786320703201,True
Stat3_Etch_MV_ForeLinePressure,2024-07-05_03,2,3,132.8588769167253,132.98991100259886,-0.13103408587355148,-0.06289786320703201,True
Stat3_Etch_MV_ForeLinePressure,2024-07-05_04,2,4,132.82791529099146,132.92701313939182,-0.09909784840036195,-0.06289786320703201,True
Stat3_Etch_MV_ForeLinePressure,2024-07-05_05,2,5,132.8219403541435,132.8641152761848,-0.0421749220413119,-0.06289786320703201,True
Stat3_Etch_MV_ForeLinePressure,2024-07-05_06,2,6,132.6624603647725,132.80121741297776,-0.1387570482052638,-0.06289786320703201,True
Stat3_Etch_MV_ForeLinePressure,2024-07-05_07,2,7,132.7705150184644,132.73831954977072,0.03219546869368628,-0.06289786320703201,True
Stat3_Etch_MV_ForeLinePressure,2024-07-05_08,2,8,132.56549298571002,132.6754216865637,-0.10992870085368622,-0.06289786320703201,True
Stat3_Etch_MV_ForeLinePressure,2024-07-05_09,2,9,132.72142484020628,132.61252382335667,0.10890101684961451,-0.06289786320703201,True
Stat3_Etch_MV_ForeLinePressure,2024-07-05_10,2,10,132.67847975549472,132.54962596014963,0.1288537953450941,-0.06289786320703201,True
Stat3_Etch_MV_ForeLinePressure,2024-07-09_01,3,1,134.55295557068646,134.3277753662424,0.22518020444405806,-0.0634299864629203,True
Stat3_Etch_MV_ForeLinePressure,2024-07-09_02,3,2,134.27600672680845,134.26434537977948,0.011661347028962155,-0.0634299864629203,True
Stat3_Etch_MV_ForeLinePressure,2024-07-09_03,3,3,134.13124704249364,134.20091539331656,-0.06966835082292278,-0.0634299864629203,True
Stat3_Etch_MV_ForeLinePressure,2024-07-09_04,3,4,134.00074474152336,134.13748540685364,-0.1367406653302794,-0.0634299864629203,True
Stat3_Etch_MV_ForeLinePressure,2024-07-09_05,3,5,133.9661242116495,134.07405542039072,-0.10793120874123474,-0.0634299864629203,True
Stat3_Etch_MV_ForeLinePressure,2024-07-09_06,3,6,133.93421823673128,134.0106254339278,-0.07640719719651656,-0.0634299864629203,True
Stat3_Etch_MV_ForeLinePressure,2024-07-09_07,3,7,133.95135184769646,133.94719544746488,0.004156400231579482,-0.0634299864629203,True
Stat3_Etch_MV_ForeLinePressure,2024-07-09_08,3,8,133.87860966207032,133.88376546100196,-0.0051557989316393105,-0.0634299864629203,True
Stat3_Etch_MV_ForeLinePressure,2024-07-09_09,3,9,133.85167253571424,133.82033547453904,0.03133706117520774,-0.0634299864629203,True
Stat3_Etch_MV_ForeLinePressure,2024-07-09_10,3,10,133.88047369621896,133.75690548807611,0.1235682081428422,-0.0634299864629203,True
Stat3_Etch_MV_ForeLinePressure,2024-07-11_01,4,1,134.52173313636996,134.22754721072386,0.29418592564610435,-0.05962943947455862,True
Stat3_Etch_MV_ForeLinePressure,2024-07-11_02,4,2,134.1972632833804,134.16791777124928,0.02934551213112968,-0.05962943947455862,True
Stat3_Etch_MV_ForeLinePressure,2024-07-11_03,4,3,133.96916174912366,134.10828833177473,-0.13912658265107325,-0.05962943947455862,True
Stat3_Etch_MV_ForeLinePressure,2024-07-11_04,4,4,133.88075230584738,134.04865889230018,-0.16790658645280132,-0.05962943947455862,True
Stat3_Etch_MV_ForeLinePressure,2024-07-11_05,4,5,133.79701592849386,133.9890294528256,-0.1920135243317418,-0.05962943947455862,True
Stat3_Etch_MV_ForeLinePressure,2024-07-11_06,4,6,133.97360366150434,133.92940001335106,0.04420364815328526,-0.05962943947455862,True
Stat3_Etch_MV_ForeLinePressure,2024-07-11_07,4,7,133.8482756537776,133.86977057387648,-0.021494920098888315,-0.05962943947455862,True
Stat3_Etch_MV_ForeLinePressure,2024-07-11_08,4,8,133.78807956941665,133.81014113440193,-0.022061564985278892,-0.05962943947455862,True
Stat3_Etch_MV_ForeLinePressure,2024-07-11_09,4,9,133.7412607836506,133.75051169492738,-0.009250911276780016,-0.05962943947455862,True
Stat3_Etch_MV_ForeLinePressure,2024-07-11_10,4,10,133.87500125931885,133.6908822554528,0.1841190038660443,-0.05962943947455862,True
Stat3_Etch_MV_ForeLinePressure,2024-07-19_01,5,1,134.6649497919982,134.4882291044484,0.1767206875497891,-0.03437057411119754,True
Stat3_Etch_MV_ForeLinePressure,2024-07-19_02,5,2,134.44681918363312,134.45385853033721,-0.007039346704090121,-0.03437057411119754,True
Stat3_Etch_MV_ForeLinePressure,2024-07-19_03,5,3,134.35776359203547,134.41948795622602,-0.06172436419055316,-0.03437057411119754,True
Stat3_Etch_MV_ForeLinePressure,2024-07-19_04,5,4,134.297644403673,134.3851173821148,-0.08747297844180935,-0.03437057411119754,True
Stat3_Etch_MV_ForeLinePressure,2024-07-19_05,5,5,134.28521834791306,134.3507468080036,-0.06552846009054747,-0.03437057411119754,True
Stat3_Etch_MV_ForeLinePressure,2024-07-19_06,5,6,134.230526442354,134.3163762338924,-0.08584979153840777,-0.03437057411119754,True
Stat3_Etch_MV_ForeLinePressure,2024-07-19_07,5,7,134.29358397929894,134.28200565978122,0.011578319517724367,-0.03437057411119754,True
Stat3_Etch_MV_ForeLinePressure,2024-07-19_08,5,8,134.31450094964663,134.24763508567003,0.06686586397660221,-0.03437057411119754,True
Stat3_Etch_MV_ForeLinePressure,2024-07-19_09,5,9,134.1385762973294,134.21326451155883,-0.07468821422943961,-0.03437057411119754,True
Stat3_Etch_MV_ForeLinePressure,2024-07-19_10,5,10,134.30603222159868,134.1788939374476,0.12713828415107287,-0.03437057411119754,True
Stat3_Etch_MV_ForeLinePressure,2024-08-01_01,6,1,134.56150255151974,134.3346093874713,0.22689316404844817,-0.062460649365302275,True
Stat3_Etch_MV_ForeLinePressure,2024-08-01_02,6,2,134.29787484873896,134.27214873810598,0.025726110632973587,-0.062460649365302275,True
Stat3_Etch_MV_ForeLinePressure,2024-08-01_03,6,3,134.16236749647135,134.20968808874068,-0.04732059226932961,-0.062460649365302275,True
Stat3_Etch_MV_ForeLinePressure,2024-08-01_04,6,4,134.0171724304791,134.1472274393754,-0.1300550088963064,-0.062460649365302275,True
Stat3_Etch_MV_ForeLinePressure,2024-08-01_05,6,5,134.0565576422617,134.0847667900101,-0.028209147748384567,-0.062460649365302275,True
Stat3_Etch_MV_ForeLinePressure,2024-08-01_06,6,6,133.81643196105958,134.0223061406448,-0.2058741795852086,-0.062460649365302275,True
Stat3_Etch_MV_ForeLinePressure,2024-08-01_07,6,7,133.89839593198118,133.95984549127948,-0.06144955929829621,-0.062460649365302275,True
Stat3_Etch_MV_ForeLinePressure,2024-08-01_08,6,8,133.9030978140007,133.89738484191417,0.005712972086513446,-0.062460649365302275,True
Stat3_Etch_MV_ForeLinePressure,2024-08-01_09,6,9,133.83611622111854,133.83492419254887,0.0011920285696760402,-0.062460649365302275,True
Stat3_Etch_MV_ForeLinePressure,2024-08-01_10,6,10,133.98584775564385,133.77246354318356,0.2133842124602836,-0.062460649365302275,True
Stat3_Etch_MV_ForeLinePressure,2024-08-05_01,7,1,133.8099867192399,133.65395988069176,0.1560268385481436,-0.11394315089950663,True
Stat3_Etch_MV_ForeLinePressure,2024-08-05_02,7,2,133.4753692024968,133.54001672979226,-0.06464752729544898,-0.11394315089950663,True
Stat3_Etch_MV_ForeLinePressure,2024-08-05_03,7,3,133.3179960097036,133.42607357889273,-0.10807756918913469,-0.11394315089950663,True
Stat3_Etch_MV_ForeLinePressure,2024-08-05_04,7,4,133.19273362690612,133.31213042799322,-0.11939680108710604,-0.11394315089950663,True
Stat3_Etch_MV_ForeLinePressure,2024-08-05_05,7,5,133.23966950327608,133.19818727709372,0.04148222618235309,-0.11394315089950663,True
Stat3_Etch_MV_ForeLinePressure,2024-08-05_06,7,6,133.17885695903527,133.08424412619422,0.09461283284105093,-0.11394315089950663,True
Stat3_Etch_MV_ForeLinePressure,2024-08-07_01,8,1,134.41167888205538,134.10675263696294,0.3049262450924459,-0.04965947404662903,True
Stat3_Etch_MV_ForeLinePressure,2024-08-07_02,8,2,133.98702783087722,134.0570931629163,-0.07006533203906429,-0.04965947404662903,True
Stat3_Etch_MV_ForeLinePressure,2024-08-07_03,8,3,133.84474507307806,134.00743368886967,-0.16268861579160898,-0.04965947404662903,True
Stat3_Etch_MV_ForeLinePressure,2024-08-07_04,8,4,133.81269521021358,133.95777421482305,-0.14507900460947099,-0.04965947404662903,True
Stat3_Etch_MV_ForeLinePressure,2024-08-07_05,8,5,133.8716712729742,133.90811474077643,-0.03644346780222918,-0.04965947404662903,True
Stat3_Etch_MV_ForeLinePressure,2024-08-07_06,8,6,133.8206018785968,133.85845526672978,-0.03785338813298722,-0.04965947404662903,True
Stat3_Etch_MV_ForeLinePressure,2024-08-07_07,8,7,133.92595351144885,133.80879579268316,0.11715771876569647,-0.04965947404662903,True
Stat3_Etch_MV_ForeLinePressure,2024-08-07_08,8,8,133.691545497219,133.75913631863654,-0.06759082141752515,-0.04965947404662903,True
Stat3_Etch_MV_ForeLinePressure,2024-08-07_09,8,9,133.6522970113496,133.7094768445899,-0.05717983324029774,-0.04965947404662903,True
Stat3_Etch_MV_ForeLinePressure,2024-08-07_10,8,10,133.81463386971828,133.65981737054327,0.15481649917501272,-0.04965947404662903,True
Stat3_Etch_MV_ForeLinePressure,2024-08-21_01,9,1,133.1434786295811,132.85372858671914,0.2897500428619537,-0.04661420330060804,True
Stat3_Etch_MV_ForeLinePressure,2024-08-21_02,9,2,132.82492262543644,132.80711438341854,0.01780824201790665,-0.04661420330060804,True
Stat3_Etch_MV_ForeLinePressure,2024-08-21_03,9,3,132.62042229377238,132.76050018011793,-0.1400778863455514,-0.04661420330060804,True
Stat3_Etch_MV_ForeLinePressure,2024-08-21_04,9,4,132.5993012530634,132.71388597681732,-0.11458472375392148,-0.04661420330060804,True
Stat3_Etch_MV_ForeLinePressure,2024-08-21_05,9,5,132.54654941220858,132.66727177351672,-0.12072236130813963,-0.04661420330060804,True
Stat3_Etch_MV_ForeLinePressure,2024-08-21_06,9,6,132.56354466497257,132.6206575702161,-0.0571129052435424,-0.04661420330060804,True
Stat3_Etch_MV_ForeLinePressure,2024-08-21_07,9,7,132.492573165766,132.5740433669155,-0.0814702011495001,-0.04661420330060804,True
Stat3_Etch_MV_ForeLinePressure,2024-08-21_08,9,8,132.51971424387196,132.5274291636149,-0.007714919742937809,-0.04661420330060804,True
Stat3_Etch_MV_ForeLinePressure,2024-08-21_09,9,9,132.49055605580608,132.4808149603143,0.009741095491790475,-0.04661420330060804,True
Stat3_Etch_MV_ForeLinePressure,2024-08-21_10,9,10,132.6385843741858,132.43420075701366,0.20438361717214093,-0.04661420330060804,True
Stat3_Etch_MV_ForeLinePressure,2024-08-22_01,10,1,133.379062603178,133.16697618911616,0.2120864140618437,-0.0615211177417355,True
Stat3_Etch_MV_ForeLinePressure,2024-08-22_02,10,2,133.108078678449,133.10545507137442,0.0026236070745824236,-0.0615211177417355,True
Stat3_Etch_MV_ForeLinePressure,2024-08-22_03,10,3,132.99539906633456,133.0439339536327,-0.048534887298131935,-0.0615211177417355,True
Stat3_Etch_MV_ForeLinePressure,2024-08-22_04,10,4,132.9525444741155,132.98241283589095,-0.029868361775442054,-0.0615211177417355,True
Stat3_Etch_MV_ForeLinePressure,2024-08-22_05,10,5,132.76279932615137,132.92089171814922,-0.15809239199785452,-0.0615211177417355,True
Stat3_Etch_MV_ForeLinePressure,2024-08-22_06,10,6,132.7529522924013,132.8593706004075,-0.106418308006198,-0.0615211177417355,True
Stat3_Etch_MV_ForeLinePressure,2024-08-22_07,10,7,132.75264461642954,132.79784948266575,-0.04520486623621878,-0.0615211177417355,True
Stat3_Etch_MV_ForeLinePressure,2024-08-22_08,10,8,132.6863905755597,132.736328364924,-0.04993778936429294,-0.0615211177417355,True
Stat3_Etch_MV_ForeLinePressure,2024-08-22_09,10,9,132.71562041522108,132.67480724718226,0.04081316803882373,-0.0615211177417355,True
Stat3_Etch_MV_ForeLinePressure,2024-08-22_10,10,10,132.79581954494364,132.61328612944052,0.18253341550311575,-0.0615211177417355,True
Stat3_Etch_MV_Gas1Flow,2024-07-02_01,1,1,0.223966555561509,0.23296696191369032,-0.009000406352181328,0.0022333554214193406,True
Stat3_Etch_MV_Gas1Flow,2024-07-02_02,1,2,0.232389113340672,0.23520031733510965,-0.0028112039944376555,0.0022333554214193406,True
Stat3_Etch_MV_Gas1Flow,2024-07-02_03,1,3,0.2060113678496693,0.237433672756529,-0.03142230490685968,0.0022333554214193406,True
Stat3_Etch_MV_Gas1Flow,2024-07-02_04,1,4,0.2517586097268208,0.23966702817794835,0.012091581548872438,0.0022333554214193406,True
Stat3_Etch_MV_Gas1Flow,2024-07-02_05,1,5,0.2856403370251675,0.2419003835993677,0.04373995342579981,0.0022333554214193406,True
Stat3_Etch_MV_Gas1Flow,2024-07-02_06,1,6,0.2569575400892875,0.24413373902078703,0.012823801068500479,0.0022333554214193406,True
Stat3_Etch_MV_Gas1Flow,2024-07-02_07,1,7,0.2584386496256323,0.24636709444220636,0.012071555183425925,0.0022333554214193406,True
Stat3_Etch_MV_Gas1Flow,2024-07-02_08,1,8,0.2443899166070613,0.2486004498636257,-0.004210533256564397,0.0022333554214193406,True
Stat3_Etch_MV_Gas1Flow,2024-07-02_09,1,9,0.2039451690248096,0.25083380528504506,-0.046888636260235456,0.0022333554214193406,True
Stat3_Etch_MV_Gas1Flow,2024-07-02_10,1,10,0.2666733542501438,0.2530671607064644,0.013606193543679423,0.0022333554214193406,True
Stat3_Etch_MV_Gas1Flow,2024-07-05_01,2,1,0.206110367834269,0.23006636249105222,-0.02395599465678322,0.00932431052531539,True
Stat3_Etch_MV_Gas1Flow,2024-07-05_02,2,2,0.2118789706521162,0.2393906730163676,-0.027511702364251406,0.00932431052531539,True
Stat3_Etch_MV_Gas1Flow,2024-07-05_03,2,3,0.2324506859586206,0.24871498354168298,-0.016264297583062387,0.00932431052531539,True
Stat3_Etch_MV_Gas1Flow,2024-07-05_04,2,4,0.2926411298034783,0.2580392940669984,0.0346018357364799,0.00932431052531539,True
Stat3_Etch_MV_Gas1Flow,2024-07-05_05,2,5,0.2718054167378291,0.2673636045923138,0.0044418121455153114,0.00932431052531539,True
Stat3_Etch_MV_Gas1Flow,2024-07-05_06,2,6,0.3086258783470683,0.27668791511762914,0.03193796322943915,0.00932431052531539,True
Stat3_Etch_MV_Gas1Flow,2024-07-05_07,2,7,0.3344132397815819,0.28601222564294454,0.048401014138637344,0.00932431052531539,True
Stat3_Etch_MV_Gas1Flow,2024-07-05_08,2,8,0.3217405914635678,0.29533653616825994,0.02640405529530787,0.00932431052531539,True
Stat3_Etch_MV_Gas1Flow,2024-07-05_09,2,9,0.2986254195293356,0.30466084669357535,-0.0060354271642397705,0.00932431052531539,True
Stat3_Etch_MV_Gas1Flow,2024-07-05_10,2,10,0.2419658984418488,0.31398515721889075,-0.07201925877704196,0.00932431052531539,True
Stat3_Etch_MV_Gas1Flow,2024-07-09_01,3,1,0.4732163125597406,0.38381931720769236,0.08939699535204826,-0.008706538815739592,True
Stat3_Etch_MV_Gas1Flow,2024-07-09_02,3,2,0.2774630384851417,0.37511277839195273,-0.09764973990681103,-0.008706538815739592,True
Stat3_Etch_MV_Gas1Flow,2024-07-09_03,3,3,0.2775025083177447,0.36640623957621316,-0.08890373125846845,-0.008706538815739592,True
Stat3_Etch_MV_Gas1Flow,2024-07-09_04,3,4,0.2956703451154763,0.3576997007604736,-0.062029355644997286,-0.008706538815739592,True
Stat3_Etch_MV_Gas1Flow,2024-07-09_05,3,5,0.634681275505251,0.34899316194473395,0.28568811356051704,-0.008706538815739592,True
Stat3_Etch_MV_Gas1Flow,2024-07-09_06,3,6,0.309465063418863,0.3402866231289944,-0.030821559710131397,-0.008706538815739592,True
Stat3_Etch_MV_Gas1Flow,2024-07-09_07,3,7,0.2586822749554712,0.3315800843132548,-0.07289780935778362,-0.008706538815739592,True
Stat3_Etch_MV_Gas1Flow,2024-07-09_08,3,8,0.2634704120398634,0.3228735454975152,-0.0594031334576518,-0.008706538815739592,True
Stat3_Etch_MV_Gas1Flow,2024-07-09_09,3,9,0.317639586473689,0.3141670066817756,0.0034725797919133994,-0.008706538815739592,True
Stat3_Etch_MV_Gas1Flow,2024-07-09_10,3,10,0.3386081084974009,0.305460467866036,0.03314764063136494,-0.008706538815739592,True
Stat3_Etch_MV_Gas1Flow,2024-07-11_01,4,1,0.315773989992177,0.395715884586655,-0.07994189459447804,0.006401320360392007,True
Stat3_Etch_MV_Gas1Flow,2024-07-11_02,4,2,0.3336810440109032,0.40211720494704706,-0.06843616093614385,0.006401320360392007,True
Stat3_Etch_MV_Gas1Flow,2024-07-11_03,4,3,0.6108402512820357,0.40851852530743904,0.20232172597459663,0.006401320360392007,True
Stat3_Etch_MV_Gas1Flow,2024-07-11_04,4,4,0.3458475430605952,0.4149198456678311,-0.0690723026072359,0.006401320360392007,True
Stat3_Etch_MV_Gas1Flow,2024-07-11_05,4,5,0.647320716892917,0.42132116602822306,0.22599955086469398,0.006401320360392007,True
Stat3_Etch_MV_Gas1Flow,2024-07-11_06,4,6,0.3429889668530244,0.4277224863886151,-0.08473351953559072,0.006401320360392007,True
Stat3_Etch_MV_Gas1Flow,2024-07-11_07,4,7,0.3238911305545449,0.4341238067490071,-0.1102326761944622,0.006401320360392007,True
Stat3_Etch_MV_Gas1Flow,2024-07-11_08,4,8,0.3980073911733725,0.4405251271093991,-0.04251773593602659,0.006401320360392007,True
Stat3_Etch_MV_Gas1Flow,2024-07-11_09,4,9,0.3367443444048159,0.4469264474697911,-0.11018210306497522,0.006401320360392007,True
Stat3_Etch_MV_Gas1Flow,2024-07-11_10,4,10,0.5901228838598053,0.45332776783018314,0.13679511602962213,0.006401320360392007,True
Stat3_Etch_MV_Gas1Flow,2024-07-19_01,5,1,0.5513446222221452,0.2911960367309351,0.2601485854912101,0.0015159017328205376,True
Stat3_Etch_MV_Gas1Flow,2024-07-19_02,5,2,0.2166452707175316,0.29271193846375565,-0.07606666774622406,0.0015159017328205376,True
Stat3_Etch_MV_Gas1Flow,2024-07-19_03,5,3,0.2501270482842836,0.29422784019657616,-0.04410079191229255,0.0015159017328205376,True
Stat3_Etch_MV_Gas1Flow,2024-07-19_04,5,4,0.2285853498709207,0.29574374192939673,-0.06715839205847604,0.0015159017328205376,True
Stat3_Etch_MV_Gas1Flow,2024-07-19_05,5,5,0.1804214048912643,0.29725964366221724,-0.11683823877095295,0.0015159017328205376,True
Stat3_Etch_MV_Gas1Flow,2024-07-19_06,5,6,0.1395687061766444,0.2987755453950378,-0.1592068392183934,0.0015159017328205376,True
Stat3_Etch_MV_Gas1Flow,2024-07-19_07,5,7,0.2664727518937184,0.3002914471278583,-0.03381869523413994,0.0015159017328205376,True
Stat3_Etch_MV_Gas1Flow,2024-07-19_08,5,8,0.2843530601172623,0.3018073488606789,-0.01745428874341659,0.0015159017328205376,True
Stat3_Etch_MV_Gas1Flow,2024-07-19_09,5,9,0.6395584327968983,0.3033232505934994,0.3362351822033989,0.0015159017328205376,True
Stat3_Etch_MV_Gas1Flow,2024-07-19_10,5,10,0.2230992983156066,0.30483915232632,-0.08173985401071338,0.0015159017328205376,True
Stat3_Etch_MV_Gas1Flow,2024-08-01_01,6,1,0.3846034942274933,0.3487755145219603,0.035827979705532975,0.002476717269227812,True
Stat3_Etch_MV_Gas1Flow,2024-08-01_02,6,2,0.3054414723909469,0.35125223179118814,-0.04581075940024126,0.002476717269227812,True
Stat3_Etch_MV_Gas1Flow,2024-08-01_03,6,3,0.3508024074751242,0.3537289490604159,-0.0029265415852917087,0.002476717269227812,True
Stat3_Etch_MV_Gas1Flow,2024-08-01_04,6,4,0.3522534270533268,0.35620566632964373,-0.003952239276316938,0.002476717269227812,True
Stat3_Etch_MV_Gas1Flow,2024-08-01_05,6,5,0.3653059173848658,0.35868238359887156,0.006623533785994229,0.002476717269227812,True
Stat3_Etch_MV_Gas1Flow,2024-08-01_06,6,6,0.4073378137405179,0.3611591008680994,0.04617871287241854,0.002476717269227812,True
Stat3_Etch_MV_Gas1Flow,2024-08-01_07,6,7,0.3297378161023644,0.36363581813732715,-0.03389800203496274,0.002476717269227812,True
Stat3_Etch_MV_Gas1Flow,2024-08-01_08,6,8,0.3706051480673958,0.366112535406555,0.0044926126608408334,0.002476717269227812,True
Stat3_Etch_MV_Gas1Flow,2024-08-01_09,6,9,0.3316989976464207,0.3685892526757828,-0.03689025502936211,0.002476717269227812,True
Stat3_Etch_MV_Gas1Flow,2024-08-01_10,6,10,0.4014209282463986,0.3710659699450106,0.030354958301387958,0.002476717269227812,True
Stat3_Etch_MV_Gas1Flow,2024-08-05_01,7,1,0.3179832786570823,0.3129623300049073,0.005020948652175006,0.0027382553977433953,True
Stat3_Etch_MV_Gas1Flow,2024-08-05_02,7,2,0.3109428295345658,0.31570058540265067,-0.004757755868084856,0.0027382553977433953,True
Stat3_Etch_MV_Gas1Flow,2024-08-05_03,7,3,0.3217204307401252,0.3184388408003941,0.0032815899397311,0.0027382553977433953,True
Stat3_Etch_MV_Gas1Flow,2024-08-05_04,7,4,0.3142326985523528,0.32117709619813745,-0.006944397645784639,0.0027382553977433953,True
Stat3_Etch_MV_Gas1Flow,2024-08-05_05,7,5,0.321885657279722,0.32391535159588086,-0.0020296943161588477,0.0027382553977433953,True
Stat3_Etch_MV_Gas1Flow,2024-08-05_06,7,6,0.3320829162317468,0.3266536069936243,0.005429309238122515,0.0027382553977433953,True
Stat3_Etch_MV_Gas1Flow,2024-08-07_01,8,1,0.3188944897640707,0.28170909505317693,0.03718539471089377,0.024953402525898883,True
Stat3_Etch_MV_Gas1Flow,2024-08-07_02,8,2,0.299200001139225,0.3066624975790758,-0.007462496439850808,0.024953402525898883,True
Stat3_Etch_MV_Gas1Flow,2024-08-07_03,8,3,0.3307327735993792,0.33161590010497466,-0.0008831265055954662,0.024953402525898883,True
Stat3_Etch_MV_Gas1Flow,2024-08-07_04,8,4,0.343761283986517,0.35656930263087355,-0.012808018644356545,0.024953402525898883,True
Stat3_Etch_MV_Gas1Flow,2024-08-07_05,8,5,0.3193279848758172,0.38152270515677245,-0.06219472028095524,0.024953402525898883,True
Stat3_Etch_MV_Gas1Flow,2024-08-07_06,8,6,0.3302943149967786,0.40647610768267134,-0.07618179268589276,0.024953402525898883,True
Stat3_Etch_MV_Gas1Flow,2024-08-07_07,8,7,0.3172350394679965,0.43142951020857023,-0.1141944707405737,0.024953402525898883,True
Stat3_Etch_MV_Gas1Flow,2024-08-07_08,8,8,0.8110195924517117,0.45638291273446907,0.35463667971724266,0.024953402525898883,True
Stat3_Etch_MV_Gas1Flow,2024-08-07_09,8,9,0.5384085567220324,0.481336315260368,0.05707224146166434,0.024953402525898883,True
Stat3_Etch_MV_Gas1Flow,2024-08-07_10,8,10,0.3311200271936931,0.5062897177862669,-0.17516969059257376,0.024953402525898883,True
Stat3_Etch_MV_Gas1Flow,2024-08-21_01,9,1,0.2850267569008081,0.27533357379075574,0.00969318311005235,0.014354306403576836,True
Stat3_Etch_MV_Gas1Flow,2024-08-21_02,9,2,0.3150234127398518,0.28968788019433256,0.025335532545519235,0.014354306403576836,True
Stat3_Etch_MV_Gas1Flow,2024-08-21_03,9,3,0.3221999339781768,0.30404218659790944,0.018157747380267375,0.014354306403576836,True
Stat3_Etch_MV_Gas1Flow,2024-08-21_04,9,4,0.3140555003695924,0.31839649300148626,-0.0043409926318938585,0.014354306403576836,True
Stat3_Etch_MV_Gas1Flow,2024-08-21_05,9,5,0.2997993987790969,0.3327507994050631,-0.03295140062596619,0.014354306403576836,True
Stat3_Etch_MV_Gas1Flow,2024-08-21_06,9,6,0.3057661303675794,0.34710510580863996,-0.04133897544106058,0.014354306403576836,True
Stat3_Etch_MV_Gas1Flow,2024-08-21_07,9,7,0.3008024081088346,0.3614594122122168,-0.060657004103382206,0.014354306403576836,True
Stat3_Etch_MV_Gas1Flow,2024-08-21_08,9,8,0.3206987647948128,0.3758137186157936,-0.055114953820980805,0.014354306403576836,True
Stat3_Etch_MV_Gas1Flow,2024-08-21_09,9,9,0.6215006656404263,0.3901680250193704,0.23133264062105585,0.014354306403576836,True
Stat3_Etch_MV_Gas1Flow,2024-08-21_10,9,10,0.3144065543893377,0.40452233142294725,-0.09011577703360957,0.014354306403576836,True
Stat3_Etch_MV_Gas1Flow,2024-08-22_01,10,1,0.5484191314553906,0.3600174620885859,0.18840166936680464,-0.004477125286575187,True
Stat3_Etch_MV_Gas1Flow,2024-08-22_02,10,2,0.2776545706763363,0.35554033680201075,-0.07788576612567444,-0.004477125286575187,True
Stat3_Etch_MV_Gas1Flow,2024-08-22_03,10,3,0.2519190910716632,0.35106321151543557,-0.09914412044377235,-0.004477125286575187,True
Stat3_Etch_MV_Gas1Flow,2024-08-22_04,10,4,0.2369241062632694,0.34658608622886034,-0.10966197996559093,-0.004477125286575187,True
Stat3_Etch_MV_Gas1Flow,2024-08-22_05,10,5,0.3078184883021006,0.34210896094228516,-0.03429047264018453,-0.004477125286575187,True
Stat3_Etch_MV_Gas1Flow,2024-08-22_06,10,6,0.3127016141173249,0.33763183565571,-0.02493022153838509,-0.004477125286575187,True
Stat3_Etch_MV_Gas1Flow,2024-08-22_07,10,7,0.3477755372496371,0.3331547103691348,0.014620826880502313,-0.004477125286575187,True
Stat3_Etch_MV_Gas1Flow,2024-08-22_08,10,8,0.5932547331248524,0.3286775850825596,0.2645771480422928,-0.004477125286575187,True
Stat3_Etch_MV_Gas1Flow,2024-08-22_09,10,9,0.3018087600284657,0.32420045979598444,-0.022391699767518758,-0.004477125286575187,True
Stat3_Etch_MV_Gas1Flow,2024-08-22_10,10,10,0.2204279507009361,0.31972333450940926,-0.09929538380847316,-0.004477125286575187,True
Stat3_Etch_MV_Gas2Flow,2024-07-02_01,1,1,4.164785953668448,4.022486305750313,0.14229964791813554,0.0008889830622434673,True
Stat3_Etch_MV_Gas2Flow,2024-07-02_02,1,2,3.9642305354117062,4.023375288812556,-0.05914475340084957,0.0008889830622434673,True
Stat3_Etch_MV_Gas2Flow,2024-07-02_03,1,3,3.9719358393676463,4.0242642718748,-0.052328432507153355,0.0008889830622434673,True
Stat3_Etch_MV_Gas2Flow,2024-07-02_04,1,4,3.989662346175107,4.025153254937043,-0.035490908761935724,0.0008889830622434673,True
Stat3_Etch_MV_Gas2Flow,2024-07-02_05,1,5,4.063257161549159,4.026042237999286,0.03721492354987266,0.0008889830622434673,True
Stat3_Etch_MV_Gas2Flow,2024-07-02_06,1,6,3.880892691744565,4.02693122106153,-0.14603852931696526,0.0008889830622434673,True
Stat3_Etch_MV_Gas2Flow,2024-07-02_07,1,7,4.033019088415428,4.027820204123773,0.005198884291655048,0.0008889830622434673,True
Stat3_Etch_MV_Gas2Flow,2024-07-02_08,1,8,4.086692458000504,4.028709187186017,0.0579832708144874,0.0008889830622434673,True
Stat3_Etch_MV_Gas2Flow,2024-07-02_09,1,9,4.067820151328084,4.02959817024826,0.038221981079823664,0.0008889830622434673,True
Stat3_Etch_MV_Gas2Flow,2024-07-02_10,1,10,4.042571069643435,4.030487153310504,0.012083916332930933,0.0008889830622434673,True
Stat3_Etch_MV_Gas2Flow,2024-07-05_01,2,1,4.085344502200251,4.019465658830198,0.06587884337005345,-0.002954319577361121,True
Stat3_Etch_MV_Gas2Flow,2024-07-05_02,2,2,4.069037132620293,4.016511339252837,0.05252579336745633,-0.002954319577361121,True
Stat3_Etch_MV_Gas2Flow,2024-07-05_03,2,3,4.010294241715497,4.013557019675475,-0.0032627779599776474,-0.002954319577361121,True
Stat3_Etch_MV_Gas2Flow,2024-07-05_04,2,4,3.9721841680747207,4.010602700098114,-0.038418532023393404,-0.002954319577361121,True
Stat3_Etch_MV_Gas2Flow,2024-07-05_05,2,5,3.9603042729281137,4.007648380520753,-0.04734410759263952,-0.002954319577361121,True
Stat3_Etch_MV_Gas2Flow,2024-07-05_06,2,6,3.982828510919569,4.004694060943392,-0.0218655500238234,-0.002954319577361121,True
Stat3_Etch_MV_Gas2Flow,2024-07-05_07,2,7,3.8922835306673296,4.0017397413660305,-0.10945621069870093,-0.002954319577361121,True
Stat3_Etch_MV_Gas2Flow,2024-07-05_08,2,8,3.89971440237376,3.9987854217886696,-0.09907101941490959,-0.002954319577361121,True
Stat3_Etch_MV_Gas2Flow,2024-07-05_09,2,9,4.086759211785817,3.9958311022113087,0.09092810957450848,-0.002954319577361121,True
Stat3_Etch_MV_Gas2Flow,2024-07-05_10,2,10,4.102962234035378,3.9928767826339473,0.11008545140143111,-0.002954319577361121,True
Stat3_Etch_MV_Gas2Flow,2024-07-09_01,3,1,4.231043135350622,4.202070096116397,0.02897303923422534,-0.032761725872172846,True
Stat3_Etch_MV_Gas2Flow,2024-07-09_02,3,2,4.274690867992499,4.169308370244224,0.10538249774827513,-0.032761725872172846,True
Stat3_Etch_MV_Gas2Flow,2024-07-09_03,3,3,4.080601823246228,4.136546644372051,-0.055944821125822664,-0.032761725872172846,True
Stat3_Etch_MV_Gas2Flow,2024-07-09_04,3,4,3.991494505830291,4.103784918499878,-0.11229041266958717,-0.032761725872172846,True
Stat3_Etch_MV_Gas2Flow,2024-07-09_05,3,5,4.047755660526306,4.071023192627705,-0.02326753210139909,-0.032761725872172846,True
Stat3_Etch_MV_Gas2Flow,2024-07-09_06,3,6,4.124667341595149,4.038261466755532,0.08640587483961681,-0.032761725872172846,True
Stat3_Etch_MV_Gas2Flow,2024-07-09_07,3,7,3.9584548837763807,4.0054997408833595,-0.04704485710697881,-0.032761725872172846,True
Stat3_Etch_MV_Gas2Flow,2024-07-09_08,3,8,3.9161417884437664,3.9727380150111866,-0.05659622656742025,-0.032761725872172846,True
Stat3_Etch_MV_Gas2Flow,2024-07-09_09,3,9,3.9265563635473786,3.9399762891390138,-0.013419925591635185,-0.032761725872172846,True
Stat3_Etch_MV_Gas2Flow,2024-07-09_10,3,10,3.9950169266075695,3.907214563266841,0.08780236334072855,-0.032761725872172846,True
Stat3_Etch_MV_Gas2Flow,2024-07-11_01,4,1,3.967101340786504,4.002094680587783,-0.034993339801279166,-0.008545516376058448,True
Stat3_Etch_MV_Gas2Flow,2024-07-11_02,4,2,3.9890204133576113,3.9935491642117245,-0.004528750854113195,-0.008545516376058448,True
Stat3_Etch_MV_Gas2Flow,2024-07-11_03,4,3,3.978714739433043,3.985003647835666,-0.0062889084026229725,-0.008545516376058448,True
Stat3_Etch_MV_Gas2Flow,2024-07-11_04,4,4,3.9906586733441496,3.9764581314596072,0.01420054188454234,-0.008545516376058448,True
Stat3_Etch_MV_Gas2Flow,2024-07-11_05,4,5,4.000086348686877,3.967912615083549,0.03217373360332809,-0.008545516376058448,True
Stat3_Etch_MV_Gas2Flow,2024-07-11_06,4,6,3.9202975769259782,3.9593670987074905,-0.03906952178151224,-0.008545516376058448,True
Stat3_Etch_MV_Gas2Flow,2024-07-11_07,4,7,4.082137114178109,3.950821582331432,0.1313155318466772,-0.008545516376058448,True
Stat3_Etch_MV_Gas2Flow,2024-07-11_08,4,8,3.907194242762622,3.9422760659553737,-0.03508182319275166,-0.008545516376058448,True
Stat3_Etch_MV_Gas2Flow,2024-07-11_09,4,9,3.9153461920897006,3.933730549579315,-0.018384357489614533,-0.008545516376058448,True
Stat3_Etch_MV_Gas2Flow,2024-07-11_10,4,10,3.885841927390604,3.925185033203257,-0.03934310581265299,-0.008545516376058448,True
Stat3_Etch_MV_Gas2Flow,2024-07-19_01,5,1,4.122168012586723,4.172299320852507,-0.050131308265783936,-0.010308618134442941,True
Stat3_Etch_MV_Gas2Flow,2024-07-19_02,5,2,4.190756762752661,4.161990702718064,0.028766060034597807,-0.010308618134442941,True
Stat3_Etch_MV_Gas2Flow,2024-07-19_03,5,3,4.200688738521626,4.151682084583621,0.04900665393800452,-0.010308618134442941,True
Stat3_Etch_MV_Gas2Flow,2024-07-19_04,5,4,4.174361567904231,4.141373466449178,0.03298810145505371,-0.010308618134442941,True
Stat3_Etch_MV_Gas2Flow,2024-07-19_05,5,5,4.146301014766246,4.131064848314735,0.015236166451511046,-0.010308618134442941,True
Stat3_Etch_MV_Gas2Flow,2024-07-19_06,5,6,4.092270162583035,4.120756230180292,-0.028486067597256692,-0.010308618134442941,True
Stat3_Etch_MV_Gas2Flow,2024-07-19_07,5,7,4.067686417556375,4.110447612045849,-0.04276119448947391,-0.010308618134442941,True
Stat3_Etch_MV_Gas2Flow,2024-07-19_08,5,8,4.008930157036815,4.100138993911406,-0.09120883687459092,-0.010308618134442941,True
Stat3_Etch_MV_Gas2Flow,2024-07-19_09,5,9,4.118373178944961,4.089830375776963,0.028542803167997732,-0.010308618134442941,True
Stat3_Etch_MV_Gas2Flow,2024-07-19_10,5,10,4.137569379822461,4.07952175764252,0.05804762217994064,-0.010308618134442941,True
Stat3_Etch_MV_Gas2Flow,2024-08-01_01,6,1,4.353632393383211,4.386020233911223,-0.03238784052801247,-0.035119256152557524,True
Stat3_Etch_MV_Gas2Flow,2024-08-01_02,6,2,4.397237457638999,4.350900977758665,0.04633647988033385,-0.035119256152557524,True
Stat3_Etch_MV_Gas2Flow,2024-08-01_03,6,3,4.358856566093391,4.3157817216061085,0.043074844487282604,-0.035119256152557524,True
Stat3_Etch_MV_Gas2Flow,2024-08-01_04,6,4,4.277128056912309,4.280662465453551,-0.0035344085412418735,-0.035119256152557524,True
Stat3_Etch_MV_Gas2Flow,2024-08-01_05,6,5,4.165315948254844,4.245543209300993,-0.08022726104614897,-0.035119256152557524,True
Stat3_Etch_MV_Gas2Flow,2024-08-01_06,6,6,4.18865882512902,4.210423953148435,-0.02176512801941488,-0.035119256152557524,True
Stat3_Etch_MV_Gas2Flow,2024-08-01_07,6,7,4.179028568107541,4.1753046969958785,0.0037238711116627243,-0.035119256152557524,True
Stat3_Etch_MV_Gas2Flow,2024-08-01_08,6,8,4.164439998395225,4.140185440843321,0.0242545575519042,-0.035119256152557524,True
Stat3_Etch_MV_Gas2Flow,2024-08-01_09,6,9,4.174063539106312,4.105066184690763,0.06899735441554888,-0.035119256152557524,True
Stat3_Etch_MV_Gas2Flow,2024-08-01_10,6,10,4.0214744592262965,4.069946928538205,-0.04847246931190874,-0.035119256152557524,True
Stat3_Etch_MV_Gas2Flow,2024-08-05_01,7,1,4.035444846121364,4.056916007778642,-0.021471161657277804,0.0212076458069309,True
Stat3_Etch_MV_Gas2Flow,2024-08-05_02,7,2,4.10433969645945,4.078123653585573,0.026216042873876688,0.0212076458069309,True
Stat3_Etch_MV_Gas2Flow,2024-08-05_03,7,3,4.106666683269444,4.099331299392504,0.007335383876940327,0.0212076458069309,True
Stat3_Etch_MV_Gas2Flow,2024-08-05_04,7,4,4.1106787196611805,4.120538945199434,-0.009860225538253609,0.0212076458069309,True
Stat3_Etch_MV_Gas2Flow,2024-08-05_05,7,5,4.141952527242933,4.141746591006365,0.0002059362365676165,0.0212076458069309,True
Stat3_Etch_MV_Gas2Flow,2024-08-05_06,7,6,4.160528261021442,4.162954236813296,-0.002425975791854107,0.0212076458069309,True
Stat3_Etch_MV_Gas2Flow,2024-08-07_01,8,1,4.231465057419833,4.058109391001436,0.17335566641839772,0.03285304934348215,True
Stat3_Etch_MV_Gas2Flow,2024-08-07_02,8,2,4.05195631980896,4.090962440344917,-0.03900612053595687,0.03285304934348215,True
Stat3_Etch_MV_Gas2Flow,2024-08-07_03,8,3,4.080352963279275,4.1238154896884,-0.04346252640912418,0.03285304934348215,True
Stat3_Etch_MV_Gas2Flow,2024-08-07_04,8,4,4.120167176805584,4.156668539031882,-0.036501362226298184,0.03285304934348215,True
Stat3_Etch_MV_Gas2Flow,2024-08-07_05,8,5,4.019441687594445,4.189521588375364,-0.1700799007809186,0.03285304934348215,True
Stat3_Etch_MV_Gas2Flow,2024-08-07_06,8,6,4.151458194104325,4.222374637718846,-0.07091644361452065,0.03285304934348215,True
Stat3_Etch_MV_Gas2Flow,2024-08-07_07,8,7,4.183350052573696,4.2552276870623285,-0.07187763448863205,0.03285304934348215,True
Stat3_Etch_MV_Gas2Flow,2024-08-07_08,8,8,4.507130524519075,4.28808073640581,0.21904978811326536,0.03285304934348215,True
Stat3_Etch_MV_Gas2Flow,2024-08-07_09,8,9,4.507626216095134,4.320933785749292,0.1866924303458415,0.03285304934348215,True
Stat3_Etch_MV_Gas2Flow,2024-08-07_10,8,10,4.206532938270735,4.353786835092775,-0.14725389682203982,0.03285304934348215,True
Stat3_Etch_MV_Gas2Flow,2024-08-21_01,9,1,4.249531784583892,4.162782492788574,0.08674929179531787,0.001975834221582627,True
Stat3_Etch_MV_Gas2Flow,2024-08-21_02,9,2,4.101431454463946,4.164758327010158,-0.06332687254621128,0.001975834221582627,True
Stat3_Etch_MV_Gas2Flow,2024-08-21_03,9,3,4.130588448035681,4.16673416123174,-0.03614571319605897,0.001975834221582627,True
Stat3_Etch_MV_Gas2Flow,2024-08-21_04,9,4,4.130257454575284,4.168709995453322,-0.038452540878037844,0.001975834221582627,True
Stat3_Etch_MV_Gas2Flow,2024-08-21_05,9,5,4.114677383603957,4.170685829674905,-0.05600844607094846,0.001975834221582627,True
Stat3_Etch_MV_Gas2Flow,2024-08-21_06,9,6,4.212368957297777,4.172661663896488,0.03970729340128898,0.001975834221582627,True
Stat3_Etch_MV_Gas2Flow,2024-08-21_07,9,7,4.21296556599361,4.17463749811807,0.03832806787553977,0.001975834221582627,True
Stat3_Etch_MV_Gas2Flow,2024-08-21_08,9,8,4.258228024843344,4.176613332339653,0.08161469250369091,0.001975834221582627,True
Stat3_Etch_MV_Gas2Flow,2024-08-21_09,9,9,4.231195226529363,4.178589166561236,0.05260605996812728,0.001975834221582627,True
Stat3_Etch_MV_Gas2Flow,2024-08-21_10,9,10,4.075493167930126,4.180565000782818,-0.10507183285269228,0.001975834221582627,True
Stat3_Etch_MV_Gas2Flow,2024-08-22_01,10,1,4.225310534426874,4.150618912523732,0.07469162190314194,-0.00013324685931884368,True
Stat3_Etch_MV_Gas2Flow,2024-08-22_02,10,2,4.064519514319717,4.150485665664413,-0.08596615134469587,-0.00013324685931884368,True
Stat3_Etch_MV_Gas2Flow,2024-08-22_03,10,3,4.131293894972781,4.150352418805094,-0.019058523832313767,-0.00013324685931884368,True
Stat3_Etch_MV_Gas2Flow,2024-08-22_04,10,4,4.142738220963499,4.150219171945775,-0.007480950982276191,-0.00013324685931884368,True
Stat3_Etch_MV_Gas2Flow,2024-08-22_05,10,5,4.166786558487836,4.150085925086456,0.016700633401379505,-0.00013324685931884368,True
Stat3_Etch_MV_Gas2Flow,2024-08-22_06,10,6,4.195473798019911,4.149952678227137,0.045521119792773845,-0.00013324685931884368,True
Stat3_Etch_MV_Gas2Flow,2024-08-22_07,10,7,4.21592406199504,4.149819431367819,0.06610463062722172,-0.00013324685931884368,True
Stat3_Etch_MV_Gas2Flow,2024-08-22_08,10,8,4.062710092060592,4.1496861845085,-0.08697609244790794,-0.00013324685931884368,True
Stat3_Etch_MV_Gas2Flow,2024-08-22_09,10,9,4.053403570834549,4.149552937649181,-0.09614936681463249,-0.00013324685931884368,True
Stat3_Etch_MV_Gas2Flow,2024-08-22_10,10,10,4.242032770487187,4.149419690789862,0.09261307969732524,-0.00013324685931884368,True
Stat3_Etch_MV_Gas4Flow,2024-07-02_01,1,1,71.4211568840197,71.55754880364047,-0.13639191962077746,-0.008743008667665243,True
Stat3_Etch_MV_Gas4Flow,2024-07-02_02,1,2,71.79514420508302,71.54880579497281,0.24633841011021218,-0.008743008667665243,True
Stat3_Etch_MV_Gas4Flow,2024-07-02_03,1,3,71.36173499907846,71.54006278630514,-0.17832778722667797,-0.008743008667665243,True
Stat3_Etch_MV_Gas4Flow,2024-07-02_04,1,4,71.42783663812457,71.53131977763748,-0.10348313951290322,-0.008743008667665243,True
Stat3_Etch_MV_Gas4Flow,2024-07-02_05,1,5,71.7954080655,71.52257676896981,0.27283129653018534,-0.008743008667665243,True
Stat3_Etch_MV_Gas4Flow,2024-07-02_06,1,6,71.31304886518653,71.51383376030215,-0.2007848951156177,-0.008743008667665243,True
Stat3_Etch_MV_Gas4Flow,2024-07-02_07,1,7,71.47147403678548,71.50509075163448,-0.033616714849003415,-0.008743008667665243,True
Stat3_Etch_MV_Gas4Flow,2024-07-02_08,1,8,71.87028526695399,71.49634774296682,0.3739375239871663,-0.008743008667665243,True
Stat3_Etch_MV_Gas4Flow,2024-07-02_09,1,9,71.40557627205213,71.48760473429915,-0.08202846224702398,-0.008743008667665243,True
Stat3_Etch_MV_Gas4Flow,2024-07-02_10,1,10,71.3203874135758,71.47886172563149,-0.15847431205568796,-0.008743008667665243,True
Stat3_Etch_MV_Gas4Flow,2024-07-05_01,2,1,71.40704006395337,71.52415619316635,-0.11711612921297387,-0.008346940801457578,True
Stat3_Etch_MV_Gas4Flow,2024-07-05_02,2,2,71.63810427514547,71.51580925236489,0.1222950227805768,-0.008346940801457578,True
Stat3_Etch_MV_Gas4Flow,2024-07-05_03,2,3,71.35891670437137,71.50746231156343,-0.14854560719206233,-0.008346940801457578,True
Stat3_Etch_MV_Gas4Flow,2024-07-05_04,2,4,71.84629365597145,71.49911537076198,0.34717828520946625,-0.008346940801457578,True
Stat3_Etch_MV_Gas4Flow,2024-07-05_05,2,5,71.28113001414623,71.49076842996053,-0.20963841581429676,-0.008346940801457578,True
Stat3_Etch_MV_Gas4Flow,2024-07-05_06,2,6,71.57468054825904,71.48242148915907,0.09225905909997323,-0.008346940801457578,True
Stat3_Etch_MV_Gas4Flow,2024-07-05_07,2,7,71.23998658522025,71.4740745483576,-0.23408796313735536,-0.008346940801457578,True
Stat3_Etch_MV_Gas4Flow,2024-07-05_08,2,8,71.72874983173284,71.46572760755615,0.2630222241766944,-0.008346940801457578,True
Stat3_Etch_MV_Gas4Flow,2024-07-05_09,2,9,71.34519047024583,71.45738066675469,-0.11219019650886253,-0.008346940801457578,True
Stat3_Etch_MV_Gas4Flow,2024-07-05_10,2,10,71.4458574465523,71.44903372595323,-0.003176279400932458,-0.008346940801457578,True
Stat3_Etch_MV_Gas4Flow,2024-07-09_01,3,1,71.60075539612501,71.7371147812092,-0.13635938508419088,-0.05007510291708585,True
Stat3_Etch_MV_Gas4Flow,2024-07-09_02,3,2,71.90026874302308,71.68703967829212,0.21322906473095316,-0.05007510291708585,True
Stat3_Etch_MV_Gas4Flow,2024-07-09_03,3,3,71.35354060544911,71.63696457537503,-0.28342396992592,-0.05007510291708585,True
Stat3_Etch_MV_Gas4Flow,2024-07-09_04,3,4,71.4177533486632,71.58688947245795,-0.1691361237947575,-0.05007510291708585,True
Stat3_Etch_MV_Gas4Flow,2024-07-09_05,3,5,72.29279878591392,71.53681436954086,0.7559844163730531,-0.05007510291708585,True
Stat3_Etch_MV_Gas4Flow,2024-07-09_06,3,6,71.34928114737708,71.48673926662377,-0.13745811924668772,-0.05007510291708585,True
Stat3_Etch_MV_Gas4Flow,2024-07-09_07,3,7,71.2224848539335,71.4366641637067,-0.21417930977320054,-0.05007510291708585,True
Stat3_Etch_MV_Gas4Flow,2024-07-09_08,3,8,71.34816783113608,71.3865890607896,-0.03842122965352246,-0.05007510291708585,True
Stat3_Etch_MV_Gas4Flow,2024-07-09_09,3,9,71.34599122178122,71.33651395787253,0.009477263908692635,-0.05007510291708585,True
Stat3_Etch_MV_Gas4Flow,2024-07-09_10,3,10,71.28672624742109,71.28643885495543,0.0002873924656512372,-0.05007510291708585,True
Stat3_Etch_MV_Gas4Flow,2024-07-11_01,4,1,71.31192232495961,71.55158303359197,-0.239660708632357,0.03033001702636107,True
Stat3_Etch_MV_Gas4Flow,2024-07-11_02,4,2,71.48606824474948,71.58191305061833,-0.09584480586885036,0.03033001702636107,True
Stat3_Etch_MV_Gas4Flow,2024-07-11_03,4,3,72.2745433315902,71.6122430676447,0.6623002639454967,0.03033001702636107,True
Stat3_Etch_MV_Gas4Flow,2024-07-11_04,4,4,71.30660982699881,71.64257308467106,-0.33596325767224755,0.03033001702636107,True
Stat3_Etch_MV_Gas4Flow,2024-07-11_05,4,5,72.07793154233973,71.67290310169741,0.4050284406423117,0.03033001702636107,True
Stat3_Etch_MV_Gas4Flow,2024-07-11_06,4,6,71.3597726162046,71.70323311872377,-0.3434605025191786,0.03033001702636107,True
Stat3_Etch_MV_Gas4Flow,2024-07-11_07,4,7,71.70986554477557,71.73356313575013,-0.02369759097456381,0.03033001702636107,True
Stat3_Etch_MV_Gas4Flow,2024-07-11_08,4,8,71.83525865084319,71.7638931527765,0.07136549806668313,0.03033001702636107,True
Stat3_Etch_MV_Gas4Flow,2024-07-11_09,4,9,71.37466727651602,71.79422316980286,-0.41955589328684084,0.03033001702636107,True
Stat3_Etch_MV_Gas4Flow,2024-07-11_10,4,10,72.14404174312887,71.82455318682922,0.3194885562996461,0.03033001702636107,True
Stat3_Etch_MV_Gas4Flow,2024-07-19_01,5,1,72.39199532157214,71.81706662875446,0.5749286928176787,-0.02898929535257196,True
Stat3_Etch_MV_Gas4Flow,2024-07-19_02,5,2,71.44116903016771,71.78807733340189,-0.3469083032341729,-0.02898929535257196,True
Stat3_Etch_MV_Gas4Flow,2024-07-19_03,5,3,71.50270817547772,71.75908803804931,-0.25637986257159184,-0.02898929535257196,True
Stat3_Etch_MV_Gas4Flow,2024-07-19_04,5,4,71.8362365747966,71.73009874269674,0.10613783209986138,-0.02898929535257196,True
Stat3_Etch_MV_Gas4Flow,2024-07-19_05,5,5,71.56962199603335,71.70110944734418,-0.13148745131083217,-0.02898929535257196,True
Stat3_Etch_MV_Gas4Flow,2024-07-19_06,5,6,71.59869602939973,71.6721201519916,-0.0734241225918737,-0.02898929535257196,True
Stat3_Etch_MV_Gas4Flow,2024-07-19_07,5,7,71.41450680800179,71.64313085663903,-0.2286240486372435,-0.02898929535257196,True
Stat3_Etch_MV_Gas4Flow,2024-07-19_08,5,8,71.43724184012989,71.61414156128646,-0.17689972115657326,-0.02898929535257196,True
Stat3_Etch_MV_Gas4Flow,2024-07-19_09,5,9,72.33469783699766,71.58515226593389,0.7495455710637771,-0.02898929535257196,True
Stat3_Etch_MV_Gas4Flow,2024-07-19_10,5,10,71.33927438410254,71.55616297058131,-0.21688858647877396,-0.02898929535257196,True
Stat3_Etch_MV_Gas4Flow,2024-08-01_01,6,1,71.70527196285485,71.57554646941087,0.12972549344398487,-0.020846413527773215,True
Stat3_Etch_MV_Gas4Flow,2024-08-01_02,6,2,71.53452828896285,71.5547000558831,-0.020171766920256573,-0.020846413527773215,True
Stat3_Etch_MV_Gas4Flow,2024-08-01_03,6,3,71.33740888161579,71.53385364235533,-0.19644476073953854,-0.020846413527773215,True
Stat3_Etch_MV_Gas4Flow,2024-08-01_04,6,4,71.28179201805376,71.51300722882755,-0.23121521077378304,-0.020846413527773215,True
Stat3_Etch_MV_Gas4Flow,2024-08-01_05,6,5,71.36211973503207,71.49216081529978,-0.13004108026771632,-0.020846413527773215,True
Stat3_Etch_MV_Gas4Flow,2024-08-01_06,6,6,71.7656906622329,71.471314401772,0.2943762604608935,-0.020846413527773215,True
Stat3_Etch_MV_Gas4Flow,2024-08-01_07,6,7,71.88944528253263,71.45046798824423,0.4389772942884065,-0.020846413527773215,True
Stat3_Etch_MV_Gas4Flow,2024-08-01_08,6,8,71.34516530921007,71.42962157471646,-0.08445626550638963,-0.020846413527773215,True
Stat3_Etch_MV_Gas4Flow,2024-08-01_09,6,9,71.48970545301631,71.40877516118869,0.08093029182762734,-0.020846413527773215,True
Stat3_Etch_MV_Gas4Flow,2024-08-01_10,6,10,71.10624849184755,71.38792874766091,-0.281680255813356,-0.020846413527773215,True
Stat3_Etch_MV_Gas4Flow,2024-08-05_01,7,1,71.43223073183742,71.52268520103782,-0.09045446920039524,-0.018081922455298424,True
Stat3_Etch_MV_Gas4Flow,2024-08-05_02,7,2,71.47189229664454,71.50460327858251,-0.032710981937967176,-0.018081922455298424,True
Stat3_Etch_MV_Gas4Flow,2024-08-05_03,7,3,71.71527574068594,71.48652135612721,0.22875438455872654,-0.018081922455298424,True
Stat3_Etch_MV_Gas4Flow,2024-08-05_04,7,4,71.49046159129115,71.46843943367192,0.022022157619232985,-0.018081922455298424,True
Stat3_Etch_MV_Gas4Flow,2024-08-05_05,7,5,71.30316631605619,71.45035751121662,-0.14719119516043122,-0.018081922455298424,True
Stat3_Etch_MV_Gas4Flow,2024-08-05_06,7,6,71.45185569288232,71.43227558876131,0.019580104121004638,-0.018081922455298424,True
Stat3_Etch_MV_Gas4Flow,2024-08-07_01,8,1,71.71607852014162,71.6410698288961,0.07500869124552878,-0.02135773301641072,True
Stat3_Etch_MV_Gas4Flow,2024-08-07_02,8,2,71.678403423406,71.61971209587969,0.05869132752630435,-0.02135773301641072,True
Stat3_Etch_MV_Gas4Flow,2024-08-07_03,8,3,71.78296141289738,71.59835436286328,0.18460705003410283,-0.02135773301641072,True
Stat3_Etch_MV_Gas4Flow,2024-08-07_04,8,4,71.51084263441852,71.57699662984686,-0.066153995428337,-0.02135773301641072,True
Stat3_Etch_MV_Gas4Flow,2024-08-07_05,8,5,71.22652983386598,71.55563889683046,-0.32910906296447706,-0.02135773301641072,True
Stat3_Etch_MV_Gas4Flow,2024-08-07_06,8,6,71.21063564012456,71.53428116381404,-0.3236455236894784,-0.02135773301641072,True
Stat3_Etch_MV_Gas4Flow,2024-08-07_07,8,7,71.37063197243556,71.51292343079763,-0.1422914583620667,-0.02135773301641072,True
Stat3_Etch_MV_Gas4Flow,2024-08-07_08,8,8,72.18806704547168,71.49156569778123,0.6965013476904574,-0.02135773301641072,True
Stat3_Etch_MV_Gas4Flow,2024-08-07_09,8,9,71.40427283496187,71.47020796476481,-0.06593512980293781,-0.02135773301641072,True
Stat3_Etch_MV_Gas4Flow,2024-08-07_10,8,10,71.36117698549938,71.4488502317484,-0.08767324624901107,-0.02135773301641072,True
Stat3_Etch_MV_Gas4Flow,2024-08-21_01,9,1,71.27497981306365,71.27039419138376,0.004585621679893848,0.050391244629059466,True
Stat3_Etch_MV_Gas4Flow,2024-08-21_02,9,2,71.30038116664804,71.32078543601283,-0.02040426936478923,0.050391244629059466,True
Stat3_Etch_MV_Gas4Flow,2024-08-21_03,9,3,71.42165808634417,71.37117668064188,0.05048140570228554,0.050391244629059466,True
Stat3_Etch_MV_Gas4Flow,2024-08-21_04,9,4,71.3716747953931,71.42156792527094,-0.04989312987783023,0.050391244629059466,True
Stat3_Etch_MV_Gas4Flow,2024-08-21_05,9,5,71.49179523211099,71.4719591699,0.01983606221098455,0.050391244629059466,True
Stat3_Etch_MV_Gas4Flow,2024-08-21_06,9,6,71.59881692293216,71.52235041452906,0.07646650840310087,0.050391244629059466,True
Stat3_Etch_MV_Gas4Flow,2024-08-21_07,9,7,71.38152109280936,71.57274165915813,-0.19122056634876117,0.050391244629059466,True
Stat3_Etch_MV_Gas4Flow,2024-08-21_08,9,8,71.52812426373804,71.62313290378718,-0.09500864004914433,0.050391244629059466,True
Stat3_Etch_MV_Gas4Flow,2024-08-21_09,9,9,72.1001092820437,71.67352414841623,0.4265851336274693,0.050391244629059466,True
Stat3_Etch_MV_Gas4Flow,2024-08-21_10,9,10,71.50248726706208,71.7239153930453,-0.22142812598322337,0.050391244629059466,True
Stat3_Etch_MV_Gas4Flow,2024-08-22_01,10,1,72.29125203039932,71.85986830302282,0.4313837273764989,-0.0354172095296892,True
Stat3_Etch_MV_Gas4Flow,2024-08-22_02,10,2,71.7603897980104,71.82445109349312,-0.06406129548273043,-0.0354172095296892,True
Stat3_Etch_MV_Gas4Flow,2024-08-22_03,10,3,71.32463719614101,71.78903388396344,-0.46439668782242904,-0.0354172095296892,True
Stat3_Etch_MV_Gas4Flow,2024-08-22_04,10,4,71.329398256725,71.75361667443374,-0.4242184177087438,-0.0354172095296892,True
Stat3_Etch_MV_Gas4Flow,2024-08-22_05,10,5,71.82173788330948,71.71819946490406,0.10353841840542088,-0.0354172095296892,True
Stat3_Etch_MV_Gas4Flow,2024-08-22_06,10,6,71.915792944699,71.68278225537436,0.23301068932464375,-0.0354172095296892,True
Stat3_Etch_MV_Gas4Flow,2024-08-22_07,10,7,71.62383049022988,71.64736504584468,-0.02353455561480189,-0.0354172095296892,True
Stat3_Etch_MV_Gas4Flow,2024-08-22_08,10,8,72.29641954757382,71.611947836315,0.6844717112588228,-0.0354172095296892,True
Stat3_Etch_MV_Gas4Flow,2024-08-22_09,10,9,71.25458016026975,71.5765306267853,-0.3219504665155455,-0.0354172095296892,True
Stat3_Etch_MV_Gas4Flow,2024-08-22_10,10,10,71.38687029403464,71.54111341725562,-0.15424312322097933,-0.0354172095296892,True
Stat3_Etch_MV_Gas5Flow,2024-07-02_01,1,1,440.6698412488536,440.2396370200114,0.4302042288421717,-0.004483288281629093,True
Stat3_Etch_MV_Gas5Flow,2024-07-02_02,1,2,439.6682042490731,440.2351537317298,-0.5669494826566961,-0.004483288281629093,True
Stat3_Etch_MV_Gas5Flow,2024-07-02_03,1,3,440.5478756020436,440.2306704434481,0.3172051585954705,-0.004483288281629093,True
Stat3_Etch_MV_Gas5Flow,2024-07-02_04,1,4,440.427063299716,440.2261871551665,0.20087614454951108,-0.004483288281629093,True
Stat3_Etch_MV_Gas5Flow,2024-07-02_05,1,5,439.48836501562295,440.22170386688487,-0.7333388512619194,-0.004483288281629093,True
Stat3_Etch_MV_Gas5Flow,2024-07-02_06,1,6,440.6143482319689,440.21722057860325,0.3971276533656578,-0.004483288281629093,True
Stat3_Etch_MV_Gas5Flow,2024-07-02_07,1,7,440.4184302814985,440.2127372903216,0.20569299117687478,-0.004483288281629093,True
Stat3_Etch_MV_Gas5Flow,2024-07-02_08,1,8,439.4250742716749,440.20825400204,-0.7831797303651342,-0.004483288281629093,True
Stat3_Etch_MV_Gas5Flow,2024-07-02_09,1,9,440.4692996680159,440.20377071375833,0.2655289542575474,-0.004483288281629093,True
Stat3_Etch_MV_Gas5Flow,2024-07-02_10,1,10,440.46612035897374,440.1992874254767,0.2668329334970281,-0.004483288281629093,True
Stat3_Etch_MV_Gas5Flow,2024-07-05_01,2,1,440.7270619944984,440.31535843989116,0.41170355460724295,-0.012896615873080629,True
Stat3_Etch_MV_Gas5Flow,2024-07-05_02,2,2,440.1100253336648,440.3024618240181,-0.192436490353316,-0.012896615873080629,True
Stat3_Etch_MV_Gas5Flow,2024-07-05_03,2,3,440.431797274456,440.289565208145,0.14223206631100993,-0.012896615873080629,True
Stat3_Etch_MV_Gas5Flow,2024-07-05_04,2,4,439.5793936238173,440.27666859227196,-0.6972749684546784,-0.012896615873080629,True
Stat3_Etch_MV_Gas5Flow,2024-07-05_05,2,5,440.5862574136525,440.26377197639886,0.322485437253647,-0.012896615873080629,True
Stat3_Etch_MV_Gas5Flow,2024-07-05_06,2,6,440.0890623362556,440.25087536052575,-0.16181302427014543,-0.012896615873080629,True
Stat3_Etch_MV_Gas5Flow,2024-07-05_07,2,7,440.3996003959857,440.2379787446527,0.16162165133300732,-0.012896615873080629,True
Stat3_Etch_MV_Gas5Flow,2024-07-05_08,2,8,439.8779655647695,440.2250821287796,-0.3471165640100935,-0.012896615873080629,True
Stat3_Etch_MV_Gas5Flow,2024-07-05_09,2,9,440.4785638756576,440.21218551290656,0.266378362751027,-0.012896615873080629,True
Stat3_Etch_MV_Gas5Flow,2024-07-05_10,2,10,440.29350887186666,440.19928889703345,0.09421997483320865,-0.012896615873080629,True
Stat3_Etch_MV_Gas5Flow,2024-07-09_01,3,1,440.1624121903496,439.9261781139857,0.23623407636387128,0.06137785187217218,True
Stat3_Etch_MV_Gas5Flow,2024-07-09_02,3,2,439.68108714892657,439.9875559658579,-0.30646881693132855,0.06137785187217218,True
Stat3_Etch_MV_Gas5Flow,2024-07-09_03,3,3,440.4466151826878,440.0489338177301,0.397681364957748,0.06137785187217218,True
Stat3_Etch_MV_Gas5Flow,2024-07-09_04,3,4,440.5993701448731,440.1103116696022,0.48905847527089463,0.06137785187217218,True
Stat3_Etch_MV_Gas5Flow,2024-07-09_05,3,5,438.58752509945657,440.1716895214744,-1.5841644220178068,0.06137785187217218,True
Stat3_Etch_MV_Gas5Flow,2024-07-09_06,3,6,440.4446358400936,440.23306737334656,0.2115684667470532,0.06137785187217218,True
Stat3_Etch_MV_Gas5Flow,2024-07-09_07,3,7,440.8271021931466,440.29444522521874,0.532656967927835,0.06137785187217218,True
Stat3_Etch_MV_Gas5Flow,2024-07-09_08,3,8,440.42653139854747,440.3558230770909,0.07070832145655004,0.06137785187217218,True
Stat3_Etch_MV_Gas5Flow,2024-07-09_09,3,9,440.359885067216,440.4172009289631,-0.05731586174709946,0.06137785187217218,True
Stat3_Etch_MV_Gas5Flow,2024-07-09_10,3,10,440.4886202088079,440.4785787808353,0.010041427972623751,0.06137785187217218,True
Stat3_Etch_MV_Gas5Flow,2024-07-11_01,4,1,440.7384105194217,440.2047137714546,0.5336967479670989,-0.0890980108944155,True
Stat3_Etch_MV_Gas5Flow,2024-07-11_02,4,2,440.3141877159392,440.11561576056016,0.1985719553790659,-0.0890980108944155,True
Stat3_Etch_MV_Gas5Flow,2024-07-11_03,4,3,438.7196698991693,440.02651774966574,-1.3068478504964673,-0.0890980108944155,True
Stat3_Etch_MV_Gas5Flow,2024-07-11_04,4,4,440.5941340383659,439.9374197387713,0.6567142995945687,-0.0890980108944155,True
Stat3_Etch_MV_Gas5Flow,2024-07-11_05,4,5,438.9626743837815,439.8483217278769,-0.8856473440953891,-0.0890980108944155,True
Stat3_Etch_MV_Gas5Flow,2024-07-11_06,4,6,440.426855568103,439.7592237169825,0.6676318511205181,-0.0890980108944155,True
Stat3_Etch_MV_Gas5Flow,2024-07-11_07,4,7,439.50680962573455,439.6701257060881,-0.16331608035352474,-0.0890980108944155,True
Stat3_Etch_MV_Gas5Flow,2024-07-11_08,4,8,439.76306313588736,439.58102769519365,0.18203544069370992,-0.0890980108944155,True
Stat3_Etch_MV_Gas5Flow,2024-07-11_09,4,9,440.1913191411432,439.49192968429924,0.69938945684396,-0.0890980108944155,True
Stat3_Etch_MV_Gas5Flow,2024-07-11_10,4,10,438.820603196752,439.4028316734048,-0.5822284766528014,-0.0890980108944155,True
Stat3_Etch_MV_Gas5Flow,2024-07-19_01,5,1,438.50820552020434,439.6142731607707,-1.1060676405663799,0.0436324954338324,True
Stat3_Etch_MV_Gas5Flow,2024-07-19_02,5,2,440.2175929835519,439.65790565620455,0.5596873273473761,0.0436324954338324,True
Stat3_Etch_MV_Gas5Flow,2024-07-19_03,5,3,440.2670862913052,439.7015381516384,0.5655481396668165,0.0436324954338324,True
Stat3_Etch_MV_Gas5Flow,2024-07-19_04,5,4,439.3089468302906,439.7451706470722,-0.4362238167815917,0.0436324954338324,True
Stat3_Etch_MV_Gas5Flow,2024-07-19_05,5,5,440.2372292492302,439.7888031425061,0.44842610672412775,0.0436324954338324,True
Stat3_Etch_MV_Gas5Flow,2024-07-19_06,5,6,440.0421014841246,439.8324356379399,0.20966584618469142,0.0436324954338324,True
Stat3_Etch_MV_Gas5Flow,2024-07-19_07,5,7,440.4175712915616,439.87606813337374,0.5415031581878793,0.0436324954338324,True
Stat3_Etch_MV_Gas5Flow,2024-07-19_08,5,8,440.3483170029791,439.91970062880756,0.42861637417155407,0.0436324954338324,True
Stat3_Etch_MV_Gas5Flow,2024-07-19_09,5,9,438.536413052316,439.9633331242414,-1.4269200719253945,0.0436324954338324,True
Stat3_Etch_MV_Gas5Flow,2024-07-19_10,5,10,440.2227301966662,440.0069656196752,0.21576457699097773,0.0436324954338324,True
Stat3_Etch_MV_Gas5Flow,2024-08-01_01,6,1,439.6815240160432,440.00456180965796,-0.3230377936147306,0.024526714665955966,True
Stat3_Etch_MV_Gas5Flow,2024-08-01_02,6,2,440.1694869016724,440.0290885243239,0.1403983773485038,0.024526714665955966,True
Stat3_Etch_MV_Gas5Flow,2024-08-01_03,6,3,440.3735525835242,440.05361523898983,0.31993734453436673,0.024526714665955966,True
Stat3_Etch_MV_Gas5Flow,2024-08-01_04,6,4,440.43788228677454,440.0781419536558,0.35974033311873654,0.024526714665955966,True
Stat3_Etch_MV_Gas5Flow,2024-08-01_05,6,5,440.48298417397945,440.10266866832177,0.380315505657677,0.024526714665955966,True
Stat3_Etch_MV_Gas5Flow,2024-08-01_06,6,6,439.5227246435951,440.12719538298774,-0.6044707393926387,0.024526714665955966,True
Stat3_Etch_MV_Gas5Flow,2024-08-01_07,6,7,439.3633365997346,440.1517220976537,-0.7883854979190801,0.024526714665955966,True
Stat3_Etch_MV_Gas5Flow,2024-08-01_08,6,8,440.4210986498008,440.1762488123196,0.24484983748118339,0.024526714665955966,True
Stat3_Etch_MV_Gas5Flow,2024-08-01_09,6,9,439.978687488355,440.2007755269856,-0.2220880386306021,0.024526714665955966,True
Stat3_Etch_MV_Gas5Flow,2024-08-01_10,6,10,440.7180429130683,440.22530224165155,0.4927406714167546,0.024526714665955966,True
Stat3_Etch_MV_Gas5Flow,2024-08-05_01,7,1,440.3772628959605,440.07022016798567,0.30704272797481735,0.04626036683848867,True
Stat3_Etch_MV_Gas5Flow,2024-08-05_02,7,2,439.9666982774789,440.1164805348241,-0.14978225734523676,0.04626036683848867,True
Stat3_Etch_MV_Gas5Flow,2024-08-05_03,7,3,439.81338563248994,440.16274090166263,-0.34935526917269044,0.04626036683848867,True
Stat3_Etch_MV_Gas5Flow,2024-08-05_04,7,4,440.1706607852721,440.20900126850114,-0.03834048322903527,0.04626036683848867,True
Stat3_Etch_MV_Gas5Flow,2024-08-05_05,7,5,440.4439237988223,440.2552616353396,0.18866216348271792,0.04626036683848867,True
Stat3_Etch_MV_Gas5Flow,2024-08-05_06,7,6,440.34329512046753,440.3015220021781,0.0417731182894272,0.04626036683848867,True
Stat3_Etch_MV_Gas5Flow,2024-08-07_01,8,1,439.7871524648321,439.8222621838072,-0.035109718975093074,0.04510751024667609,True
Stat3_Etch_MV_Gas5Flow,2024-08-07_02,8,2,439.7688656257181,439.8673696940539,-0.09850406833578518,0.04510751024667609,True
Stat3_Etch_MV_Gas5Flow,2024-08-07_03,8,3,439.4994774832846,439.91247720430056,-0.4129997210159786,0.04510751024667609,True
Stat3_Etch_MV_Gas5Flow,2024-08-07_04,8,4,440.28115876707017,439.95758471454724,0.3235740525229289,0.04510751024667609,True
Stat3_Etch_MV_Gas5Flow,2024-08-07_05,8,5,440.3871198814874,440.0026922247939,0.38442765669350365,0.04510751024667609,True
Stat3_Etch_MV_Gas5Flow,2024-08-07_06,8,6,440.5415904018792,440.0477997350406,0.4937906668386063,0.04510751024667609,True
Stat3_Etch_MV_Gas5Flow,2024-08-07_07,8,7,440.3303327830648,440.0929072452872,0.23742553777759667,0.04510751024667609,True
Stat3_Etch_MV_Gas5Flow,2024-08-07_08,8,8,438.7550334603792,440.1380147555339,-1.382981295154707,0.04510751024667609,True
Stat3_Etch_MV_Gas5Flow,2024-08-07_09,8,9,440.3930810413724,440.1831222657806,0.20995877559181508,0.04510751024667609,True
Stat3_Etch_MV_Gas5Flow,2024-08-07_10,8,10,440.50864789008455,440.22822977602726,0.2804181140572837,0.04510751024667609,True
Stat3_Etch_MV_Gas5Flow,2024-08-21_01,9,1,440.22555038322974,440.46165830498717,-0.2361079217574229,-0.09822939156480842,True
Stat3_Etch_MV_Gas5Flow,2024-08-21_02,9,2,440.5791523765162,440.36342891342235,0.21572346309386603,-0.09822939156480842,True
Stat3_Etch_MV_Gas5Flow,2024-08-21_03,9,3,440.231065134028,440.26519952185754,-0.03413438782956746,-0.09822939156480842,True
Stat3_Etch_MV_Gas5Flow,2024-08-21_04,9,4,440.5266450277263,440.1669701302927,0.3596748974335924,-0.09822939156480842,True
Stat3_Etch_MV_Gas5Flow,2024-08-21_05,9,5,439.8642880453469,440.06874073872797,-0.20445269338108574,-0.09822939156480842,True
Stat3_Etch_MV_Gas5Flow,2024-08-21_06,9,6,439.65287789742473,439.97051134716315,-0.3176334497384232,-0.09822939156480842,True
Stat3_Etch_MV_Gas5Flow,2024-08-21_07,9,7,440.2303662034669,439.87228195559834,0.35808424786853266,-0.09822939156480842,True
Stat3_Etch_MV_Gas5Flow,2024-08-21_08,9,8,439.9951407274886,439.7740525640335,0.22108816345507876,-0.09822939156480842,True
Stat3_Etch_MV_Gas5Flow,2024-08-21_09,9,9,438.9322662890888,439.6758231724687,-0.743556883379938,-0.09822939156480842,True
Stat3_Etch_MV_Gas5Flow,2024-08-21_10,9,10,439.9589083451405,439.5775937809039,0.381314564236618,-0.09822939156480842,True
Stat3_Etch_MV_Gas5Flow,2024-08-22_01,10,1,438.5467371287357,439.3638482312313,-0.8171111024956303,0.05970676782045822,True
Stat3_Etch_MV_Gas5Flow,2024-08-22_02,10,2,439.7511141408355,439.4235549990518,0.32755914178369494,0.05970676782045822,True
Stat3_Etch_MV_Gas5Flow,2024-08-22_03,10,3,440.3179890962796,439.48326176687226,0.8347273294073148,0.05970676782045822,True
Stat3_Etch_MV_Gas5Flow,2024-08-22_04,10,4,440.2460600093471,439.5429685346927,0.7030914746543999,0.05970676782045822,True
Stat3_Etch_MV_Gas5Flow,2024-08-22_05,10,5,439.2696657947733,439.60267530251315,-0.3330095077398596,0.05970676782045822,True
Stat3_Etch_MV_Gas5Flow,2024-08-22_06,10,6,439.1828748796095,439.66238207033365,-0.47950719072412085,0.05970676782045822,True
Stat3_Etch_MV_Gas5Flow,2024-08-22_07,10,7,439.78348976726176,439.7220888381541,0.061400929107662705,0.05970676782045822,True
Stat3_Etch_MV_Gas5Flow,2024-08-22_08,10,8,438.5221669948584,439.78179560597454,-1.2596286111161135,0.05970676782045822,True
Stat3_Etch_MV_Gas5Flow,2024-08-22_09,10,9,440.4315197447079,439.841502373795,0.5900173709129035,0.05970676782045822,True
Stat3_Etch_MV_Gas5Flow,2024-08-22_10,10,10,440.27366930782415,439.9012091416155,0.3724601662086684,0.05970676782045822,True
Stat3_Etch_MV_Gas7Flow,2024-07-02_01,1,1,2.0023946438744717,2.0275173565021958,-0.02512271262772403,0.004379961496016345,True
Stat3_Etch_MV_Gas7Flow,2024-07-02_02,1,2,2.040131011837593,2.031897317998212,0.008233693839380773,0.004379961496016345,True
Stat3_Etch_MV_Gas7Flow,2024-07-02_03,1,3,2.0447408511303053,2.0362772794942288,0.008463571636076583,0.004379961496016345,True
Stat3_Etch_MV_Gas7Flow,2024-07-02_04,1,4,2.052524192402571,2.040657240990245,0.011866951412325744,0.004379961496016345,True
Stat3_Etch_MV_Gas7Flow,2024-07-02_05,1,5,2.056416758929982,2.0450372024862613,0.011379556443720684,0.004379961496016345,True
Stat3_Etch_MV_Gas7Flow,2024-07-02_06,1,6,2.0640621361466245,2.0494171639822776,0.014644972164346903,0.004379961496016345,True
Stat3_Etch_MV_Gas7Flow,2024-07-02_07,1,7,2.047843489627781,2.053797125478294,-0.005953635850513006,0.004379961496016345,True
Stat3_Etch_MV_Gas7Flow,2024-07-02_08,1,8,2.0168235124459786,2.05817708697431,-0.04135357452833155,0.004379961496016345,True
Stat3_Etch_MV_Gas7Flow,2024-07-02_09,1,9,2.077435587210545,2.0625570484703264,0.014878538740218605,0.004379961496016345,True
Stat3_Etch_MV_Gas7Flow,2024-07-02_10,1,10,2.0698996487368477,2.066937009966343,0.002962638770504622,0.004379961496016345,True
Stat3_Etch_MV_Gas7Flow,2024-07-05_01,2,1,1.877257526279692,1.9814514125609706,-0.10419388628127857,0.011197121046604577,True
Stat3_Etch_MV_Gas7Flow,2024-07-05_02,2,2,2.010605131810583,1.992648533607575,0.01795659820300788,0.011197121046604577,True
Stat3_Etch_MV_Gas7Flow,2024-07-05_03,2,3,2.044520187640979,2.00384565465418,0.04067453298679924,0.011197121046604577,True
Stat3_Etch_MV_Gas7Flow,2024-07-05_04,2,4,2.048864202994493,2.0150427757007843,0.03382142729370852,0.011197121046604577,True
Stat3_Etch_MV_Gas7Flow,2024-07-05_05,2,5,2.063838131409431,2.0262398967473887,0.03759823466204226,0.011197121046604577,True
Stat3_Etch_MV_Gas7Flow,2024-07-05_06,2,6,2.061601424209253,2.0374370177939936,0.02416440641525952,0.011197121046604577,True
Stat3_Etch_MV_Gas7Flow,2024-07-05_07,2,7,2.066215264043932,2.048634138840598,0.017581125203334214,0.011197121046604577,True
Stat3_Etch_MV_Gas7Flow,2024-07-05_08,2,8,2.0530308674500195,2.0598312598872024,-0.0068003924371828894,0.011197121046604577,True
Stat3_Etch_MV_Gas7Flow,2024-07-05_09,2,9,2.053678887464529,2.0710283809338073,-0.017349493469278165,0.011197121046604577,True
Stat3_Etch_MV_Gas7Flow,2024-07-05_10,2,10,2.038772949404001,2.0822255019804117,-0.043452552576410675,0.011197121046604577,True
Stat3_Etch_MV_Gas7Flow,2024-07-09_01,3,1,1.906081576484456,1.9338542707930273,-0.02777269430857121,0.015579297729231558,True
Stat3_Etch_MV_Gas7Flow,2024-07-09_02,3,2,1.875359537740869,1.949433568522259,-0.07407403078139008,0.015579297729231558,True
Stat3_Etch_MV_Gas7Flow,2024-07-09_03,3,3,1.95003009691401,1.9650128662514905,-0.01498276933748044,0.015579297729231558,True
Stat3_Etch_MV_Gas7Flow,2024-07-09_04,3,4,2.032163125182904,1.980592163980722,0.051570961202182186,0.015579297729231558,True
Stat3_Etch_MV_Gas7Flow,2024-07-09_05,3,5,2.0600530730775626,1.9961714617099535,0.06388161136760906,0.015579297729231558,True
Stat3_Etch_MV_Gas7Flow,2024-07-09_06,3,6,2.072046086844773,2.011750759439185,0.06029532740558796,0.015579297729231558,True
Stat3_Etch_MV_Gas7Flow,2024-07-09_07,3,7,2.0674180042783554,2.0273300571684167,0.04008794710993868,0.015579297729231558,True
Stat3_Etch_MV_Gas7Flow,2024-07-09_08,3,8,2.0372818110978392,2.0429093548976485,-0.0056275437998092315,0.015579297729231558,True
Stat3_Etch_MV_Gas7Flow,2024-07-09_09,3,9,2.026890645613841,2.0584886526268797,-0.03159800701303883,0.015579297729231558,True
Stat3_Etch_MV_Gas7Flow,2024-07-09_10,3,10,2.012287148511088,2.0740679503561115,-0.061780801845023436,0.015579297729231558,True
Stat3_Etch_MV_Gas7Flow,2024-07-11_01,4,1,1.992183217672312,2.0240719863926464,-0.031888768720334415,0.005413077285441497,True
Stat3_Etch_MV_Gas7Flow,2024-07-11_02,4,2,2.0382480416079503,2.029485063678088,0.008762977929862359,0.005413077285441497,True
Stat3_Etch_MV_Gas7Flow,2024-07-11_03,4,3,2.0400032839558127,2.0348981409635294,0.0051051429922832625,0.005413077285441497,True
Stat3_Etch_MV_Gas7Flow,2024-07-11_04,4,4,2.0564225586072054,2.040311218248971,0.01611134035823447,0.005413077285441497,True
Stat3_Etch_MV_Gas7Flow,2024-07-11_05,4,5,2.0579614394689463,2.0457242955344124,0.0122371439345339,0.005413077285441497,True
Stat3_Etch_MV_Gas7Flow,2024-07-11_06,4,6,2.061571331336641,2.051137372819854,0.01043395851678719,0.005413077285441497,True
Stat3_Etch_MV_Gas7Flow,2024-07-11_07,4,7,2.070910563151682,2.0565504501052954,0.014360113046386846,0.005413077285441497,True
Stat3_Etch_MV_Gas7Flow,2024-07-11_08,4,8,2.048437458012373,2.061963527390737,-0.013526069378363648,0.005413077285441497,True
Stat3_Etch_MV_Gas7Flow,2024-07-11_09,4,9,2.032917902502648,2.0673766046761783,-0.03445870217353031,0.005413077285441497,True
Stat3_Etch_MV_Gas7Flow,2024-07-11_10,4,10,2.08565254545576,2.07278968196162,0.012862863494140342,0.005413077285441497,True
Stat3_Etch_MV_Gas7Flow,2024-07-19_01,5,1,1.988721780924208,2.0289624665954893,-0.04024068567128136,0.0051515928710314796,True
Stat3_Etch_MV_Gas7Flow,2024-07-19_02,5,2,2.042820906357185,2.034114059466521,0.008706846890664366,0.0051515928710314796,True
Stat3_Etch_MV_Gas7Flow,2024-07-19_03,5,3,2.051424228798303,2.0392656523375523,0.01215857646075058,0.0051515928710314796,True
Stat3_Etch_MV_Gas7Flow,2024-07-19_04,5,4,2.0668245467447464,2.044417245208584,0.02240730153616255,0.0051515928710314796,True
Stat3_Etch_MV_Gas7Flow,2024-07-19_05,5,5,2.0629598139520477,2.0495688380796153,0.013390975872432431,0.0051515928710314796,True
Stat3_Etch_MV_Gas7Flow,2024-07-19_06,5,6,2.06681372094258,2.054720430950647,0.012093289991933265,0.0051515928710314796,True
Stat3_Etch_MV_Gas7Flow,2024-07-19_07,5,7,2.055620148603592,2.0598720238216783,-0.004251875218086454,0.0051515928710314796,True
Stat3_Etch_MV_Gas7Flow,2024-07-19_08,5,8,2.050725464476506,2.0650236166927094,-0.014298152216203341,0.0051515928710314796,True
Stat3_Etch_MV_Gas7Flow,2024-07-19_09,5,9,2.069156651794515,2.070175209563741,-0.0010185577692261027,0.0051515928710314796,True
Stat3_Etch_MV_Gas7Flow,2024-07-19_10,5,10,2.0663790825576296,2.0753268024347724,-0.008947719877142823,0.0051515928710314796,True
Stat3_Etch_MV_Gas7Flow,2024-08-01_01,6,1,1.98749663460479,1.9376301795963669,0.04986645500842313,0.021229956844907208,True
Stat3_Etch_MV_Gas7Flow,2024-08-01_02,6,2,1.887581935455169,1.958860136441274,-0.07127820098610504,0.021229956844907208,True
Stat3_Etch_MV_Gas7Flow,2024-08-01_03,6,3,1.931644937299399,1.9800900932861811,-0.04844515598678223,0.021229956844907208,True
Stat3_Etch_MV_Gas7Flow,2024-08-01_04,6,4,1.9964861241681489,2.0013200501310884,-0.004833925962939523,0.021229956844907208,True
Stat3_Etch_MV_Gas7Flow,2024-08-01_05,6,5,2.063884945985506,2.0225500069759956,0.041334939009510574,0.021229956844907208,True
Stat3_Etch_MV_Gas7Flow,2024-08-01_06,6,6,2.07329743164928,2.043779963820903,0.029517467828377164,0.021229956844907208,True
Stat3_Etch_MV_Gas7Flow,2024-08-01_07,6,7,2.1061109094860173,2.06500992066581,0.041100988820207185,0.021229956844907208,True
Stat3_Etch_MV_Gas7Flow,2024-08-01_08,6,8,2.1083316463405413,2.0862398775107174,0.022091768829823888,0.021229956844907208,True
Stat3_Etch_MV_Gas7Flow,2024-08-01_09,6,9,2.104785924372466,2.1074698343556246,-0.0026839099831588165,0.021229956844907208,True
Stat3_Etch_MV_Gas7Flow,2024-08-01_10,6,10,2.072029364623181,2.128699791200532,-0.056670426577350774,0.021229956844907208,True
Stat3_Etch_MV_Gas7Flow,2024-08-05_01,7,1,2.0827959248054784,2.0819408393632806,0.0008550854421978116,0.00409012481398072,True
Stat3_Etch_MV_Gas7Flow,2024-08-05_02,7,2,2.0799330916543424,2.086030964177261,-0.0060978725229188235,0.00409012481398072,True
Stat3_Etch_MV_Gas7Flow,2024-08-05_03,7,3,2.095446871974135,2.0901210889912423,0.005325782982892768,0.00409012481398072,True
Stat3_Etch_MV_Gas7Flow,2024-08-05_04,7,4,2.097709761459825,2.094211213805223,0.0034985476546021133,0.00409012481398072,True
Stat3_Etch_MV_Gas7Flow,2024-08-05_05,7,5,2.0954429572420112,2.0983013386192035,-0.0028583813771922983,0.00409012481398072,True
Stat3_Etch_MV_Gas7Flow,2024-08-05_06,7,6,2.1016683012536044,2.102391463433184,-0.0007231621795797949,0.00409012481398072,True
Stat3_Etch_MV_Gas7Flow,2024-08-07_01,8,1,2.044522813090714,2.1113462294789413,-0.06682341638822731,-0.015623411343586859,True
Stat3_Etch_MV_Gas7Flow,2024-08-07_02,8,2,2.085361302800539,2.0957228181353544,-0.01036151533481533,-0.015623411343586859,True
Stat3_Etch_MV_Gas7Flow,2024-08-07_03,8,3,2.0909041629919485,2.0800994067917675,0.010804756200180954,-0.015623411343586859,True
Stat3_Etch_MV_Gas7Flow,2024-08-07_04,8,4,2.095205583129189,2.0644759954481806,0.030729587681008308,-0.015623411343586859,True
Stat3_Etch_MV_Gas7Flow,2024-08-07_05,8,5,2.094122332499921,2.048852584104594,0.045269748395326825,-0.015623411343586859,True
Stat3_Etch_MV_Gas7Flow,2024-08-07_06,8,6,2.088411323681324,2.0332291727610072,0.055182150920316975,-0.015623411343586859,True
Stat3_Etch_MV_Gas7Flow,2024-08-07_07,8,7,2.0974523224825843,2.0176057614174203,0.07984656106516397,-0.015623411343586859,True
Stat3_Etch_MV_Gas7Flow,2024-08-07_08,8,8,1.909149783388478,2.0019823500738334,-0.09283256668535533,-0.015623411343586859,True
Stat3_Etch_MV_Gas7Flow,2024-08-07_09,8,9,1.909699093932812,1.9863589387302465,-0.07665984479743448,-0.015623411343586859,True
Stat3_Etch_MV_Gas7Flow,2024-08-07_10,8,10,1.9955800663304943,1.9707355273866596,0.02484453894383476,-0.015623411343586859,True
Stat3_Etch_MV_Gas7Flow,2024-08-21_01,9,1,2.060836075261285,2.0858466521911105,-0.025010576929825667,0.004541616762415754,True
Stat3_Etch_MV_Gas7Flow,2024-08-21_02,9,2,2.097508323152727,2.090388268953526,0.007120054199201142,0.004541616762415754,True
Stat3_Etch_MV_Gas7Flow,2024-08-21_03,9,3,2.100127016011388,2.094929885715942,0.005197130295445884,0.004541616762415754,True
Stat3_Etch_MV_Gas7Flow,2024-08-21_04,9,4,2.109408206702156,2.0994715024783575,0.009936704223798554,0.004541616762415754,True
Stat3_Etch_MV_Gas7Flow,2024-08-21_05,9,5,2.113574041486464,2.1040131192407734,0.009560922245690495,0.004541616762415754,True
Stat3_Etch_MV_Gas7Flow,2024-08-21_06,9,6,2.11930778510468,2.1085547360031893,0.010753049101490664,0.004541616762415754,True
Stat3_Etch_MV_Gas7Flow,2024-08-21_07,9,7,2.1116415717776347,2.113096352765605,-0.001454780987970139,0.004541616762415754,True
Stat3_Etch_MV_Gas7Flow,2024-08-21_08,9,8,2.104543595200835,2.1176379695280207,-0.013094374327185854,0.004541616762415754,True
Stat3_Etch_MV_Gas7Flow,2024-08-21_09,9,9,2.1340504916382343,2.1221795862904362,0.01187090534779811,0.004541616762415754,True
Stat3_Etch_MV_Gas7Flow,2024-08-21_10,9,10,2.1118421698844143,2.126721203052852,-0.01487903316843786,0.004541616762415754,True
Stat3_Etch_MV_Gas7Flow,2024-08-22_01,10,1,2.107439365944408,2.108983703111482,-0.00154433716707425,-0.00034170148553875,True
Stat3_Etch_MV_Gas7Flow,2024-08-22_02,10,2,2.0941195897758007,2.1086420016259435,-0.014522411850142802,-0.00034170148553875,True
Stat3_Etch_MV_Gas7Flow,2024-08-22_03,10,3,2.1101905508050947,2.108300300140405,0.001890250664689841,-0.00034170148553875,True
Stat3_Etch_MV_Gas7Flow,2024-08-22_04,10,4,2.1114443222123698,2.1079585986548657,0.0034857235575040946,-0.00034170148553875,True
Stat3_Etch_MV_Gas7Flow,2024-08-22_05,10,5,2.116396630551635,2.107616897169327,0.008779733382307864,-0.00034170148553875,True
Stat3_Etch_MV_Gas7Flow,2024-08-22_06,10,6,2.123820566842633,2.1072751956837883,0.0165453711588448,-0.00034170148553875,True
Stat3_Etch_MV_Gas7Flow,2024-08-22_07,10,7,2.1017304715770546,2.1069334941982496,-0.005203022621194986,-0.00034170148553875,True
Stat3_Etch_MV_Gas7Flow,2024-08-22_08,10,8,2.109332423161051,2.106591792712711,0.0027406304483399424,-0.00034170148553875,True
Stat3_Etch_MV_Gas7Flow,2024-08-22_09,10,9,2.1022299799541293,2.106250091227172,-0.0040201112730429145,-0.00034170148553875,True
Stat3_Etch_MV_Gas7Flow,2024-08-22_10,10,10,2.097756563441405,2.1059083897416335,-0.008151826300228482,-0.00034170148553875,True
Stat3_Etch_MV_Heater1Temp,2024-07-02_01,1,1,1371.013408096977,1371.0134098441827,-1.7472057152190246e-06,0.00011387279373542354,True
Stat3_Etch_MV_Heater1Temp,2024-07-02_02,1,2,1371.0139414879584,1371.0135237169764,0.0004177709820396558,0.00011387279373542354,True
Stat3_Etch_MV_Heater1Temp,2024-07-02_03,1,3,1371.013503890578,1371.0136375897703,-0.00013369919224714977,0.00011387279373542354,True
Stat3_Etch_MV_Heater1Temp,2024-07-02_04,1,4,1371.0128688066152,1371.013751462564,-0.0008826559487715713,0.00011387279373542354,True
Stat3_Etch_MV_Heater1Temp,2024-07-02_05,1,5,1371.0153575942095,1371.0138653353577,0.0014922588518402335,0.00011387279373542354,True
Stat3_Etch_MV_Heater1Temp,2024-07-02_06,1,6,1371.013971847182,1371.0139792081513,-7.360969448200194e-06,0.00011387279373542354,True
Stat3_Etch_MV_Heater1Temp,2024-07-02_07,1,7,1371.0121668717088,1371.014093080945,-0.0019262092362168914,0.00011387279373542354,True
Stat3_Etch_MV_Heater1Temp,2024-07-02_08,1,8,1371.0155256204043,1371.014206953739,0.0013186666653837165,0.00011387279373542354,True
Stat3_Etch_MV_Heater1Temp,2024-07-02_09,1,9,1371.0129356575585,1371.0143208265326,-0.0013851689741386508,0.00011387279373542354,True
Stat3_Etch_MV_Heater1Temp,2024-07-02_10,1,10,1371.0155428443534,1371.0144346993263,0.001108145027046703,0.00011387279373542354,True
Stat3_Etch_MV_Heater1Temp,2024-07-05_01,2,1,1371.0146786897078,1371.0133310268495,0.0013476628582793637,0.00016530365653344564,True
Stat3_Etch_MV_Heater1Temp,2024-07-05_02,2,2,1371.0113312349156,1371.013496330506,-0.0021650955904988223,0.00016530365653344564,True
Stat3_Etch_MV_Heater1Temp,2024-07-05_03,2,3,1371.014105549069,1371.0136616341626,0.0004439149063273362,0.00016530365653344564,True
Stat3_Etch_MV_Heater1Temp,2024-07-05_04,2,4,1371.0136391424364,1371.0138269378192,-0.0001877953827715828,0.00016530365653344564,True
Stat3_Etch_MV_Heater1Temp,2024-07-05_05,2,5,1371.0121000207655,1371.0139922414755,-0.0018922207100331434,0.00016530365653344564,True
Stat3_Etch_MV_Heater1Temp,2024-07-05_06,2,6,1371.0184508603936,1371.014157545132,0.004293315261520547,0.00016530365653344564,True
Stat3_Etch_MV_Heater1Temp,2024-07-05_07,2,7,1371.0115986386895,1371.0143228487887,-0.0027242100991315965,0.00016530365653344564,True
Stat3_Etch_MV_Heater1Temp,2024-07-05_08,2,8,1371.016629003709,1371.0144881524452,0.002140851263902732,0.00016530365653344564,True
Stat3_Etch_MV_Heater1Temp,2024-07-05_09,2,9,1371.0140433933425,1371.0146534561018,-0.0006100627592786623,0.00016530365653344564,True
Stat3_Etch_MV_Heater1Temp,2024-07-05_10,2,10,1371.0141724000125,1371.0148187597583,-0.0006463597458150616,0.00016530365653344564,True
Stat3_Etch_MV_Heater1Temp,2024-07-09_01,3,1,1371.0117323405764,1371.012375170696,-0.0006428301196592656,0.00041039808693662253,True
Stat3_Etch_MV_Heater1Temp,2024-07-09_02,3,2,1371.0147813366304,1371.012785568783,0.0019957678473474516,0.00041039808693662253,True
Stat3_Etch_MV_Heater1Temp,2024-07-09_03,3,3,1371.0128019556716,1371.01319596687,-0.0003940111982956296,0.00041039808693662253,True
Stat3_Etch_MV_Heater1Temp,2024-07-09_04,3,4,1371.0143061018994,1371.013606364957,0.000699736942351592,0.00041039808693662253,True
Stat3_Etch_MV_Heater1Temp,2024-07-09_05,3,5,1371.013708471777,1371.0140167630439,-0.0003082912669469806,0.00041039808693662253,True
Stat3_Etch_MV_Heater1Temp,2024-07-09_06,3,6,1371.0109969801983,1371.0144271611307,-0.0034301809323551424,0.00041039808693662253,True
Stat3_Etch_MV_Heater1Temp,2024-07-09_07,3,7,1371.014812436311,1371.0148375592178,-2.512290666345507e-05,0.00041039808693662253,True
Stat3_Etch_MV_Heater1Temp,2024-07-09_08,3,8,1371.0180163292612,1371.0152479573046,0.002768371956562987,0.00041039808693662253,True
Stat3_Etch_MV_Heater1Temp,2024-07-09_09,3,9,1371.0138381452953,1371.0156583553917,-0.0018202100964117562,0.00041039808693662253,True
Stat3_Etch_MV_Heater1Temp,2024-07-09_10,3,10,1371.0172255232528,1371.0160687534785,0.0011567697742975724,0.00041039808693662253,True
Stat3_Etch_MV_Heater1Temp,2024-07-11_01,4,1,1371.014005272654,1371.0158519492088,-0.0018466765548055264,-0.00017432046502876262,True
Stat3_Etch_MV_Heater1Temp,2024-07-11_02,4,2,1371.0187516896392,1371.0156776287438,0.003074060895414732,-0.00017432046502876262,True
Stat3_Etch_MV_Heater1Temp,2024-07-11_03,4,3,1371.0134473969792,1371.0155033082788,-0.00205591129952154,-0.00017432046502876262,True
Stat3_Etch_MV_Heater1Temp,2024-07-11_04,4,4,1371.014005272654,1371.0153289878137,-0.001323715159742278,-0.00017432046502876262,True
Stat3_Etch_MV_Heater1Temp,2024-07-11_05,4,5,1371.0189196825977,1371.0151546673487,0.0037650152489732136,-0.00017432046502876262,True
Stat3_Etch_MV_Heater1Temp,2024-07-11_06,4,6,1371.014005272654,1371.0149803468837,-0.0009750742297001125,-0.00017432046502876262,True
Stat3_Etch_MV_Heater1Temp,2024-07-11_07,4,7,1371.0139078940117,1371.0148060264187,-0.0008981324069736729,-0.00017432046502876262,True
Stat3_Etch_MV_Heater1Temp,2024-07-11_08,4,8,1371.0166625976562,1371.0146317059537,0.002030891702588633,-0.00017432046502876262,True
Stat3_Etch_MV_Heater1Temp,2024-07-11_09,4,9,1371.012526491855,1371.0144573854886,-0.0019308936336983606,-0.00017432046502876262,True
Stat3_Etch_MV_Heater1Temp,2024-07-11_10,4,10,1371.0144435004593,1371.0142830650236,0.00016043543564592255,-0.00017432046502876262,True
Stat3_Etch_MV_Heater1Temp,2024-07-19_01,5,1,1371.0106879610464,1371.0136983463258,-0.003010385279367256,9.601965563090229e-05,True
Stat3_Etch_MV_Heater1Temp,2024-07-19_02,5,2,1371.0158407262854,1371.0137943659815,0.0020463603038933798,9.601965563090229e-05,True
Stat3_Etch_MV_Heater1Temp,2024-07-19_03,5,3,1371.0164119066185,1371.013890385637,0.0025215209814177797,9.601965563090229e-05,True
Stat3_Etch_MV_Heater1Temp,2024-07-19_04,5,4,1371.0119930390388,1371.0139864052928,-0.0019933662540552177,9.601965563090229e-05,True
Stat3_Etch_MV_Heater1Temp,2024-07-19_05,5,5,1371.016116465693,1371.0140824249484,0.002034040744547383,9.601965563090229e-05,True
Stat3_Etch_MV_Heater1Temp,2024-07-19_06,5,6,1371.0142726764277,1371.014178444604,9.423182359569182e-05,9.601965563090229e-05,True
Stat3_Etch_MV_Heater1Temp,2024-07-19_07,5,7,1371.0134370396345,1371.0142744642596,-0.0008374246251605655,9.601965563090229e-05,True
Stat3_Etch_MV_Heater1Temp,2024-07-19_08,5,8,1371.0149077603903,1371.0143704839154,0.0005372764749154157,9.601965563090229e-05,True
Stat3_Etch_MV_Heater1Temp,2024-07-19_09,5,9,1371.010389229216,1371.014466503571,-0.004077274355040572,9.601965563090229e-05,True
Stat3_Etch_MV_Heater1Temp,2024-07-19_10,5,10,1371.0172475434117,1371.0145625232265,0.0026850201852539612,9.601965563090229e-05,True
Stat3_Etch_MV_Heater1Temp,2024-08-01_01,6,1,1371.0136055484895,1371.0140926186616,-0.0004870701720847137,1.1914995254126035e-05,True
Stat3_Etch_MV_Heater1Temp,2024-08-01_02,6,2,1371.015748662534,1371.014104533657,0.0016441288769328821,1.1914995254126035e-05,True
Stat3_Etch_MV_Heater1Temp,2024-08-01_03,6,3,1371.011464936803,1371.0141164486522,-0.002651511849308008,1.1914995254126035e-05,True
Stat3_Etch_MV_Heater1Temp,2024-08-01_04,6,4,1371.017448096242,1371.0141283636474,0.0033197325947185163,1.1914995254126035e-05,True
Stat3_Etch_MV_Heater1Temp,2024-08-01_05,6,5,1371.011531787746,1371.0141402786428,-0.0026084908968186937,1.1914995254126035e-05,True
Stat3_Etch_MV_Heater1Temp,2024-08-01_06,6,6,1371.013408490349,1371.014152193638,-0.000743703288890174,1.1914995254126035e-05,True
Stat3_Etch_MV_Heater1Temp,2024-08-01_07,6,7,1371.0166345932903,1371.0141641086332,0.0024704846571239614,1.1914995254126035e-05,True
Stat3_Etch_MV_Heater1Temp,2024-08-01_08,6,8,1371.0122337226524,1371.0141760236284,-0.0019423009759975685,1.1914995254126035e-05,True
Stat3_Etch_MV_Heater1Temp,2024-08-01_09,6,9,1371.0165511421535,1371.0141879386238,0.0023632035297396214,1.1914995254126035e-05,True
Stat3_Etch_MV_Heater1Temp,2024-08-01_10,6,10,1371.0128353811435,1371.014199853619,-0.0013644724754158233,1.1914995254126035e-05,True
Stat3_Etch_MV_Heater1Temp,2024-08-05_01,7,1,1371.018122664742,1371.0137140449333,0.004408619808600633,0.0006722206018058849,True
Stat3_Etch_MV_Heater1Temp,2024-08-05_02,7,2,1371.0103618962355,1371.0143862655352,-0.004024369299713726,0.0006722206018058849,True
Stat3_Etch_MV_Heater1Temp,2024-08-05_03,7,3,1371.0147141487369,1371.015058486137,-0.0003443374000653421,0.0006722206018058849,True
Stat3_Etch_MV_Heater1Temp,2024-08-05_04,7,4,1371.013503890578,1371.0157307067389,-0.0022268161608280934,0.0006722206018058849,True
Stat3_Etch_MV_Heater1Temp,2024-08-05_05,7,5,1371.0159439500142,1371.0164029273406,-0.0004589773263887764,0.0006722206018058849,True
Stat3_Etch_MV_Heater1Temp,2024-08-05_06,7,6,1371.0197210283193,1371.0170751479425,0.0026458803768036887,0.0006722206018058849,True
Stat3_Etch_MV_Heater1Temp,2024-08-07_01,8,1,1371.0124633542953,1371.0141601475348,-0.001696793239489125,1.4147887096201511e-05,True
Stat3_Etch_MV_Heater1Temp,2024-08-07_02,8,2,1371.0146182789522,1371.014174295422,0.0004439835302036954,1.4147887096201511e-05,True
Stat3_Etch_MV_Heater1Temp,2024-08-07_03,8,3,1371.0176427504596,1371.014188443309,0.0034543071506050183,1.4147887096201511e-05,True
Stat3_Etch_MV_Heater1Temp,2024-08-07_04,8,4,1371.0105958745378,1371.0142025911962,-0.0036067166583961807,1.4147887096201511e-05,True
Stat3_Etch_MV_Heater1Temp,2024-08-07_05,8,5,1371.015576269825,1371.0142167390832,0.0013595307418654556,1.4147887096201511e-05,True
Stat3_Etch_MV_Heater1Temp,2024-08-07_06,8,6,1371.014478069803,1371.0142308869704,0.00024718283270885877,1.4147887096201511e-05,True
Stat3_Etch_MV_Heater1Temp,2024-08-07_07,8,7,1371.014974611334,1371.0142450348574,0.0007295764767150104,1.4147887096201511e-05,True
Stat3_Etch_MV_Heater1Temp,2024-08-07_08,8,8,1371.0139786521686,1371.0142591827446,-0.0002805305759920884,1.4147887096201511e-05,True
Stat3_Etch_MV_Heater1Temp,2024-08-07_09,8,9,1371.0140386981257,1371.0142733306316,-0.00023463250590793905,1.4147887096201511e-05,True
Stat3_Etch_MV_Heater1Temp,2024-08-07_10,8,10,1371.013871570767,1371.0142874785188,-0.0004159077518579579,1.4147887096201511e-05,True
Stat3_Etch_MV_Heater1Temp,2024-08-21_01,9,1,1371.0145449431045,1371.013398691879,0.0011462512254638568,0.00031273018195274844,True
Stat3_Etch_MV_Heater1Temp,2024-08-21_02,9,2,1371.0147455630097,1371.0137114220609,0.0010341409488319186,0.00031273018195274844,True
Stat3_Etch_MV_Heater1Temp,2024-08-21_03,9,3,1371.0102616198203,1371.0140241522429,-0.003762532422570075,0.00031273018195274844,True
Stat3_Etch_MV_Heater1Temp,2024-08-21_04,9,4,1371.0158770990706,1371.014336882425,0.0015402166457079147,0.00031273018195274844,True
Stat3_Etch_MV_Heater1Temp,2024-08-21_05,9,5,1371.0168464377507,1371.0146496126067,0.0021968251439830055,0.00031273018195274844,True
Stat3_Etch_MV_Heater1Temp,2024-08-21_06,9,6,1371.0118922571985,1371.0149623427887,-0.003070085590252347,0.00031273018195274844,True
Stat3_Etch_MV_Heater1Temp,2024-08-21_07,9,7,1371.0155428443534,1371.0152750729708,0.00026777138259603817,0.00031273018195274844,True
Stat3_Etch_MV_Heater1Temp,2024-08-21_08,9,8,1371.0146403566168,1371.0155878031526,-0.0009474465357470763,0.00031273018195274844,True
Stat3_Etch_MV_Heater1Temp,2024-08-21_09,9,9,1371.0167953673588,1371.0159005333346,0.0008948340241659025,0.00031273018195274844,True
Stat3_Etch_MV_Heater1Temp,2024-08-21_10,9,10,1371.0169132886942,1371.0162132635166,0.0007000251775934885,0.00031273018195274844,True
Stat3_Etch_MV_Heater1Temp,2024-08-22_01,10,1,1371.0094629830596,1371.0123583514217,-0.0028953683620329684,0.0003138946209215286,True
Stat3_Etch_MV_Heater1Temp,2024-08-22_02,10,2,1371.0136055484895,1371.0126722460427,0.0009333024468105577,0.0003138946209215286,True
Stat3_Etch_MV_Heater1Temp,2024-08-22_03,10,3,1371.0145735056733,1371.0129861406635,0.0015873650097546488,0.0003138946209215286,True
Stat3_Etch_MV_Heater1Temp,2024-08-22_04,10,4,1371.0143395273712,1371.0133000352846,0.0010394920866474422,0.0003138946209215286,True
Stat3_Etch_MV_Heater1Temp,2024-08-22_05,10,5,1371.0138789636949,1371.0136139299054,0.0002650337894465338,0.0003138946209215286,True
Stat3_Etch_MV_Heater1Temp,2024-08-22_06,10,6,1371.012564136136,1371.0139278245263,-0.0013636883902563568,0.0003138946209215286,True
Stat3_Etch_MV_Heater1Temp,2024-08-22_07,10,7,1371.01672978555,1371.0142417191473,0.0024880664027477906,0.0003138946209215286,True
Stat3_Etch_MV_Heater1Temp,2024-08-22_08,10,8,1371.0144435004593,1371.0145556137682,-0.00011211330888727389,0.0003138946209215286,True
Stat3_Etch_MV_Heater1Temp,2024-08-22_09,10,9,1371.013002508502,1371.0148695083892,-0.0018669998871700955,0.0003138946209215286,True
Stat3_Etch_MV_Heater1Temp,2024-08-22_10,10,10,1371.015108313221,1371.01518340301,-7.508978910664155e-05,0.0003138946209215286,True
Stat3_Etch_MV_Heater2Temp,2024-07-02_01,1,1,54.43598669938818,54.44379233280098,-0.0078056334128007165,-0.0032613087624891006,True
Stat3_Etch_MV_Heater2Temp,2024-07-02_02,1,2,54.44788270227371,54.44053102403849,0.007351678235217207,-0.0032613087624891006,True
Stat3_Etch_MV_Heater2Temp,2024-07-02_03,1,3,54.43229673124802,54.437269715276,-0.004972984027979521,-0.0032613087624891006,True
Stat3_Etch_MV_Heater2Temp,2024-07-02_04,1,4,54.44463382824254,54.43400840651351,0.010625421729024254,-0.0032613087624891006,True
Stat3_Etch_MV_Heater2Temp,2024-07-02_05,1,5,54.42877329850397,54.43074709775102,-0.0019737992470538757,-0.0032613087624891006,True
Stat3_Etch_MV_Heater2Temp,2024-07-02_06,1,6,54.42754902866763,54.427485788988534,6.323967909338535e-05,-0.0032613087624891006,True
Stat3_Etch_MV_Heater2Temp,2024-07-02_07,1,7,54.41802020441207,54.424224480226044,-0.006204275813971094,-0.0032613087624891006,True
Stat3_Etch_MV_Heater2Temp,2024-07-02_08,1,8,54.42272246673328,54.420963171463555,0.0017592952697285114,-0.0032613087624891006,True
Stat3_Etch_MV_Heater2Temp,2024-07-02_09,1,9,54.42490776977744,54.41770186270107,0.0072059070763685895,-0.0032613087624891006,True
Stat3_Etch_MV_Heater2Temp,2024-07-02_10,1,10,54.40839170445092,54.41444055393858,-0.006048849487662267,-0.0032613087624891006,True
Stat3_Etch_MV_Heater2Temp,2024-07-05_01,2,1,54.08247451016735,54.052120532174335,0.0303539779930162,-0.0056683761643379306,True
Stat3_Etch_MV_Heater2Temp,2024-07-05_02,2,2,54.04854546881408,54.04645215601,0.002093312804085201,-0.0056683761643379306,True
Stat3_Etch_MV_Heater2Temp,2024-07-05_03,2,3,54.03881638889447,54.04078377984566,-0.0019673909511936927,-0.0056683761643379306,True
Stat3_Etch_MV_Heater2Temp,2024-07-05_04,2,4,54.01549087032195,54.03511540368132,-0.019624533359369423,-0.0056683761643379306,True
Stat3_Etch_MV_Heater2Temp,2024-07-05_05,2,5,54.00127079924466,54.02944702751698,-0.028176228272322135,-0.0056683761643379306,True
Stat3_Etch_MV_Heater2Temp,2024-07-05_06,2,6,54.01748563357717,54.02377865135264,-0.006293017775476528,-0.0056683761643379306,True
Stat3_Etch_MV_Heater2Temp,2024-07-05_07,2,7,54.01989283126479,54.018110275188306,0.0017825560764848092,-0.0056683761643379306,True
Stat3_Etch_MV_Heater2Temp,2024-07-05_08,2,8,54.011055090094125,54.01244189902397,-0.0013868089298441078,-0.0056683761643379306,True
Stat3_Etch_MV_Heater2Temp,2024-07-05_09,2,9,54.011839317398326,54.00677352285963,0.00506579453869449,-0.0056683761643379306,True
Stat3_Etch_MV_Heater2Temp,2024-07-05_10,2,10,54.01925748457123,54.001105146695295,0.01815233787593229,-0.0056683761643379306,True
Stat3_Etch_MV_Heater2Temp,2024-07-09_01,3,1,54.93346676177622,54.91684895872071,0.01661780305550309,-0.0016124419292314683,True
Stat3_Etch_MV_Heater2Temp,2024-07-09_02,3,2,54.92651160429882,54.91523651679148,0.011275087507335968,-0.0016124419292314683,True
Stat3_Etch_MV_Heater2Temp,2024-07-09_03,3,3,54.9062181662174,54.91362407486225,-0.00740590864484858,-0.0016124419292314683,True
Stat3_Etch_MV_Heater2Temp,2024-07-09_04,3,4,54.89715787631857,54.91201163293302,-0.014853756614449765,-0.0016124419292314683,True
Stat3_Etch_MV_Heater2Temp,2024-07-09_05,3,5,54.901792484450624,54.91039919100379,-0.008606706553166532,-0.0016124419292314683,True
Stat3_Etch_MV_Heater2Temp,2024-07-09_06,3,6,54.90023371480612,54.90878674907456,-0.008553034268437898,-0.0016124419292314683,True
Stat3_Etch_MV_Heater2Temp,2024-07-09_07,3,7,54.90193944057095,54.907174307145326,-0.00523486657437644,-0.0016124419292314683,True
Stat3_Etch_MV_Heater2Temp,2024-07-09_08,3,8,54.9024068321603,54.90556186521609,-0.003155033055790568,-0.0016124419292314683,True
Stat3_Etch_MV_Heater2Temp,2024-07-09_09,3,9,54.90441273160301,54.90394942328686,0.00046330831614938006,-0.0016124419292314683,True
Stat3_Etch_MV_Heater2Temp,2024-07-09_10,3,10,54.92179008818962,54.90233698135763,0.019453106831988976,-0.0016124419292314683,True
Stat3_Etch_MV_Heater2Temp,2024-07-11_01,4,1,54.70367712354389,54.71440590323365,-0.010728779689756607,-0.0014386363521860688,True
Stat3_Etch_MV_Heater2Temp,2024-07-11_02,4,2,54.72173196836604,54.712967266881456,0.008764701484587079,-0.0014386363521860688,True
Stat3_Etch_MV_Heater2Temp,2024-07-11_03,4,3,54.71112589992902,54.71152863052927,-0.0004027306002498676,-0.0014386363521860688,True
Stat3_Etch_MV_Heater2Temp,2024-07-11_04,4,4,54.72363782606568,54.71008999417709,0.01354783188859443,-0.0014386363521860688,True
Stat3_Etch_MV_Heater2Temp,2024-07-11_05,4,5,54.69814126140093,54.7086513578249,-0.01051009642397105,-0.0014386363521860688,True
Stat3_Etch_MV_Heater2Temp,2024-07-11_06,4,6,54.70391242570281,54.707212721472715,-0.0033002957699039825,-0.0014386363521860688,True
Stat3_Etch_MV_Heater2Temp,2024-07-11_07,4,7,54.71283661165545,54.70577408512053,0.007062526534916458,-0.0014386363521860688,True
Stat3_Etch_MV_Heater2Temp,2024-07-11_08,4,8,54.69835419808665,54.70433544876834,-0.005981250681692529,-0.0014386363521860688,True
Stat3_Etch_MV_Heater2Temp,2024-07-11_09,4,9,54.70739692757557,54.70289681241616,0.004500115159416396,-0.0014386363521860688,True
Stat3_Etch_MV_Heater2Temp,2024-07-11_10,4,10,54.69850615416203,54.70145817606397,-0.002952021901940327,-0.0014386363521860688,True
Stat3_Etch_MV_Heater2Temp,2024-07-19_01,5,1,54.40159346287944,54.415785991860716,-0.014192528981276098,-0.001251780948105781,True
Stat3_Etch_MV_Heater2Temp,2024-07-19_02,5,2,54.40459421003187,54.414534210912606,-0.00994000088073932,-0.001251780948105781,True
Stat3_Etch_MV_Heater2Temp,2024-07-19_03,5,3,54.42721483771994,54.413282429964504,0.013932407755433474,-0.001251780948105781,True
Stat3_Etch_MV_Heater2Temp,2024-07-19_04,5,4,54.42765425097558,54.412030649016394,0.015623601959184441,-0.001251780948105781,True
Stat3_Etch_MV_Heater2Temp,2024-07-19_05,5,5,54.41889610418109,54.41077886806829,0.008117236112795467,-0.001251780948105781,True
Stat3_Etch_MV_Heater2Temp,2024-07-19_06,5,6,54.403242704901,54.40952708712018,-0.006284382219185147,-0.001251780948105781,True
Stat3_Etch_MV_Heater2Temp,2024-07-19_07,5,7,54.40554957770855,54.40827530617208,-0.0027257284635311407,-0.001251780948105781,True
Stat3_Etch_MV_Heater2Temp,2024-07-19_08,5,8,54.41283829082258,54.40702352522397,0.0058147655986076074,-0.001251780948105781,True
Stat3_Etch_MV_Heater2Temp,2024-07-19_09,5,9,54.402855048616566,54.40577174427587,-0.002916695659301638,-0.001251780948105781,True
Stat3_Etch_MV_Heater2Temp,2024-07-19_10,5,10,54.397091288105855,54.40451996332776,-0.007428675221902381,-0.001251780948105781,True
Stat3_Etch_MV_Heater2Temp,2024-08-01_01,6,1,55.01307108709889,55.01191789515936,0.0011531919395366685,0.00030290441736330353,True
Stat3_Etch_MV_Heater2Temp,2024-08-01_02,6,2,55.02749153953731,55.012220799576724,0.015270739960584478,0.00030290441736330353,True
Stat3_Etch_MV_Heater2Temp,2024-08-01_03,6,3,55.01394176068652,55.012523703994084,0.0014180566924366644,0.00030290441736330353,True
Stat3_Etch_MV_Heater2Temp,2024-08-01_04,6,4,55.00247410092215,55.01282660841145,-0.010352507489301388,0.00030290441736330353,True
Stat3_Etch_MV_Heater2Temp,2024-08-01_05,6,5,54.99658979583607,55.01312951282881,-0.016539716992738818,0.00030290441736330353,True
Stat3_Etch_MV_Heater2Temp,2024-08-01_06,6,6,55.00793281362838,55.01343241724618,-0.005499603617799664,0.00030290441736330353,True
Stat3_Etch_MV_Heater2Temp,2024-08-01_07,6,7,55.01680677013237,55.01373532166354,0.00307144846883034,0.00030290441736330353,True
Stat3_Etch_MV_Heater2Temp,2024-08-01_08,6,8,55.02129721250952,55.014038226080906,0.00725898642861722,0.00030290441736330353,True
Stat3_Etch_MV_Heater2Temp,2024-08-01_09,6,9,55.01494981261799,55.014341130498266,0.0006086821197257564,0.00030290441736330353,True
Stat3_Etch_MV_Heater2Temp,2024-08-01_10,6,10,55.01825475740576,55.01464403491563,0.0036107224901300583,0.00030290441736330353,True
Stat3_Etch_MV_Heater2Temp,2024-08-05_01,7,1,54.69933071710593,54.71455854857162,-0.015227831465686847,-0.000923057805497983,True
Stat3_Etch_MV_Heater2Temp,2024-08-05_02,7,2,54.71738569412053,54.71363549076612,0.0037502033544072333,-0.000923057805497983,True
Stat3_Etch_MV_Heater2Temp,2024-08-05_03,7,3,54.72994010294637,54.71271243296062,0.017227669985750538,-0.000923057805497983,True
Stat3_Etch_MV_Heater2Temp,2024-08-05_04,7,4,54.71431038109446,54.71178937515513,0.002521005939328802,-0.000923057805497983,True
Stat3_Etch_MV_Heater2Temp,2024-08-05_05,7,5,54.715279639424864,54.71086631734963,0.004413322075237147,-0.000923057805497983,True
Stat3_Etch_MV_Heater2Temp,2024-08-05_06,7,6,54.69725888965521,54.70994325954413,-0.012684369888923186,-0.000923057805497983,True
Stat3_Etch_MV_Heater2Temp,2024-08-07_01,8,1,54.91753972602147,54.90310864011185,0.014431085909613728,0.006082787458830325,True
Stat3_Etch_MV_Heater2Temp,2024-08-07_02,8,2,54.9248064262326,54.90919142757068,0.015614998661916957,0.006082787458830325,True
Stat3_Etch_MV_Heater2Temp,2024-08-07_03,8,3,54.92736094498834,54.91527421502951,0.012086729958824094,0.006082787458830325,True
Stat3_Etch_MV_Heater2Temp,2024-08-07_04,8,4,54.91594757518813,54.92135700248834,-0.005409427300214986,0.006082787458830325,True
Stat3_Etch_MV_Heater2Temp,2024-08-07_05,8,5,54.90772303304159,54.92743978994717,-0.019716756905580723,0.006082787458830325,True
Stat3_Etch_MV_Heater2Temp,2024-08-07_06,8,6,54.88882894994424,54.933522577406,-0.04469362746176131,0.006082787458830325,True
Stat3_Etch_MV_Heater2Temp,2024-08-07_07,8,7,54.91203593155565,54.93960536486483,-0.027569433309182045,0.006082787458830325,True
Stat3_Etch_MV_Heater2Temp,2024-08-07_08,8,8,54.94938547798899,54.94568815232367,0.003697325665321216,0.006082787458830325,True
Stat3_Etch_MV_Heater2Temp,2024-08-07_09,8,9,54.99749257436208,54.9517709397825,0.04572163457957856,0.006082787458830325,True
Stat3_Etch_MV_Heater2Temp,2024-08-07_10,8,10,54.963691197442834,54.95785372724133,0.005837470201505823,0.006082787458830325,True
Stat3_Etch_MV_Heater2Temp,2024-08-21_01,9,1,55.03234056581223,55.029606901794466,0.002733664017760873,-0.001348432807749197,True
Stat3_Etch_MV_Heater2Temp,2024-08-21_02,9,2,55.04267514844403,55.02825846898672,0.014416679457312398,-0.001348432807749197,True
Stat3_Etch_MV_Heater2Temp,2024-08-21_03,9,3,55.02226640707033,55.02691003617897,-0.004643629108635139,-0.001348432807749197,True
Stat3_Etch_MV_Heater2Temp,2024-08-21_04,9,4,55.013373234327005,55.02556160337122,-0.012188369044217495,-0.001348432807749197,True
Stat3_Etch_MV_Heater2Temp,2024-08-21_05,9,5,55.017920303727344,55.02421317056347,-0.0062928668361266205,-0.001348432807749197,True
Stat3_Etch_MV_Heater2Temp,2024-08-21_06,9,6,55.02194230787216,55.022864737755725,-0.0009224298835661671,-0.001348432807749197,True
Stat3_Etch_MV_Heater2Temp,2024-08-21_07,9,7,55.02136413104874,55.02151630494797,-0.00015217389923094515,-0.001348432807749197,True
Stat3_Etch_MV_Heater2Temp,2024-08-21_08,9,8,55.02193240870683,55.02016787214023,0.0017645365666041357,-0.001348432807749197,True
Stat3_Etch_MV_Heater2Temp,2024-08-21_09,9,9,55.01660014781977,55.018819439332475,-0.0022192915127021706,-0.001348432807749197,True
Stat3_Etch_MV_Heater2Temp,2024-08-21_10,9,10,55.024974886767644,55.01747100652473,0.007503880242914818,-0.001348432807749197,True
Stat3_Etch_MV_Heater2Temp,2024-08-22_01,10,1,54.72650324740073,54.72325292539603,0.0032503220046962156,-0.0010211310667172225,True
Stat3_Etch_MV_Heater2Temp,2024-08-22_02,10,2,54.72748708724976,54.72223179432931,0.005255292920452348,-0.0010211310667172225,True
Stat3_Etch_MV_Heater2Temp,2024-08-22_03,10,3,54.714778140012896,54.721210663262596,-0.006432523249699784,-0.0010211310667172225,True
Stat3_Etch_MV_Heater2Temp,2024-08-22_04,10,4,54.71835534654705,54.720189532195874,-0.001834185648824871,-0.0010211310667172225,True
Stat3_Etch_MV_Heater2Temp,2024-08-22_05,10,5,54.71156344630137,54.71916840112916,-0.0076049548277907775,-0.0010211310667172225,True
Stat3_Etch_MV_Heater2Temp,2024-08-22_06,10,6,54.72120343997914,54.718147270062445,0.0030561699166966605,-0.0010211310667172225,True
Stat3_Etch_MV_Heater2Temp,2024-08-22_07,10,7,54.72164031638894,54.717126138995724,0.004514177393218688,-0.0010211310667172225,True
Stat3_Etch_MV_Heater2Temp,2024-08-22_08,10,8,54.71338465300085,54.71610500792901,-0.002720354928158031,-0.0010211310667172225,True
Stat3_Etch_MV_Heater2Temp,2024-08-22_09,10,9,54.717519684246014,54.715083876862295,0.0024358073837191796,-0.0010211310667172225,True
Stat3_Etch_MV_Heater2Temp,2024-08-22_10,10,10,54.714142994831256,54.71406274579557,8.024903568326636e-05,-0.0010211310667172225,True
Stat3_Etch_MV_Heater3Temp,2024-07-02_01,1,1,10.162575279350664,10.180012066743235,-0.017436787392570707,-0.0030766460772930493,True
Stat3_Etch_MV_Heater3Temp,2024-07-02_02,1,2,10.15819897318399,10.176935420665941,-0.01873644748195069,-0.0030766460772930493,True
Stat3_Etch_MV_Heater3Temp,2024-07-02_03,1,3,10.155867664601164,10.173858774588648,-0.01799110998748432,-0.0030766460772930493,True
Stat3_Etch_MV_Heater3Temp,2024-07-02_04,1,4,10.199999809265137,10.170782128511355,0.029217680753781394,-0.0030766460772930493,True
Stat3_Etch_MV_Heater3Temp,2024-07-02_05,1,5,10.197142687885702,10.167705482434062,0.029437205451639414,-0.0030766460772930493,True
Stat3_Etch_MV_Heater3Temp,2024-07-02_06,1,6,10.166466070791824,10.16462883635677,0.0018372344350545688,-0.0030766460772930493,True
Stat3_Etch_MV_Heater3Temp,2024-07-02_07,1,7,10.1979938026895,10.161552190279476,0.03644161241002308,-0.0030766460772930493,True
Stat3_Etch_MV_Heater3Temp,2024-07-02_08,1,8,10.1731092116412,10.158475544202183,0.014633667439017728,-0.0030766460772930493,True
Stat3_Etch_MV_Heater3Temp,2024-07-02_09,1,9,10.119726112796805,10.15539889812489,-0.035672785328085155,-0.0030766460772930493,True
Stat3_Etch_MV_Heater3Temp,2024-07-02_10,1,10,10.130591981748164,10.152322252047597,-0.02173027029943242,-0.0030766460772930493,True
Stat3_Etch_MV_Heater3Temp,2024-07-05_01,2,1,10.126020299471342,10.136052938080953,-0.010032638609610345,0.008280025105734315,True
Stat3_Etch_MV_Heater3Temp,2024-07-05_02,2,2,10.130391371844008,10.144332963186688,-0.013941591342680582,0.008280025105734315,True
Stat3_Etch_MV_Heater3Temp,2024-07-05_03,2,3,10.131126916834996,10.152612988292422,-0.021486071457426092,0.008280025105734315,True
Stat3_Etch_MV_Heater3Temp,2024-07-05_04,2,4,10.188911163037822,10.160893013398157,0.028018149639665424,0.008280025105734315,True
Stat3_Etch_MV_Heater3Temp,2024-07-05_05,2,5,10.201002822118394,10.16917303850389,0.03182978361450317,0.008280025105734315,True
Stat3_Etch_MV_Heater3Temp,2024-07-05_06,2,6,10.197492301045592,10.177453063609626,0.020039237435966584,0.008280025105734315,True
Stat3_Etch_MV_Heater3Temp,2024-07-05_07,2,7,10.171313924798994,10.18573308871536,-0.014419163916365108,0.008280025105734315,True
Stat3_Etch_MV_Heater3Temp,2024-07-05_08,2,8,10.188944793837043,10.194013113821093,-0.005068319984049552,0.008280025105734315,True
Stat3_Etch_MV_Heater3Temp,2024-07-05_09,2,9,10.200501483419668,10.202293138926828,-0.0017916555071604279,0.008280025105734315,True
Stat3_Etch_MV_Heater3Temp,2024-07-05_10,2,10,10.197425434159738,10.210573164032562,-0.013147729872823533,0.008280025105734315,True
Stat3_Etch_MV_Heater3Temp,2024-07-09_01,3,1,10.16532934744276,10.155027336144917,0.010302011297843805,0.003986982931930192,True
Stat3_Etch_MV_Heater3Temp,2024-07-09_02,3,2,10.179536231102482,10.159014319076846,0.020521912025635913,0.003986982931930192,True
Stat3_Etch_MV_Heater3Temp,2024-07-09_03,3,3,10.152323719650877,10.163001302008777,-0.01067758235789995,0.003986982931930192,True
Stat3_Etch_MV_Heater3Temp,2024-07-09_04,3,4,10.129789584219475,10.166988284940707,-0.037198700721232214,0.003986982931930192,True
Stat3_Etch_MV_Heater3Temp,2024-07-09_05,3,5,10.174867160450098,10.170975267872636,0.0038918925774620305,0.003986982931930192,True
Stat3_Etch_MV_Heater3Temp,2024-07-09_06,3,6,10.186024634904266,10.174962250804567,0.011062384099698619,0.003986982931930192,True
Stat3_Etch_MV_Heater3Temp,2024-07-09_07,3,7,10.175652122497558,10.178949233736498,-0.0032971112389397206,0.003986982931930192,True
Stat3_Etch_MV_Heater3Temp,2024-07-09_08,3,8,10.173854866461465,10.182936216668427,-0.009081350206962213,0.003986982931930192,True
Stat3_Etch_MV_Heater3Temp,2024-07-09_09,3,9,10.19231011739187,10.186923199600358,0.005386917791511792,0.003986982931930192,True
Stat3_Etch_MV_Heater3Temp,2024-07-09_10,3,10,10.199999809265137,10.190910182532289,0.009089626732848188,0.003986982931930192,True
Stat3_Etch_MV_Heater3Temp,2024-07-11_01,4,1,10.180675279253183,10.172141833410608,0.008533445842575205,0.00012563214577915102,True
Stat3_Etch_MV_Heater3Temp,2024-07-11_02,4,2,10.188064070140108,10.172267465556386,0.015796604583721674,0.00012563214577915102,True
Stat3_Etch_MV_Heater3Temp,2024-07-11_03,4,3,10.183693027781397,10.172393097702166,0.011299930079230691,0.00012563214577915102,True
Stat3_Etch_MV_Heater3Temp,2024-07-11_04,4,4,10.175793996585806,10.172518729847944,0.003275266737862381,0.00012563214577915102,True
Stat3_Etch_MV_Heater3Temp,2024-07-11_05,4,5,10.148273677623289,10.172644361993724,-0.024370684370435214,0.00012563214577915102,True
Stat3_Etch_MV_Heater3Temp,2024-07-11_06,4,6,10.121932724175029,10.172769994139504,-0.05083726996447524,0.00012563214577915102,True
Stat3_Etch_MV_Heater3Temp,2024-07-11_07,4,7,10.16528898637782,10.172895626285282,-0.007606639907461243,0.00012563214577915102,True
Stat3_Etch_MV_Heater3Temp,2024-07-11_08,4,8,10.18948239632832,10.173021258431062,0.01646113789725767,0.00012563214577915102,True
Stat3_Etch_MV_Heater3Temp,2024-07-11_09,4,9,10.18632207598005,10.17314689057684,0.01317518540320961,0.00012563214577915102,True
Stat3_Etch_MV_Heater3Temp,2024-07-11_10,4,10,10.187545546421138,10.17327252272262,0.014273023698518017,0.00012563214577915102,True
Stat3_Etch_MV_Heater3Temp,2024-07-19_01,5,1,10.11381160500515,10.11571014682478,-0.0018985418196297843,0.008790383732681244,True
Stat3_Etch_MV_Heater3Temp,2024-07-19_02,5,2,10.101047590938776,10.124500530557462,-0.023452939618685775,0.008790383732681244,True
Stat3_Etch_MV_Heater3Temp,2024-07-19_03,5,3,10.12905404337351,10.133290914290143,-0.004236870916633606,0.008790383732681244,True
Stat3_Etch_MV_Heater3Temp,2024-07-19_04,5,4,10.167237899957165,10.142081298022823,0.025156601934341438,0.008790383732681244,True
Stat3_Etch_MV_Heater3Temp,2024-07-19_05,5,5,10.188762415372407,10.150871681755506,0.03789073361690143,0.008790383732681244,True
Stat3_Etch_MV_Heater3Temp,2024-07-19_06,5,6,10.147977372708027,10.159662065488186,-0.011684692780159267,0.008790383732681244,True
Stat3_Etch_MV_Heater3Temp,2024-07-19_07,5,7,10.167937137497905,10.168452449220869,-0.0005153117229639292,0.008790383732681244,True
Stat3_Etch_MV_Heater3Temp,2024-07-19_08,5,8,10.14593793683449,10.17724283295355,-0.03130489611905851,0.008790383732681244,True
Stat3_Etch_MV_Heater3Temp,2024-07-19_09,5,9,10.190902925265895,10.18603321668623,0.004869708579665399,0.008790383732681244,True
Stat3_Etch_MV_Heater3Temp,2024-07-19_10,5,10,10.199999809265137,10.194823600418912,0.005176208846224384,0.008790383732681244,True
Stat3_Etch_MV_Heater3Temp,2024-08-01_01,6,1,10.214079168855504,10.194474895816144,0.0196042730393593,-0.0008159703783167586,True
Stat3_Etch_MV_Heater3Temp,2024-08-01_02,6,2,10.210534966510275,10.193658925437829,0.016876041072446668,-0.0008159703783167586,True
Stat3_Etch_MV_Heater3Temp,2024-08-01_03,6,3,10.20254080417522,10.192842955059511,0.009697849115708479,-0.0008159703783167586,True
Stat3_Etch_MV_Heater3Temp,2024-08-01_04,6,4,10.14954874898948,10.192026984681196,-0.04247823569171594,-0.0008159703783167586,True
Stat3_Etch_MV_Heater3Temp,2024-08-01_05,6,5,10.16188568432807,10.191211014302878,-0.029325329974808412,-0.0008159703783167586,True
Stat3_Etch_MV_Heater3Temp,2024-08-01_06,6,6,10.1875965188932,10.19039504392456,-0.00279852503136091,-0.0008159703783167586,True
Stat3_Etch_MV_Heater3Temp,2024-08-01_07,6,7,10.19384858395873,10.189579073546245,0.004269510412484578,-0.0008159703783167586,True
Stat3_Etch_MV_Heater3Temp,2024-08-01_08,6,8,10.194516724625068,10.188763103167927,0.005753621457140312,-0.0008159703783167586,True
Stat3_Etch_MV_Heater3Temp,2024-08-01_09,6,9,10.19698979304387,10.187947132789612,0.00904266025425926,-0.0008159703783167586,True
Stat3_Etch_MV_Heater3Temp,2024-08-01_10,6,10,10.196489297757775,10.187131162411294,0.009358135346481333,-0.0008159703783167586,True
Stat3_Etch_MV_Heater3Temp,2024-08-05_01,7,1,10.167892969571628,10.1587714911738,0.009121478397828398,0.0014444321108521194,True
Stat3_Etch_MV_Heater3Temp,2024-08-05_02,7,2,10.133634425054542,10.160215923284653,-0.026581498230111578,0.0014444321108521194,True
Stat3_Etch_MV_Heater3Temp,2024-08-05_03,7,3,10.189952823744026,10.161660355395504,0.028292468348521282,0.0014444321108521194,True
Stat3_Etch_MV_Heater3Temp,2024-08-05_04,7,4,10.136877469018485,10.163104787506358,-0.026227318487872964,0.0014444321108521194,True
Stat3_Etch_MV_Heater3Temp,2024-08-05_05,7,5,10.192845052478704,10.164549219617209,0.028295832861495285,0.0014444321108521194,True
Stat3_Etch_MV_Heater3Temp,2024-08-05_06,7,6,10.153092688838202,10.165993651728062,-0.012900962889860423,0.0014444321108521194,True
Stat3_Etch_MV_Heater3Temp,2024-08-07_01,8,1,10.120799993635506,10.180040236130457,-0.05924024249495119,-0.002527665521530057,True
Stat3_Etch_MV_Heater3Temp,2024-08-07_02,8,2,10.189378021304346,10.177512570608927,0.011865450695419,-0.002527665521530057,True
Stat3_Etch_MV_Heater3Temp,2024-08-07_03,8,3,10.201008216473236,10.174984905087397,0.026023311385838355,-0.002527665521530057,True
Stat3_Etch_MV_Heater3Temp,2024-08-07_04,8,4,10.195018240617136,10.172457239565867,0.022561001051268903,-0.002527665521530057,True
Stat3_Etch_MV_Heater3Temp,2024-08-07_05,8,5,10.164894694191522,10.169929574044337,-0.005034879852814811,-0.002527665521530057,True
Stat3_Etch_MV_Heater3Temp,2024-08-07_06,8,6,10.180167151613778,10.167401908522807,0.012765243090971268,-0.002527665521530057,True
Stat3_Etch_MV_Heater3Temp,2024-08-07_07,8,7,10.201002822118394,10.164874243001277,0.036128579117116644,-0.002527665521530057,True
Stat3_Etch_MV_Heater3Temp,2024-08-07_08,8,8,10.15728999055212,10.162346577479747,-0.005056586927626228,-0.002527665521530057,True
Stat3_Etch_MV_Heater3Temp,2024-08-07_09,8,9,10.156369166245073,10.159818911958217,-0.003449745713144381,-0.002527665521530057,True
Stat3_Etch_MV_Heater3Temp,2024-08-07_10,8,10,10.120729116084624,10.157291246436687,-0.03656213035206335,-0.002527665521530057,True
Stat3_Etch_MV_Heater3Temp,2024-08-21_01,9,1,10.12822763991595,10.145086532568786,-0.016858892652836133,0.007610693295566953,True
Stat3_Etch_MV_Heater3Temp,2024-08-21_02,9,2,10.143010168809155,10.152697225864355,-0.009687057055199233,0.007610693295566953,True
Stat3_Etch_MV_Heater3Temp,2024-08-21_03,9,3,10.16609830323847,10.160307919159921,0.005790384078549593,0.007610693295566953,True
Stat3_Etch_MV_Heater3Temp,2024-08-21_04,9,4,10.185890911016845,10.167918612455487,0.01797229856135729,0.007610693295566953,True
Stat3_Etch_MV_Heater3Temp,2024-08-21_05,9,5,10.185890901132556,10.175529305751056,0.010361595381500166,0.007610693295566953,True
Stat3_Etch_MV_Heater3Temp,2024-08-21_06,9,6,10.189381590453529,10.183139999046622,0.006241591406906721,0.007610693295566953,True
Stat3_Etch_MV_Heater3Temp,2024-08-21_07,9,7,10.192845052478704,10.190750692342188,0.0020943601365157605,0.007610693295566953,True
Stat3_Etch_MV_Heater3Temp,2024-08-21_08,9,8,10.199999809265137,10.198361385637755,0.0016384236273818686,0.007610693295566953,True
Stat3_Etch_MV_Heater3Temp,2024-08-21_09,9,9,10.200497819133014,10.205972078933323,-0.0054742598003088005,0.007610693295566953,True
Stat3_Etch_MV_Heater3Temp,2024-08-21_10,9,10,10.201504328545022,10.21358277222889,-0.012078443683867235,0.007610693295566953,True
Stat3_Etch_MV_Heater3Temp,2024-08-22_01,10,1,10.179840509141652,10.16821278651838,0.011627722623272163,0.003543850917070306,True
Stat3_Etch_MV_Heater3Temp,2024-08-22_02,10,2,10.175201612134131,10.17175663743545,0.0034449746986808805,0.003543850917070306,True
Stat3_Etch_MV_Heater3Temp,2024-08-22_03,10,3,10.157706503962164,10.17530048835252,-0.017593984390355644,0.003543850917070306,True
Stat3_Etch_MV_Heater3Temp,2024-08-22_04,10,4,10.180407811709768,10.17884433926959,0.001563472440178515,0.003543850917070306,True
Stat3_Etch_MV_Heater3Temp,2024-08-22_05,10,5,10.16329413694494,10.18238819018666,-0.0190940532417212,0.003543850917070306,True
Stat3_Etch_MV_Heater3Temp,2024-08-22_06,10,6,10.192472970613869,10.185932041103731,0.0065409295101375164,0.003543850917070306,True
Stat3_Etch_MV_Heater3Temp,2024-08-22_07,10,7,10.199999809265137,10.189475892020802,0.010523917244334768,0.003543850917070306,True
Stat3_Etch_MV_Heater3Temp,2024-08-22_08,10,8,10.199966602648503,10.19301974293787,0.00694685971063258,0.003543850917070306,True
Stat3_Etch_MV_Heater3Temp,2024-08-22_09,10,9,10.20197242576117,10.196563593854941,0.0054088319062284285,0.003543850917070306,True
Stat3_Etch_MV_Heater3Temp,2024-08-22_10,10,10,10.190738774270606,10.200107444772012,-0.009368670501405774,0.003543850917070306,True
Stat3_Etch_MV_Heater4Temp,2024-07-02_01,1,1,60.00642115104956,60.01014651066014,-0.003725359610584178,0.00023906786778744038,True
Stat3_Etch_MV_Heater4Temp,2024-07-02_02,1,2,60.00873631303028,60.01038557852793,-0.0016492654976474341,0.00023906786778744038,True
Stat3_Etch_MV_Heater4Temp,2024-07-02_03,1,3,60.01270448511877,60.01062464639572,0.0020798387230485105,0.00023906786778744038,True
Stat3_Etch_MV_Heater4Temp,2024-07-02_04,1,4,60.01136709383522,60.0108637142635,0.0005033795717181988,0.00023906786778744038,True
Stat3_Etch_MV_Heater4Temp,2024-07-02_05,1,5,60.01556265951205,60.01110278213129,0.004459877380760702,0.00023906786778744038,True
Stat3_Etch_MV_Heater4Temp,2024-07-02_06,1,6,60.01019700208821,60.01134184999908,-0.00114484791086511,0.00023906786778744038,True
Stat3_Etch_MV_Heater4Temp,2024-07-02_07,1,7,60.013807825402885,60.011580917866866,0.002226907536019951,0.00023906786778744038,True
Stat3_Etch_MV_Heater4Temp,2024-07-02_08,1,8,60.01136103910559,60.011819985734654,-0.00045894662906675876,0.00023906786778744038,True
Stat3_Etch_MV_Heater4Temp,2024-07-02_09,1,9,60.01771944097674,60.01205905360244,0.005660387374298637,0.00023906786778744038,True
Stat3_Etch_MV_Heater4Temp,2024-07-02_10,1,10,60.00434615053249,60.01229812147023,-0.007951970937739361,0.00023906786778744038,True
Stat3_Etch_MV_Heater4Temp,2024-07-05_01,2,1,60.04819333768609,60.02707493145516,0.021118406230925757,-0.0026738293862796406,True
Stat3_Etch_MV_Heater4Temp,2024-07-05_02,2,2,60.0201600794408,60.024401102068886,-0.004241022628086455,-0.0026738293862796406,True
Stat3_Etch_MV_Heater4Temp,2024-07-05_03,2,3,60.00715445388085,60.021727272682604,-0.014572818801752874,-0.0026738293862796406,True
Stat3_Etch_MV_Heater4Temp,2024-07-05_04,2,4,60.0134741798524,60.01905344329632,-0.005579263443920013,-0.0026738293862796406,True
Stat3_Etch_MV_Heater4Temp,2024-07-05_05,2,5,60.01745203337674,60.01637961391005,0.001072419466694896,-0.0026738293862796406,True
Stat3_Etch_MV_Heater4Temp,2024-07-05_06,2,6,60.00738858395458,60.013705784523765,-0.006317200569185388,-0.0026738293862796406,True
Stat3_Etch_MV_Heater4Temp,2024-07-05_07,2,7,60.007656145877,60.01103195513748,-0.003375809260482754,-0.0026738293862796406,True
Stat3_Etch_MV_Heater4Temp,2024-07-05_08,2,8,60.011861267910206,60.00835812575121,0.0035031421589977185,-0.0026738293862796406,True
Stat3_Etch_MV_Heater4Temp,2024-07-05_09,2,9,60.00805998199361,60.005684296364926,0.0023756856286851757,-0.0026738293862796406,True
Stat3_Etch_MV_Heater4Temp,2024-07-05_10,2,10,60.0090269281967,60.003010466978644,0.006016461218052882,-0.0026738293862796406,True
Stat3_Etch_MV_Heater4Temp,2024-07-09_01,3,1,60.00056815394507,60.006881773504816,-0.006313619559747963,0.0011126855543446526,True
Stat3_Etch_MV_Heater4Temp,2024-07-09_02,3,2,60.006283407570216,60.007994459059155,-0.0017110514889395745,0.0011126855543446526,True
Stat3_Etch_MV_Heater4Temp,2024-07-09_03,3,3,60.01029728743114,60.0091071446135,0.0011901428176415152,0.0011126855543446526,True
Stat3_Etch_MV_Heater4Temp,2024-07-09_04,3,4,60.01812073029391,60.01021983016785,0.00790090012606015,0.0011126855543446526,True
Stat3_Etch_MV_Heater4Temp,2024-07-09_05,3,5,60.01195190753912,60.011332515722195,0.0006193918169259405,0.0011126855543446526,True
Stat3_Etch_MV_Heater4Temp,2024-07-09_06,3,6,60.01410867505471,60.012445201276535,0.0016634737781728859,0.0011126855543446526,True
Stat3_Etch_MV_Heater4Temp,2024-07-09_07,3,7,60.01802640806473,60.01355788683088,0.004468521233846445,0.0011126855543446526,True
Stat3_Etch_MV_Heater4Temp,2024-07-09_08,3,8,60.01474388655672,60.01467057238523,7.33141714945873e-05,0.0011126855543446526,True
Stat3_Etch_MV_Heater4Temp,2024-07-09_09,3,9,60.00725479916719,60.015783257939574,-0.008528458772381953,0.0011126855543446526,True
Stat3_Etch_MV_Heater4Temp,2024-07-09_10,3,10,60.017533329370856,60.016895943493914,0.0006373858769421759,0.0011126855543446526,True
Stat3_Etch_MV_Heater4Temp,2024-07-11_01,4,1,59.68736238393525,59.69700985568382,-0.00964747174856484,0.0022355505254867984,True
Stat3_Etch_MV_Heater4Temp,2024-07-11_02,4,2,59.70284196247189,59.69924540620931,0.0035965562625790426,0.0022355505254867984,True
Stat3_Etch_MV_Heater4Temp,2024-07-11_03,4,3,59.70611101224628,59.70148095673479,0.0046300555114910935,0.0022355505254867984,True
Stat3_Etch_MV_Heater4Temp,2024-07-11_04,4,4,59.69946515444568,59.70371650726028,-0.004251352814598874,0.0022355505254867984,True
Stat3_Etch_MV_Heater4Temp,2024-07-11_05,4,5,59.70899734395751,59.705952057785765,0.0030452861717478186,0.0022355505254867984,True
Stat3_Etch_MV_Heater4Temp,2024-07-11_06,4,6,59.70969580009764,59.708187608311256,0.0015081917863852823,0.0022355505254867984,True
Stat3_Etch_MV_Heater4Temp,2024-07-11_07,4,7,59.71659960798038,59.71042315883674,0.006176449143637797,0.0022355505254867984,True
Stat3_Etch_MV_Heater4Temp,2024-07-11_08,4,8,59.71952300174262,59.71265870936223,0.006864292380392101,0.0022355505254867984,True
Stat3_Etch_MV_Heater4Temp,2024-07-11_09,4,9,59.71252965363487,59.714894259887714,-0.002364606252847068,0.0022355505254867984,True
Stat3_Etch_MV_Heater4Temp,2024-07-11_10,4,10,59.70757240997284,59.7171298104132,-0.009557400440357355,0.0022355505254867984,True
Stat3_Etch_MV_Heater4Temp,2024-07-19_01,5,1,59.730411732180976,59.719473949501264,0.01093778267971146,-0.0010303880410020465,True
Stat3_Etch_MV_Heater4Temp,2024-07-19_02,5,2,59.7176013572796,59.71844356146026,-0.0008422041806639413,-0.0010303880410020465,True
Stat3_Etch_MV_Heater4Temp,2024-07-19_03,5,3,59.71106657859116,59.71741317341926,-0.00634659482810207,-0.0010303880410020465,True
Stat3_Etch_MV_Heater4Temp,2024-07-19_04,5,4,59.71223129251952,59.71638278537826,-0.004151492858738948,-0.0010303880410020465,True
Stat3_Etch_MV_Heater4Temp,2024-07-19_05,5,5,59.71434779087436,59.715352397337256,-0.0010046064628923546,-0.0010303880410020465,True
Stat3_Etch_MV_Heater4Temp,2024-07-19_06,5,6,59.70956202296261,59.714322009296254,-0.004759986333645827,-0.0010303880410020465,True
Stat3_Etch_MV_Heater4Temp,2024-07-19_07,5,7,59.70896030707887,59.71329162125525,-0.004331314176383216,-0.0010303880410020465,True
Stat3_Etch_MV_Heater4Temp,2024-07-19_08,5,8,59.71985956674752,59.71226123321425,0.00759833353327366,-0.0010303880410020465,True
Stat3_Etch_MV_Heater4Temp,2024-07-19_09,5,9,59.710723808562136,59.71123084517325,-0.000507036611111289,-0.0010303880410020465,True
Stat3_Etch_MV_Heater4Temp,2024-07-19_10,5,10,59.71360757637088,59.710200457132245,0.00340711923863779,-0.0010303880410020465,True
Stat3_Etch_MV_Heater4Temp,2024-08-01_01,6,1,59.181922190932816,59.19502378944533,-0.013101598512513135,0.00249914451006255,True
Stat3_Etch_MV_Heater4Temp,2024-08-01_02,6,2,59.19782623239983,59.19752293395539,0.0003032984444359954,0.00249914451006255,True
Stat3_Etch_MV_Heater4Temp,2024-08-01_03,6,3,59.2031094465954,59.20002207846546,0.003087368129939705,0.00249914451006255,True
Stat3_Etch_MV_Heater4Temp,2024-08-01_04,6,4,59.206519723456665,59.20252122297552,0.003998500481145584,0.00249914451006255,True
Stat3_Etch_MV_Heater4Temp,2024-08-01_05,6,5,59.20621863530656,59.20502036748558,0.0011982678209818687,0.00249914451006255,True
Stat3_Etch_MV_Heater4Temp,2024-08-01_06,6,6,59.22268907947701,59.20751951199564,0.01516956748136522,0.00249914451006255,True
Stat3_Etch_MV_Heater4Temp,2024-08-01_07,6,7,59.21468915153952,59.2100186565057,0.004670495033813893,0.00249914451006255,True
Stat3_Etch_MV_Heater4Temp,2024-08-01_08,6,8,59.21166846537741,59.21251780101577,-0.0008493356383638684,0.00249914451006255,True
Stat3_Etch_MV_Heater4Temp,2024-08-01_09,6,9,59.20591994193087,59.21501694552583,-0.009097003594959574,0.00249914451006255,True
Stat3_Etch_MV_Heater4Temp,2024-08-01_10,6,10,59.21213653038992,59.21751609003589,-0.005379559645973586,0.00249914451006255,True
Stat3_Etch_MV_Heater4Temp,2024-08-05_01,7,1,60.01551809789345,60.0113148368161,0.004203261077350362,0.0010222378028038699,True
Stat3_Etch_MV_Heater4Temp,2024-08-05_02,7,2,60.00320942558918,60.012337074618905,-0.009127649029721852,0.0010222378028038699,True
Stat3_Etch_MV_Heater4Temp,2024-08-05_03,7,3,60.020564163884806,60.013359312421706,0.007204851463100681,0.0010222378028038699,True
Stat3_Etch_MV_Heater4Temp,2024-08-05_04,7,4,60.01213615899579,60.01438155022451,-0.0022453912287261346,0.0010222378028038699,True
Stat3_Etch_MV_Heater4Temp,2024-08-05_05,7,5,60.01377430682755,60.015403788027314,-0.0016294811997639158,0.0010222378028038699,True
Stat3_Etch_MV_Heater4Temp,2024-08-05_06,7,6,60.01802043474785,60.01642602583012,0.0015944089177253318,0.0010222378028038699,True
Stat3_Etch_MV_Heater4Temp,2024-08-07_01,8,1,59.19032280547645,59.190924659435765,-0.0006018539593171113,0.008167797141046498,True
Stat3_Etch_MV_Heater4Temp,2024-08-07_02,8,2,59.21189916274127,59.19909245657681,0.012806706164461445,0.008167797141046498,True
Stat3_Etch_MV_Heater4Temp,2024-08-07_03,8,3,59.212874048056726,59.207260253717855,0.005613794338870548,0.008167797141046498,True
Stat3_Etch_MV_Heater4Temp,2024-08-07_04,8,4,59.20488136390984,59.215428050858904,-0.010546686949062689,0.008167797141046498,True
Stat3_Etch_MV_Heater4Temp,2024-08-07_05,8,5,59.21464397388332,59.22359584799995,-0.008951874116633007,0.008167797141046498,True
Stat3_Etch_MV_Heater4Temp,2024-08-07_06,8,6,59.21120425068016,59.231763645140994,-0.020559394460832436,0.008167797141046498,True
Stat3_Etch_MV_Heater4Temp,2024-08-07_07,8,7,59.21360751897824,59.23993144228204,-0.02632392330379929,0.008167797141046498,True
Stat3_Etch_MV_Heater4Temp,2024-08-07_08,8,8,59.29814018850032,59.24809923942309,0.05004094907722845,0.008167797141046498,True
Stat3_Etch_MV_Heater4Temp,2024-08-07_09,8,9,59.28910045438848,59.25626703656413,0.03283341782434945,0.008167797141046498,True
Stat3_Etch_MV_Heater4Temp,2024-08-07_10,8,10,59.23012369909003,59.26443483370518,-0.03431113461515167,0.008167797141046498,True
Stat3_Etch_MV_Heater4Temp,2024-08-21_01,9,1,59.90775987248755,59.91026630545369,-0.002506432966136174,3.349652945248093e-05,True
Stat3_Etch_MV_Heater4Temp,2024-08-21_02,9,2,59.91404760737084,59.91029980198314,0.003747805387696701,3.349652945248093e-05,True
Stat3_Etch_MV_Heater4Temp,2024-08-21_03,9,3,59.909328598435685,59.91033329851259,-0.0010047000769048964,3.349652945248093e-05,True
Stat3_Etch_MV_Heater4Temp,2024-08-21_04,9,4,59.90872691316136,59.910366795042044,-0.001639881880684868,3.349652945248093e-05,True
Stat3_Etch_MV_Heater4Temp,2024-08-21_05,9,5,59.91059917066058,59.9104002915715,0.00019887908908344798,3.349652945248093e-05,True
Stat3_Etch_MV_Heater4Temp,2024-08-21_06,9,6,59.91572648607274,59.91043378810095,0.005292697971789551,3.349652945248093e-05,True
Stat3_Etch_MV_Heater4Temp,2024-08-21_07,9,7,59.90772397045466,59.9104672846304,-0.002743314175738476,3.349652945248093e-05,True
Stat3_Etch_MV_Heater4Temp,2024-08-21_08,9,8,59.911000476557845,59.910500781159854,0.0004996953979912178,3.349652945248093e-05,True
Stat3_Etch_MV_Heater4Temp,2024-08-21_09,9,9,59.90504728750404,59.91053427768931,-0.005486990185268326,3.349652945248093e-05,True
Stat3_Etch_MV_Heater4Temp,2024-08-21_10,9,10,59.91421001565691,59.91056777421876,0.0036422414381505064,3.349652945248093e-05,True
Stat3_Etch_MV_Heater4Temp,2024-08-22_01,10,1,59.38000731910039,59.40162115832476,-0.021613839224364995,0.0012259174291110702,True
Stat3_Etch_MV_Heater4Temp,2024-08-22_02,10,2,59.40625072807394,59.40284707575387,0.003403652320074002,0.0012259174291110702,True
Stat3_Etch_MV_Heater4Temp,2024-08-22_03,10,3,59.41166908547297,59.40407299318298,0.0075960922899938055,0.0012259174291110702,True
Stat3_Etch_MV_Heater4Temp,2024-08-22_04,10,4,59.41307317975451,59.40529891061209,0.007774269142423407,0.0012259174291110702,True
Stat3_Etch_MV_Heater4Temp,2024-08-22_05,10,5,59.41425292199399,59.406524828041206,0.0077280939527852865,0.0012259174291110702,True
Stat3_Etch_MV_Heater4Temp,2024-08-22_06,10,6,59.418851548625575,59.40775074547032,0.011100803155258632,0.0012259174291110702,True
Stat3_Etch_MV_Heater4Temp,2024-08-22_07,10,7,59.410551999204905,59.40897666289943,0.0015753363054784586,0.0012259174291110702,True
Stat3_Etch_MV_Heater4Temp,2024-08-22_08,10,8,59.40471698959893,59.41020258032854,-0.00548559072960586,0.0012259174291110702,True
Stat3_Etch_MV_Heater4Temp,2024-08-22_09,10,9,59.40210706149005,59.41142849775765,-0.00932143626759796,0.0012259174291110702,True
Stat3_Etch_MV_Heater4Temp,2024-08-22_10,10,10,59.40989703424238,59.41265441518676,-0.0027573809443808273,0.0012259174291110702,True
Stat3_Etch_MV_HeliumBPFlow,2024-07-02_01,1,1,1.7187734702757769,1.7073763395463593,0.011397130729417615,-0.008493780583090783,True
Stat3_Etch_MV_HeliumBPFlow,2024-07-02_02,1,2,1.7036047310678548,1.6988825589632683,0.004722172104586475,-0.008493780583090783,True
Stat3_Etch_MV_HeliumBPFlow,2024-07-02_03,1,3,1.7094197743555168,1.6903887783801776,0.019030995975339193,-0.008493780583090783,True
Stat3_Etch_MV_HeliumBPFlow,2024-07-02_04,1,4,1.6545640052022523,1.6818949977970867,-0.027330992594834402,-0.008493780583090783,True
Stat3_Etch_MV_HeliumBPFlow,2024-07-02_05,1,5,1.643617159058066,1.673401217213996,-0.029784058155930104,-0.008493780583090783,True
Stat3_Etch_MV_HeliumBPFlow,2024-07-02_06,1,6,1.6681819325583869,1.6649074366309053,0.0032744959274815244,-0.008493780583090783,True
Stat3_Etch_MV_HeliumBPFlow,2024-07-02_07,1,7,1.6653457836178545,1.6564136560478144,0.008932127570040027,-0.008493780583090783,True
Stat3_Etch_MV_HeliumBPFlow,2024-07-02_08,1,8,1.6550453400010825,1.6479198754647237,0.007125464536358761,-0.008493780583090783,True
Stat3_Etch_MV_HeliumBPFlow,2024-07-02_09,1,9,1.624618520508718,1.6394260948816328,-0.0148075743729148,-0.008493780583090783,True
Stat3_Etch_MV_HeliumBPFlow,2024-07-02_10,1,10,1.6483725525790016,1.6309323142985421,0.017440238280459486,-0.008493780583090783,True
Stat3_Etch_MV_HeliumBPFlow,2024-07-05_01,2,1,1.5574026162807757,1.528734052096233,0.028668564184542777,-0.013561183634989132,True
Stat3_Etch_MV_HeliumBPFlow,2024-07-05_02,2,2,1.5032762741014256,1.5151728684612438,-0.011896594359818158,-0.013561183634989132,True
Stat3_Etch_MV_HeliumBPFlow,2024-07-05_03,2,3,1.4842288871546407,1.5016116848262546,-0.01738279767161388,-0.013561183634989132,True
Stat3_Etch_MV_HeliumBPFlow,2024-07-05_04,2,4,1.5372497306395605,1.4880505011912655,0.04919922944829502,-0.013561183634989132,True
Stat3_Etch_MV_HeliumBPFlow,2024-07-05_05,2,5,1.435273975801484,1.4744893175562763,-0.03921534175479224,-0.013561183634989132,True
Stat3_Etch_MV_HeliumBPFlow,2024-07-05_06,2,6,1.469639998102459,1.4609281339212874,0.008711864181171647,-0.013561183634989132,True
Stat3_Etch_MV_HeliumBPFlow,2024-07-05_07,2,7,1.398002416423554,1.4473669502862982,-0.0493645338627442,-0.013561183634989132,True
Stat3_Etch_MV_HeliumBPFlow,2024-07-05_08,2,8,1.4021191854550634,1.433805766651309,-0.03168658119624568,-0.013561183634989132,True
Stat3_Etch_MV_HeliumBPFlow,2024-07-05_09,2,9,1.4565804832755125,1.42024458301632,0.03633590025919253,-0.013561183634989132,True
Stat3_Etch_MV_HeliumBPFlow,2024-07-05_10,2,10,1.4333136901533432,1.4066833993813308,0.0266302907720124,-0.013561183634989132,True
Stat3_Etch_MV_HeliumBPFlow,2024-07-09_01,3,1,1.391950547157104,1.4104400527803702,-0.018489505623266123,0.0033964469629025585,True
Stat3_Etch_MV_HeliumBPFlow,2024-07-09_02,3,2,1.4607200576493176,1.4138364997432726,0.046883557906044926,0.0033964469629025585,True
Stat3_Etch_MV_HeliumBPFlow,2024-07-09_03,3,3,1.3672120873244935,1.4172329467061753,-0.05002085938168177,0.0033964469629025585,True
Stat3_Etch_MV_HeliumBPFlow,2024-07-09_04,3,4,1.426948369525819,1.4206293936690777,0.006318975856741238,0.0033964469629025585,True
Stat3_Etch_MV_HeliumBPFlow,2024-07-09_05,3,5,1.4136562696886883,1.4240258406319803,-0.01036957094329205,0.0033964469629025585,True
Stat3_Etch_MV_HeliumBPFlow,2024-07-09_06,3,6,1.467300144217557,1.427422287594883,0.03987785662267407,0.0033964469629025585,True
Stat3_Etch_MV_HeliumBPFlow,2024-07-09_07,3,7,1.42234177736933,1.4308187345577854,-0.008476957188455314,0.0033964469629025585,True
Stat3_Etch_MV_HeliumBPFlow,2024-07-09_08,3,8,1.4070434846913125,1.434215181520688,-0.02717169682937559,0.0033964469629025585,True
Stat3_Etch_MV_HeliumBPFlow,2024-07-09_09,3,9,1.5132915698258385,1.4376116284835907,0.07567994134224776,0.0033964469629025585,True
Stat3_Etch_MV_HeliumBPFlow,2024-07-09_10,3,10,1.3867763336848569,1.4410080754464931,-0.054231741761636254,0.0033964469629025585,True
Stat3_Etch_MV_HeliumBPFlow,2024-07-11_01,4,1,1.3854746237442033,1.3706907720662682,0.014783851677935056,-0.005197056552619433,True
Stat3_Etch_MV_HeliumBPFlow,2024-07-11_02,4,2,1.3653995455088563,1.3654937155136486,-9.417000479228221e-05,-0.005197056552619433,True
Stat3_Etch_MV_HeliumBPFlow,2024-07-11_03,4,3,1.3371879065484156,1.3602966589610292,-0.023108752412613676,-0.005197056552619433,True
Stat3_Etch_MV_HeliumBPFlow,2024-07-11_04,4,4,1.3457872969217024,1.3550996024084099,-0.009312305486707473,-0.005197056552619433,True
Stat3_Etch_MV_HeliumBPFlow,2024-07-11_05,4,5,1.3651318415148483,1.3499025458557905,0.01522929565905784,-0.005197056552619433,True
Stat3_Etch_MV_HeliumBPFlow,2024-07-11_06,4,6,1.366658243914585,1.344705489303171,0.021952754611413994,-0.005197056552619433,True
Stat3_Etch_MV_HeliumBPFlow,2024-07-11_07,4,7,1.3247740419721732,1.3395084327505515,-0.014734390778378348,-0.005197056552619433,True
Stat3_Etch_MV_HeliumBPFlow,2024-07-11_08,4,8,1.3157091437168018,1.3343113761979322,-0.018602232481130354,-0.005197056552619433,True
Stat3_Etch_MV_HeliumBPFlow,2024-07-11_09,4,9,1.3318982549472178,1.3291143196453128,0.002783935301905016,-0.005197056552619433,True
Stat3_Etch_MV_HeliumBPFlow,2024-07-11_10,4,10,1.3350192770060016,1.3239172630926932,0.01110201391330845,-0.005197056552619433,True
Stat3_Etch_MV_HeliumBPFlow,2024-07-19_01,5,1,1.5550526179086324,1.4547426053266241,0.10031001258200822,-0.009158461263789991,True
Stat3_Etch_MV_HeliumBPFlow,2024-07-19_02,5,2,1.3779688573366886,1.4455841440628343,-0.0676152867261457,-0.009158461263789991,True
Stat3_Etch_MV_HeliumBPFlow,2024-07-19_03,5,3,1.4053619568740912,1.4364256827990443,-0.0310637259249531,-0.009158461263789991,True
Stat3_Etch_MV_HeliumBPFlow,2024-07-19_04,5,4,1.3998881354928017,1.4272672215352542,-0.02737908604245254,-0.009158461263789991,True
Stat3_Etch_MV_HeliumBPFlow,2024-07-19_05,5,5,1.4132911527037222,1.4181087602714642,-0.004817607567741966,-0.009158461263789991,True
Stat3_Etch_MV_HeliumBPFlow,2024-07-19_06,5,6,1.3789619683262817,1.4089502990076743,-0.029988330681392616,-0.009158461263789991,True
Stat3_Etch_MV_HeliumBPFlow,2024-07-19_07,5,7,1.4388092649855848,1.3997918377438843,0.03901742724170054,-0.009158461263789991,True
Stat3_Etch_MV_HeliumBPFlow,2024-07-19_08,5,8,1.4207197764134256,1.3906333764800942,0.030086399933331398,-0.009158461263789991,True
Stat3_Etch_MV_HeliumBPFlow,2024-07-19_09,5,9,1.368143972489305,1.3814749152163042,-0.013330942726999195,-0.009158461263789991,True
Stat3_Etch_MV_HeliumBPFlow,2024-07-19_10,5,10,1.3770975938651602,1.3723164539525143,0.004781139912645838,-0.009158461263789991,True
Stat3_Etch_MV_HeliumBPFlow,2024-08-01_01,6,1,1.3985500789537866,1.3482573753916474,0.05029270356213922,0.002468101480495984,True
Stat3_Etch_MV_HeliumBPFlow,2024-08-01_02,6,2,1.339302444099184,1.3507254768721435,-0.011423032772959418,0.002468101480495984,True
Stat3_Etch_MV_HeliumBPFlow,2024-08-01_03,6,3,1.3109853796558768,1.3531935783526394,-0.04220819869676262,0.002468101480495984,True
Stat3_Etch_MV_HeliumBPFlow,2024-08-01_04,6,4,1.326971731270408,1.3556616798331353,-0.02868994856272744,0.002468101480495984,True
Stat3_Etch_MV_HeliumBPFlow,2024-08-01_05,6,5,1.3767384327362708,1.3581297813136313,0.018608651422639566,0.002468101480495984,True
Stat3_Etch_MV_HeliumBPFlow,2024-08-01_06,6,6,1.382230999008948,1.3605978827941274,0.02163311621482067,0.002468101480495984,True
Stat3_Etch_MV_HeliumBPFlow,2024-08-01_07,6,7,1.362869029966723,1.3630659842746233,-0.0001969543079003433,0.002468101480495984,True
Stat3_Etch_MV_HeliumBPFlow,2024-08-01_08,6,8,1.349527064552677,1.3655340857551193,-0.01600702120244235,0.002468101480495984,True
Stat3_Etch_MV_HeliumBPFlow,2024-08-01_09,6,9,1.3273783829698595,1.3680021872356154,-0.04062380426575585,0.002468101480495984,True
Stat3_Etch_MV_HeliumBPFlow,2024-08-01_10,6,10,1.419084777325063,1.3704702887161113,0.04861448860895168,0.002468101480495984,True
Stat3_Etch_MV_HeliumBPFlow,2024-08-05_01,7,1,1.2945567993416036,1.3062943416340396,-0.011737542292435954,-0.00889695921916279,True
Stat3_Etch_MV_HeliumBPFlow,2024-08-05_02,7,2,1.3137080676975716,1.2973973824148768,0.01631068528269486,-0.00889695921916279,True
Stat3_Etch_MV_HeliumBPFlow,2024-08-05_03,7,3,1.29116635649435,1.288500423195714,0.0026659332986360695,-0.00889695921916279,True
Stat3_Etch_MV_HeliumBPFlow,2024-08-05_04,7,4,1.271541712834898,1.2796034639765512,-0.008061751141653195,-0.00889695921916279,True
Stat3_Etch_MV_HeliumBPFlow,2024-08-05_05,7,5,1.2722771774761974,1.2707065047573884,0.001570672718808952,-0.00889695921916279,True
Stat3_Etch_MV_HeliumBPFlow,2024-08-05_06,7,6,1.2610615476721787,1.2618095455382257,-0.0007479978660469566,-0.00889695921916279,True
Stat3_Etch_MV_HeliumBPFlow,2024-08-07_01,8,1,1.383976669721706,1.306895258350029,0.0770814113716769,-0.0006516707608909918,True
Stat3_Etch_MV_HeliumBPFlow,2024-08-07_02,8,2,1.2858872963801151,1.306243587589138,-0.020356291209022936,-0.0006516707608909918,True
Stat3_Etch_MV_HeliumBPFlow,2024-08-07_03,8,3,1.2852402007078925,1.305591916828247,-0.02035171612035458,-0.0006516707608909918,True
Stat3_Etch_MV_HeliumBPFlow,2024-08-07_04,8,4,1.2864464992505975,1.304940246067356,-0.018493746816758527,-0.0006516707608909918,True
Stat3_Etch_MV_HeliumBPFlow,2024-08-07_05,8,5,1.3253493835120167,1.304288575306465,0.021060808205551673,-0.0006516707608909918,True
Stat3_Etch_MV_HeliumBPFlow,2024-08-07_06,8,6,1.247614634674927,1.303636904545574,-0.05602226987064696,-0.0006516707608909918,True
Stat3_Etch_MV_HeliumBPFlow,2024-08-07_07,8,7,1.2994881368568214,1.3029852337846832,-0.0034970969278618202,-0.0006516707608909918,True
Stat3_Etch_MV_HeliumBPFlow,2024-08-07_08,8,8,1.237674657825773,1.3023335630237922,-0.06465890519801931,-0.0006516707608909918,True
Stat3_Etch_MV_HeliumBPFlow,2024-08-07_09,8,9,1.282818152967483,1.3016818922629012,-0.01886373929541829,-0.0006516707608909918,True
Stat3_Etch_MV_HeliumBPFlow,2024-08-07_10,8,10,1.4051317673628645,1.3010302215020102,0.1041015458608543,-0.0006516707608909918,True
Stat3_Etch_MV_HeliumBPFlow,2024-08-21_01,9,1,1.4093161922234756,1.3776847473094886,0.03163144491398695,-0.001999996116349963,True
Stat3_Etch_MV_HeliumBPFlow,2024-08-21_02,9,2,1.352865321221559,1.3756847511931387,-0.02281942997157982,-0.001999996116349963,True
Stat3_Etch_MV_HeliumBPFlow,2024-08-21_03,9,3,1.3723354424094325,1.3736847550767888,-0.0013493126673562728,-0.001999996116349963,True
Stat3_Etch_MV_HeliumBPFlow,2024-08-21_04,9,4,1.3358985223486366,1.3716847589604386,-0.035786236611802025,-0.001999996116349963,True
Stat3_Etch_MV_HeliumBPFlow,2024-08-21_05,9,5,1.3875597993174114,1.3696847628440887,0.01787503647332267,-0.001999996116349963,True
Stat3_Etch_MV_HeliumBPFlow,2024-08-21_06,9,6,1.391262143690099,1.3676847667277388,0.023577376962360175,-0.001999996116349963,True
Stat3_Etch_MV_HeliumBPFlow,2024-08-21_07,9,7,1.3605243398847489,1.3656847706113888,-0.005160430726639964,-0.001999996116349963,True
Stat3_Etch_MV_HeliumBPFlow,2024-08-21_08,9,8,1.3492756502479264,1.3636847744950389,-0.014409124247112493,-0.001999996116349963,True
Stat3_Etch_MV_HeliumBPFlow,2024-08-21_09,9,9,1.3443346727258498,1.361684778378689,-0.01735010565283912,-0.001999996116349963,True
Stat3_Etch_MV_HeliumBPFlow,2024-08-21_10,9,10,1.3834755637900005,1.359684782262339,0.023790781527661453,-0.001999996116349963,True
Stat3_Etch_MV_HeliumBPFlow,2024-08-22_01,10,1,1.5505940821906412,1.4758762913953498,0.0747177907952914,-0.0011421505147405921,True
Stat3_Etch_MV_HeliumBPFlow,2024-08-22_02,10,2,1.4438790905699934,1.4747341408806092,-0.03085505031061575,-0.0011421505147405921,True
Stat3_Etch_MV_HeliumBPFlow,2024-08-22_03,10,3,1.4108730431824217,1.4735919903658687,-0.06271894718344706,-0.0011421505147405921,True
Stat3_Etch_MV_HeliumBPFlow,2024-08-22_04,10,4,1.3876908112831716,1.472449839851128,-0.08475902856795647,-0.0011421505147405921,True
Stat3_Etch_MV_HeliumBPFlow,2024-08-22_05,10,5,1.4983232035356409,1.4713076893363874,0.02701551419925341,-0.0011421505147405921,True
Stat3_Etch_MV_HeliumBPFlow,2024-08-22_06,10,6,1.517016862589185,1.4701655388216468,0.04685132376753809,-0.0011421505147405921,True
Stat3_Etch_MV_HeliumBPFlow,2024-08-22_07,10,7,1.5078309544071715,1.4690233883069064,0.038807566100265145,-0.0011421505147405921,True
Stat3_Etch_MV_HeliumBPFlow,2024-08-22_08,10,8,1.5285121009263514,1.4678812377921657,0.06063086313418564,-0.0011421505147405921,True
Stat3_Etch_MV_HeliumBPFlow,2024-08-22_09,10,9,1.4285388836610362,1.466739087277425,-0.03820020361638887,-0.0011421505147405921,True
Stat3_Etch_MV_HeliumBPFlow,2024-08-22_10,10,10,1.4341071084445631,1.4655969367626844,-0.031489828318121305,-0.0011421505147405921,True
Stat3_Etch_MV_HeliumBPPressure,2024-07-02_01,1,1,14.986849260489675,14.98712772799137,-0.0002784675016940241,2.0967923176487584e-05,True
Stat3_Etch_MV_HeliumBPPressure,2024-07-02_02,1,2,14.987271370746756,14.987148695914545,0.00012267483221073405,2.0967923176487584e-05,True
Stat3_Etch_MV_HeliumBPPressure,2024-07-02_03,1,3,14.987339541729538,14.987169663837722,0.00016987789181577284,2.0967923176487584e-05,True
Stat3_Etch_MV_HeliumBPPressure,2024-07-02_04,1,4,14.987219953010888,14.987190631760898,2.9321249989777698e-05,2.0967923176487584e-05,True
Stat3_Etch_MV_HeliumBPPressure,2024-07-02_05,1,5,14.987269602543163,14.987211599684075,5.800285908819092e-05,2.0967923176487584e-05,True
Stat3_Etch_MV_HeliumBPPressure,2024-07-02_06,1,6,14.987219136122356,14.98723256760725,-1.3431484894965706e-05,2.0967923176487584e-05,True
Stat3_Etch_MV_HeliumBPPressure,2024-07-02_07,1,7,14.987197498779398,14.987253535530428,-5.603675102960892e-05,2.0967923176487584e-05,True
Stat3_Etch_MV_HeliumBPPressure,2024-07-02_08,1,8,14.987321919673631,14.987274503453603,4.7416220027685085e-05,2.0967923176487584e-05,True
Stat3_Etch_MV_HeliumBPPressure,2024-07-02_09,1,9,14.987292196949124,14.98729547137678,-3.274427657018464e-06,2.0967923176487584e-05,True
Stat3_Etch_MV_HeliumBPPressure,2024-07-02_10,1,10,14.987240356412151,14.987316439299956,-7.608288780502903e-05,2.0967923176487584e-05,True
Stat3_Etch_MV_HeliumBPPressure,2024-07-05_01,2,1,14.9869537828758,14.987112092779222,-0.00015830990342280415,1.780962563729612e-05,True
Stat3_Etch_MV_HeliumBPPressure,2024-07-05_02,2,2,14.987135870247052,14.98712990240486,5.967842191978434e-06,1.780962563729612e-05,True
Stat3_Etch_MV_HeliumBPPressure,2024-07-05_03,2,3,14.987222604550713,14.987147712030497,7.489252021564141e-05,1.780962563729612e-05,True
Stat3_Etch_MV_HeliumBPPressure,2024-07-05_04,2,4,14.98725557295225,14.987165521656134,9.005129611594498e-05,1.780962563729612e-05,True
Stat3_Etch_MV_HeliumBPPressure,2024-07-05_05,2,5,14.987223012038434,14.987183331281772,3.9680756662718863e-05,1.780962563729612e-05,True
Stat3_Etch_MV_HeliumBPPressure,2024-07-05_06,2,6,14.98719934172074,14.987201140907409,-1.7991866698707781e-06,1.780962563729612e-05,True
Stat3_Etch_MV_HeliumBPPressure,2024-07-05_07,2,7,14.987184437809482,14.987218950533046,-3.4512723564361636e-05,1.780962563729612e-05,True
Stat3_Etch_MV_HeliumBPPressure,2024-07-05_08,2,8,14.987370022842962,14.987236760158684,0.00013326268427782395,1.780962563729612e-05,True
Stat3_Etch_MV_HeliumBPPressure,2024-07-05_09,2,9,14.98721286652479,14.987254569784321,-4.1703259531900017e-05,1.780962563729612e-05,True
Stat3_Etch_MV_HeliumBPPressure,2024-07-05_10,2,10,14.987164849383662,14.987272379409958,-0.00010753002629648734,1.780962563729612e-05,True
Stat3_Etch_MV_HeliumBPPressure,2024-07-09_01,3,1,14.98681074956794,14.987053032576837,-0.00024228300889639343,3.382657912437559e-05,True
Stat3_Etch_MV_HeliumBPPressure,2024-07-09_02,3,2,14.987188509715502,14.987086859155962,0.00010165055953947899,3.382657912437559e-05,True
Stat3_Etch_MV_HeliumBPPressure,2024-07-09_03,3,3,14.987207702871393,14.987120685735086,8.701713630721031e-05,3.382657912437559e-05,True
Stat3_Etch_MV_HeliumBPPressure,2024-07-09_04,3,4,14.987225860626312,14.987154512314211,7.134831210109382e-05,3.382657912437559e-05,True
Stat3_Etch_MV_HeliumBPPressure,2024-07-09_05,3,5,14.987125799475438,14.987188338893334,-6.253941789680084e-05,3.382657912437559e-05,True
Stat3_Etch_MV_HeliumBPPressure,2024-07-09_06,3,6,14.987415449231095,14.98722216547246,0.00019328375863558733,3.382657912437559e-05,True
Stat3_Etch_MV_HeliumBPPressure,2024-07-09_07,3,7,14.98725717219222,14.987255992051583,1.1801406358813438e-06,3.382657912437559e-05,True
Stat3_Etch_MV_HeliumBPPressure,2024-07-09_08,3,8,14.98725362431441,14.987289818630709,-3.619431629786618e-05,3.382657912437559e-05,True
Stat3_Etch_MV_HeliumBPPressure,2024-07-09_09,3,9,14.987262188252378,14.987323645209832,-6.145695745374269e-05,3.382657912437559e-05,True
Stat3_Etch_MV_HeliumBPPressure,2024-07-09_10,3,10,14.987305465582256,14.987357471788957,-5.2006206701094015e-05,3.382657912437559e-05,True
Stat3_Etch_MV_HeliumBPPressure,2024-07-11_01,4,1,14.987356273596282,14.987358236883246,-1.9632869641128536e-06,-8.71580174011855e-06,True
Stat3_Etch_MV_HeliumBPPressure,2024-07-11_02,4,2,14.987473412287033,14.987349521081507,0.00012389120552569466,-8.71580174011855e-06,True
Stat3_Etch_MV_HeliumBPPressure,2024-07-11_03,4,3,14.98729450019322,14.987340805279766,-4.630508654557275e-05,-8.71580174011855e-06,True
Stat3_Etch_MV_HeliumBPPressure,2024-07-11_04,4,4,14.9872719845378,14.987332089478025,-6.01049402249032e-05,-8.71580174011855e-06,True
Stat3_Etch_MV_HeliumBPPressure,2024-07-11_05,4,5,14.987187604346914,14.987323373676286,-0.00013576932937198194,-8.71580174011855e-06,True
Stat3_Etch_MV_HeliumBPPressure,2024-07-11_06,4,6,14.987323414079723,14.987314657874546,8.756205177817833e-06,-8.71580174011855e-06,True
Stat3_Etch_MV_HeliumBPPressure,2024-07-11_07,4,7,14.987350340171528,14.987305942072807,4.43980987210324e-05,-8.71580174011855e-06,True
Stat3_Etch_MV_HeliumBPPressure,2024-07-11_08,4,8,14.987338848011468,14.987297226271066,4.16217404026753e-05,-8.71580174011855e-06,True
Stat3_Etch_MV_HeliumBPPressure,2024-07-11_09,4,9,14.987427199704143,14.987288510469325,0.0001386892348183011,-8.71580174011855e-06,True
Stat3_Etch_MV_HeliumBPPressure,2024-07-11_10,4,10,14.987166580826054,14.987279794667586,-0.0001132138415318451,-8.71580174011855e-06,True
Stat3_Etch_MV_HeliumBPPressure,2024-07-19_01,5,1,14.987079790072295,14.987279845268949,-0.00020005519665389215,7.759636014383698e-06,True
Stat3_Etch_MV_HeliumBPPressure,2024-07-19_02,5,2,14.987381760171942,14.987287604904964,9.415526697864607e-05,7.759636014383698e-06,True
Stat3_Etch_MV_HeliumBPPressure,2024-07-19_03,5,3,14.987346476354316,14.987295364540978,5.111181333816717e-05,7.759636014383698e-06,True
Stat3_Etch_MV_HeliumBPPressure,2024-07-19_04,5,4,14.987492472894733,14.987303124176991,0.00018934871774156647,7.759636014383698e-06,True
Stat3_Etch_MV_HeliumBPPressure,2024-07-19_05,5,5,14.9872408292764,14.987310883813006,-7.005453660546834e-05,7.759636014383698e-06,True
Stat3_Etch_MV_HeliumBPPressure,2024-07-19_06,5,6,14.98736545099777,14.98731864344902,4.680754874897275e-05,7.759636014383698e-06,True
Stat3_Etch_MV_HeliumBPPressure,2024-07-19_07,5,7,14.987299345202048,14.987326403085035,-2.705788298662526e-05,7.759636014383698e-06,True
Stat3_Etch_MV_HeliumBPPressure,2024-07-19_08,5,8,14.987276681168588,14.98733416272105,-5.7481552461879915e-05,7.759636014383698e-06,True
Stat3_Etch_MV_HeliumBPPressure,2024-07-19_09,5,9,14.98725448123329,14.987341922357064,-8.744112377456759e-05,7.759636014383698e-06,True
Stat3_Etch_MV_HeliumBPPressure,2024-07-19_10,5,10,14.987410348938765,14.987349681993079,6.066694568573894e-05,7.759636014383698e-06,True
Stat3_Etch_MV_HeliumBPPressure,2024-08-01_01,6,1,14.987304590722566,14.987274355522018,3.0235200547679142e-05,-1.1260238352421437e-05,True
Stat3_Etch_MV_HeliumBPPressure,2024-08-01_02,6,2,14.987230222759438,14.987263095283666,-3.287252422801146e-05,-1.1260238352421437e-05,True
Stat3_Etch_MV_HeliumBPPressure,2024-08-01_03,6,3,14.987247497650422,14.987251835045313,-4.3373948912517335e-06,-1.1260238352421437e-05,True
Stat3_Etch_MV_HeliumBPPressure,2024-08-01_04,6,4,14.98720667586204,14.987240574806961,-3.389894492045187e-05,-1.1260238352421437e-05,True
Stat3_Etch_MV_HeliumBPPressure,2024-08-01_05,6,5,14.987225665491348,14.987229314568609,-3.649077260803324e-06,-1.1260238352421437e-05,True
Stat3_Etch_MV_HeliumBPPressure,2024-08-01_06,6,6,14.987221384769729,14.987218054330256,3.3304394726485498e-06,-1.1260238352421437e-05,True
Stat3_Etch_MV_HeliumBPPressure,2024-08-01_07,6,7,14.987321919673631,14.987206794091904,0.00011512558172732668,-1.1260238352421437e-05,True
Stat3_Etch_MV_HeliumBPPressure,2024-08-01_08,6,8,14.987148530743903,14.987195533853551,-4.7003109648002805e-05,-1.1260238352421437e-05,True
Stat3_Etch_MV_HeliumBPPressure,2024-08-01_09,6,9,14.987162445540411,14.987184273615199,-2.1828074787677565e-05,-1.1260238352421437e-05,True
Stat3_Etch_MV_HeliumBPPressure,2024-08-01_10,6,10,14.98716791128084,14.987173013376847,-5.102096006126544e-06,-1.1260238352421437e-05,True
Stat3_Etch_MV_HeliumBPPressure,2024-08-05_01,7,1,14.987161005779251,14.987193943621996,-3.293784274482903e-05,-2.2564204135952624e-05,True
Stat3_Etch_MV_HeliumBPPressure,2024-08-05_02,7,2,14.987132400862151,14.987171379417859,-3.897855570755837e-05,-2.2564204135952624e-05,True
Stat3_Etch_MV_HeliumBPPressure,2024-08-05_03,7,3,14.987223372344047,14.987148815213724,7.455713032378242e-05,-2.2564204135952624e-05,True
Stat3_Etch_MV_HeliumBPPressure,2024-08-05_04,7,4,14.987165256233688,14.987126251009588,3.900522409949758e-05,-2.2564204135952624e-05,True
Stat3_Etch_MV_HeliumBPPressure,2024-08-05_05,7,5,14.987122608402906,14.987103686805451,1.8921597455090478e-05,-2.2564204135952624e-05,True
Stat3_Etch_MV_HeliumBPPressure,2024-08-05_06,7,6,14.987020555047916,14.987081122601316,-6.0567553399337726e-05,-2.2564204135952624e-05,True
Stat3_Etch_MV_HeliumBPPressure,2024-08-07_01,8,1,14.987147064619167,14.987180946342379,-3.3881723211948156e-05,-1.296839672755157e-05,True
Stat3_Etch_MV_HeliumBPPressure,2024-08-07_02,8,2,14.987161676743453,14.987167977945653,-6.301202200020839e-06,-1.296839672755157e-05,True
Stat3_Etch_MV_HeliumBPPressure,2024-08-07_03,8,3,14.987246621716924,14.987155009548925,9.161216799924432e-05,-1.296839672755157e-05,True
Stat3_Etch_MV_HeliumBPPressure,2024-08-07_04,8,4,14.987085459424437,14.987142041152197,-5.658172776001891e-05,-1.296839672755157e-05,True
Stat3_Etch_MV_HeliumBPPressure,2024-08-07_05,8,5,14.987154234934316,14.987129072755469,2.5162178847182304e-05,-1.296839672755157e-05,True
Stat3_Etch_MV_HeliumBPPressure,2024-08-07_06,8,6,14.987136310717732,14.987116104358742,2.0206358989582895e-05,-1.296839672755157e-05,True
Stat3_Etch_MV_HeliumBPPressure,2024-08-07_07,8,7,14.987135875029772,14.987103135962014,3.273906775724811e-05,-1.296839672755157e-05,True
Stat3_Etch_MV_HeliumBPPressure,2024-08-07_08,8,8,14.987052639391443,14.987090167565286,-3.7528173843170975e-05,-1.296839672755157e-05,True
Stat3_Etch_MV_HeliumBPPressure,2024-08-07_09,8,9,14.986900952299957,14.987077199168558,-0.0001762468686017371,-1.296839672755157e-05,True
Stat3_Etch_MV_HeliumBPPressure,2024-08-07_10,8,10,14.98720505069387,14.987064230771832,0.0001408199220378492,-1.296839672755157e-05,True
Stat3_Etch_MV_HeliumBPPressure,2024-08-21_01,9,1,14.98678168612579,14.986961044928067,-0.00017935880227781809,1.4520057344095272e-05,True
Stat3_Etch_MV_HeliumBPPressure,2024-08-21_02,9,2,14.987041992008884,14.98697556498541,6.642702347292584e-05,1.4520057344095272e-05,True
Stat3_Etch_MV_HeliumBPPressure,2024-08-21_03,9,3,14.987040355188796,14.986990085042756,5.027014604053193e-05,1.4520057344095272e-05,True
Stat3_Etch_MV_HeliumBPPressure,2024-08-21_04,9,4,14.987060768793196,14.987004605100099,5.6163693097133205e-05,1.4520057344095272e-05,True
Stat3_Etch_MV_HeliumBPPressure,2024-08-21_05,9,5,14.987042606255557,14.987019125157444,2.348109811300958e-05,1.4520057344095272e-05,True
Stat3_Etch_MV_HeliumBPPressure,2024-08-21_06,9,6,14.987147482813045,14.987033645214787,0.00011383759825811524,1.4520057344095272e-05,True
Stat3_Etch_MV_HeliumBPPressure,2024-08-21_07,9,7,14.987021383096128,14.987048165272132,-2.6782176004047642e-05,1.4520057344095272e-05,True
Stat3_Etch_MV_HeliumBPPressure,2024-08-21_08,9,8,14.987064844308112,14.987062685329475,2.1589786367570696e-06,1.4520057344095272e-05,True
Stat3_Etch_MV_HeliumBPPressure,2024-08-21_09,9,9,14.98697441792583,14.98707720538682,-0.00010278746098890679,1.4520057344095272e-05,True
Stat3_Etch_MV_HeliumBPPressure,2024-08-21_10,9,10,14.987088315345815,14.987091725444163,-3.410098347700341e-06,1.4520057344095272e-05,True
Stat3_Etch_MV_HeliumBPPressure,2024-08-22_01,10,1,14.98709683875949,14.987171052171796,-7.421341230617884e-05,-1.1310586761732557e-05,True
Stat3_Etch_MV_HeliumBPPressure,2024-08-22_02,10,2,14.987212714969472,14.987159741585035,5.297338443632782e-05,-1.1310586761732557e-05,True
Stat3_Etch_MV_HeliumBPPressure,2024-08-22_03,10,3,14.98713098166978,14.987148430998273,-1.744932849234715e-05,-1.1310586761732557e-05,True
Stat3_Etch_MV_HeliumBPPressure,2024-08-22_04,10,4,14.987162601186537,14.98713712041151,2.5480775025954472e-05,-1.1310586761732557e-05,True
Stat3_Etch_MV_HeliumBPPressure,2024-08-22_05,10,5,14.987121257942263,14.98712580982475,-4.551882486936165e-06,-1.1310586761732557e-05,True
Stat3_Etch_MV_HeliumBPPressure,2024-08-22_06,10,6,14.987166971929613,14.987114499237988,5.247269162467205e-05,-1.1310586761732557e-05,True
Stat3_Etch_MV_HeliumBPPressure,2024-08-22_07,10,7,14.987213119704236,14.987103188651226,0.00010993105301082551,-1.1310586761732557e-05,True
Stat3_Etch_MV_HeliumBPPressure,2024-08-22_08,10,8,14.986928992079802,14.987091878064465,-0.00016288598466296378,-1.1310586761732557e-05,True
Stat3_Etch_MV_HeliumBPPressure,2024-08-22_09,10,9,14.98710280921857,14.987080567477703,2.224174086684627e-05,-1.1310586761732557e-05,True
Stat3_Etch_MV_HeliumBPPressure,2024-08-22_10,10,10,14.987065257853946,14.98706925689094,-3.999036994883909e-06,-1.1310586761732557e-05,True
Stat3_Etch_MV_PlatenDcBias,2024-07-02_01,1,1,2.288010418933371,3.21459043705196,-0.9265800181185888,0.028670143231683376,True
Stat3_Etch_MV_PlatenDcBias,2024-07-02_02,1,2,3.8966681037538793,3.243260580283643,0.6534075234702361,0.028670143231683376,True
Stat3_Etch_MV_PlatenDcBias,2024-07-02_03,1,3,3.1830570704958503,3.2719307235153265,-0.08887365301947625,0.028670143231683376,True
Stat3_Etch_MV_PlatenDcBias,2024-07-02_04,1,4,3.920327531259142,3.30060086674701,0.619726664512132,0.028670143231683376,True
Stat3_Etch_MV_PlatenDcBias,2024-07-02_05,1,5,3.0294878086122146,3.3292710099786933,-0.29978320136647874,0.028670143231683376,True
Stat3_Etch_MV_PlatenDcBias,2024-07-02_06,1,6,3.711258900360852,3.3579411532103767,0.35331774715047537,0.028670143231683376,True
Stat3_Etch_MV_PlatenDcBias,2024-07-02_07,1,7,3.3317416987264488,3.38661129644206,-0.054869597715611285,0.028670143231683376,True
Stat3_Etch_MV_PlatenDcBias,2024-07-02_08,1,8,3.701018113849544,3.4152814396737434,0.2857366741758005,0.028670143231683376,True
Stat3_Etch_MV_PlatenDcBias,2024-07-02_09,1,9,3.138447605300133,3.443951582905427,-0.3055039776052939,0.028670143231683376,True
Stat3_Etch_MV_PlatenDcBias,2024-07-02_10,1,10,3.2360435646539227,3.47262172613711,-0.23657816148318744,0.028670143231683376,True
Stat3_Etch_MV_PlatenDcBias,2024-07-05_01,2,1,2.6850980806510187,3.397558984429611,-0.7124609037785921,0.030912482494590544,True
Stat3_Etch_MV_PlatenDcBias,2024-07-05_02,2,2,3.5984597953814244,3.4284714669242016,0.16998832845722278,0.030912482494590544,True
Stat3_Etch_MV_PlatenDcBias,2024-07-05_03,2,3,3.6805771403948784,3.459383949418792,0.22119319097608647,0.030912482494590544,True
Stat3_Etch_MV_PlatenDcBias,2024-07-05_04,2,4,3.649617892439647,3.4902964319133827,0.1593214605262645,0.030912482494590544,True
Stat3_Etch_MV_PlatenDcBias,2024-07-05_05,2,5,4.081062432955197,3.521208914407973,0.5598535185472242,0.030912482494590544,True
Stat3_Etch_MV_PlatenDcBias,2024-07-05_06,2,6,3.5934805131923078,3.552121396902564,0.04135911628974398,0.030912482494590544,True
Stat3_Etch_MV_PlatenDcBias,2024-07-05_07,2,7,3.347740704540583,3.583033879397154,-0.23529317485657097,0.030912482494590544,True
Stat3_Etch_MV_PlatenDcBias,2024-07-05_08,2,8,3.774788917392813,3.613946361891745,0.16084255550106796,0.030912482494590544,True
Stat3_Etch_MV_PlatenDcBias,2024-07-05_09,2,9,3.612309606418163,3.6448588443863352,-0.03254923796817222,0.030912482494590544,True
Stat3_Etch_MV_PlatenDcBias,2024-07-05_10,2,10,3.3435164731866496,3.675771326880926,-0.33225485369427643,0.030912482494590544,True
Stat3_Etch_MV_PlatenDcBias,2024-07-09_01,3,1,3.1063781698106405,3.732143703770509,-0.6257655339598687,-0.015572389391254078,True
Stat3_Etch_MV_PlatenDcBias,2024-07-09_02,3,2,4.09593058241311,3.716571314379255,0.37935926803385467,-0.015572389391254078,True
Stat3_Etch_MV_PlatenDcBias,2024-07-09_03,3,3,3.9332348907404384,3.700998924988001,0.23223596575243732,-0.015572389391254078,True
Stat3_Etch_MV_PlatenDcBias,2024-07-09_04,3,4,4.086235579819394,3.685426535596747,0.4008090442226466,-0.015572389391254078,True
Stat3_Etch_MV_PlatenDcBias,2024-07-09_05,3,5,3.5255464513305017,3.669854146205493,-0.1443076948749913,-0.015572389391254078,True
Stat3_Etch_MV_PlatenDcBias,2024-07-09_06,3,6,3.719615526559639,3.654281756814239,0.06533376974540017,-0.015572389391254078,True
Stat3_Etch_MV_PlatenDcBias,2024-07-09_07,3,7,3.361149411855334,3.638709367422985,-0.2775599555676509,-0.015572389391254078,True
Stat3_Etch_MV_PlatenDcBias,2024-07-09_08,3,8,3.682801487373293,3.6231369780317304,0.05966450934156242,-0.015572389391254078,True
Stat3_Etch_MV_PlatenDcBias,2024-07-09_09,3,9,3.347628467818719,3.6075645886404764,-0.2599361208217572,-0.015572389391254078,True
Stat3_Etch_MV_PlatenDcBias,2024-07-09_10,3,10,3.762158947377592,3.5919921992492223,0.17016674812836952,-0.015572389391254078,True
Stat3_Etch_MV_PlatenDcBias,2024-07-11_01,4,1,3.744858854951288,4.247183318277251,-0.5023244633259636,-0.02615057481462889,True
Stat3_Etch_MV_PlatenDcBias,2024-07-11_02,4,2,4.0607269463113465,4.221032743462623,-0.16030579715127669,-0.02615057481462889,True
Stat3_Etch_MV_PlatenDcBias,2024-07-11_03,4,3,4.760502323681474,4.194882168647994,0.5656201550334803,-0.02615057481462889,True
Stat3_Etch_MV_PlatenDcBias,2024-07-11_04,4,4,4.087898728202633,4.168731593833365,-0.08083286563073155,-0.02615057481462889,True
Stat3_Etch_MV_PlatenDcBias,2024-07-11_05,4,5,4.537318133104686,4.142581019018736,0.3947371140859506,-0.02615057481462889,True
Stat3_Etch_MV_PlatenDcBias,2024-07-11_06,4,6,3.9913741436661465,4.1164304442041075,-0.12505630053796102,-0.02615057481462889,True
Stat3_Etch_MV_PlatenDcBias,2024-07-11_07,4,7,4.248174474444441,4.090279869389478,0.15789460505496233,-0.02615057481462889,True
Stat3_Etch_MV_PlatenDcBias,2024-07-11_08,4,8,4.038687866221192,4.064129294574849,-0.02544142835365726,-0.02615057481462889,True
Stat3_Etch_MV_PlatenDcBias,2024-07-11_09,4,9,4.47074004871867,4.03797871976022,0.43276132895845,-0.02615057481462889,True
Stat3_Etch_MV_PlatenDcBias,2024-07-11_10,4,10,3.3547757968123437,4.011828144945592,-0.6570523481332482,-0.02615057481462889,True
Stat3_Etch_MV_PlatenDcBias,2024-07-19_01,5,1,3.3844439331120544,4.128497950987554,-0.7440540178754995,0.007192755579398371,True
Stat3_Etch_MV_PlatenDcBias,2024-07-19_02,5,2,4.2877783900982624,4.135690706566953,0.15208768353130964,0.007192755579398371,True
Stat3_Etch_MV_PlatenDcBias,2024-07-19_03,5,3,4.444223501179299,4.142883462146351,0.30134003903294815,0.007192755579398371,True
Stat3_Etch_MV_PlatenDcBias,2024-07-19_04,5,4,4.377980680875881,4.15007621772575,0.22790446315013124,0.007192755579398371,True
Stat3_Etch_MV_PlatenDcBias,2024-07-19_05,5,5,4.409291808979966,4.157268973305148,0.2520228356748184,0.007192755579398371,True
Stat3_Etch_MV_PlatenDcBias,2024-07-19_06,5,6,4.378901039067418,4.164461728884546,0.21443931018287188,0.007192755579398371,True
Stat3_Etch_MV_PlatenDcBias,2024-07-19_07,5,7,4.1924126499753775,4.171654484463945,0.020758165511432836,0.007192755579398371,True
Stat3_Etch_MV_PlatenDcBias,2024-07-19_08,5,8,4.232195881926787,4.178847240043343,0.053348641883443904,0.007192755579398371,True
Stat3_Etch_MV_PlatenDcBias,2024-07-19_09,5,9,3.902174436713594,4.186039995622741,-0.28386555890914655,0.007192755579398371,True
Stat3_Etch_MV_PlatenDcBias,2024-07-19_10,5,10,3.999251189019839,4.19323275120214,-0.19398156218230067,0.007192755579398371,True
Stat3_Etch_MV_PlatenDcBias,2024-08-01_01,6,1,4.6940154314682045,4.644432539351809,0.04958289211639588,-0.17634847350382876,True
Stat3_Etch_MV_PlatenDcBias,2024-08-01_02,6,2,4.549983140058741,4.468084065847981,0.08189907421076015,-0.17634847350382876,True
Stat3_Etch_MV_PlatenDcBias,2024-08-01_03,6,3,4.433703753510593,4.291735592344152,0.1419681611664414,-0.17634847350382876,True
Stat3_Etch_MV_PlatenDcBias,2024-08-01_04,6,4,3.88766629414509,4.115387118840323,-0.2277208246952327,-0.17634847350382876,True
Stat3_Etch_MV_PlatenDcBias,2024-08-01_05,6,5,3.860688379798514,3.9390386453364936,-0.07835026553797952,-0.17634847350382876,True
Stat3_Etch_MV_PlatenDcBias,2024-08-01_06,6,6,3.6621801119892536,3.762690171832665,-0.10051005984341144,-0.17634847350382876,True
Stat3_Etch_MV_PlatenDcBias,2024-08-01_07,6,7,3.792091501700778,3.5863416983288365,0.20574980337194138,-0.17634847350382876,True
Stat3_Etch_MV_PlatenDcBias,2024-08-01_08,6,8,3.062676805670306,3.4099932248250076,-0.34731641915470135,-0.17634847350382876,True
Stat3_Etch_MV_PlatenDcBias,2024-08-01_09,6,9,3.3759289438509223,3.2336447513211786,0.14228419252974378,-0.17634847350382876,True
Stat3_Etch_MV_PlatenDcBias,2024-08-01_10,6,10,3.1897097236533822,3.05729627781735,0.1324134458360322,-0.17634847350382876,True
Stat3_Etch_MV_PlatenDcBias,2024-08-05_01,7,1,4.371281448734245,4.724172559020288,-0.35289111028604303,-0.25246617435870344,True
Stat3_Etch_MV_PlatenDcBias,2024-08-05_02,7,2,4.540901169733872,4.4717063846615845,0.0691947850722876,-0.25246617435870344,True
Stat3_Etch_MV_PlatenDcBias,2024-08-05_03,7,3,4.798902297532687,4.219240210302881,0.5796620872298064,-0.25246617435870344,True
Stat3_Etch_MV_PlatenDcBias,2024-08-05_04,7,4,3.813670899388943,3.966774035944178,-0.1531031365552349,-0.25246617435870344,True
Stat3_Etch_MV_PlatenDcBias,2024-08-05_05,7,5,3.7692042841476088,3.7143078615854743,0.05489642256213445,-0.25246617435870344,True
Stat3_Etch_MV_PlatenDcBias,2024-08-05_06,7,6,3.2640826392038256,3.461841687226771,-0.19775904802294564,-0.25246617435870344,True
Stat3_Etch_MV_PlatenDcBias,2024-08-07_01,8,1,4.065853040064535,4.388210461135973,-0.3223574210714375,-0.019138605290528143,True
Stat3_Etch_MV_PlatenDcBias,2024-08-07_02,8,2,4.444438744232434,4.369071855845444,0.07536688838698957,-0.019138605290528143,True
Stat3_Etch_MV_PlatenDcBias,2024-08-07_03,8,3,4.900985387914321,4.349933250554916,0.5510521373594042,-0.019138605290528143,True
Stat3_Etch_MV_PlatenDcBias,2024-08-07_04,8,4,4.033912298393186,4.330794645264388,-0.2968823468712021,-0.019138605290528143,True
Stat3_Etch_MV_PlatenDcBias,2024-08-07_05,8,5,4.48599641883465,4.31165603997386,0.1743403788607898,-0.019138605290528143,True
Stat3_Etch_MV_PlatenDcBias,2024-08-07_06,8,6,4.333260903629571,4.292517434683332,0.04074346894623915,-0.019138605290528143,True
Stat3_Etch_MV_PlatenDcBias,2024-08-07_07,8,7,4.279233762867991,4.2733788293928034,0.005854933475187174,-0.019138605290528143,True
Stat3_Etch_MV_PlatenDcBias,2024-08-07_08,8,8,3.969879352147696,4.254240224102276,-0.2843608719545796,-0.019138605290528143,True
Stat3_Etch_MV_PlatenDcBias,2024-08-07_09,8,9,3.973793594464934,4.235101618811748,-0.261308024346814,-0.019138605290528143,True
Stat3_Etch_MV_PlatenDcBias,2024-08-07_10,8,10,4.533513870736661,4.215963013521219,0.3175508572154415,-0.019138605290528143,True
Stat3_Etch_MV_PlatenDcBias,2024-08-21_01,9,1,3.788531022725696,4.422654749406912,-0.6341237266812163,-0.04956220305315714,True
Stat3_Etch_MV_PlatenDcBias,2024-08-21_02,9,2,4.666596513129397,4.373092546353755,0.29350396677564206,-0.04956220305315714,True
Stat3_Etch_MV_PlatenDcBias,2024-08-21_03,9,3,4.247939801702369,4.3235303433005985,-0.07559054159822942,-0.04956220305315714,True
Stat3_Etch_MV_PlatenDcBias,2024-08-21_04,9,4,4.768876784862543,4.273968140247441,0.4949086446151014,-0.04956220305315714,True
Stat3_Etch_MV_PlatenDcBias,2024-08-21_05,9,5,4.368258846120984,4.224405937194284,0.1438529089267,-0.04956220305315714,True
Stat3_Etch_MV_PlatenDcBias,2024-08-21_06,9,6,4.383282449937636,4.174843734141127,0.2084387157965093,-0.04956220305315714,True
Stat3_Etch_MV_PlatenDcBias,2024-08-21_07,9,7,4.022178339344409,4.125281531087969,-0.10310319174356053,-0.04956220305315714,True
Stat3_Etch_MV_PlatenDcBias,2024-08-21_08,9,8,4.074093473033337,4.075719328034812,-0.0016258550014747186,-0.04956220305315714,True
Stat3_Etch_MV_PlatenDcBias,2024-08-21_09,9,9,3.704462731818595,4.026157124981655,-0.3216943931630598,-0.04956220305315714,True
Stat3_Etch_MV_PlatenDcBias,2024-08-21_10,9,10,3.972028394002095,3.976594921928498,-0.004566527926403108,-0.04956220305315714,True
Stat3_Etch_MV_PlatenDcBias,2024-08-22_01,10,1,4.764049803050639,4.728756322526567,0.03529348052407233,-0.030373707582002977,True
Stat3_Etch_MV_PlatenDcBias,2024-08-22_02,10,2,4.748930302037988,4.698382614944563,0.05054768709342472,-0.030373707582002977,True
Stat3_Etch_MV_PlatenDcBias,2024-08-22_03,10,3,4.777866018531873,4.668008907362561,0.10985711116931274,-0.030373707582002977,True
Stat3_Etch_MV_PlatenDcBias,2024-08-22_04,10,4,4.346627536086245,4.637635199780558,-0.2910076636943124,-0.030373707582002977,True
Stat3_Etch_MV_PlatenDcBias,2024-08-22_05,10,5,4.79917154680781,4.607261492198555,0.19191005460925492,-0.030373707582002977,True
Stat3_Etch_MV_PlatenDcBias,2024-08-22_06,10,6,4.199720169267347,4.576887784616551,-0.3771676153492045,-0.030373707582002977,True
Stat3_Etch_MV_PlatenDcBias,2024-08-22_07,10,7,4.76841456755515,4.546514077034549,0.22190049052060168,-0.030373707582002977,True
Stat3_Etch_MV_PlatenDcBias,2024-08-22_08,10,8,4.5684414647893234,4.516140369452546,0.052301095336777514,-0.030373707582002977,True
Stat3_Etch_MV_PlatenDcBias,2024-08-22_09,10,9,4.519606570502421,4.485766661870543,0.03383990863187769,-0.030373707582002977,True
Stat3_Etch_MV_PlatenDcBias,2024-08-22_10,10,10,4.427918405446748,4.4553929542885395,-0.027474548841791346,-0.030373707582002977,True
Stat3_Etch_MV_PlatenRFLoadCapacitor,2024-07-02_01,1,1,88.5444742271334,89.00824048877433,-0.46376626164092727,-0.0475835949367891,True
Stat3_Etch_MV_PlatenRFLoadCapacitor,2024-07-02_02,1,2,89.36407374342282,88.96065689383754,0.4034168495852839,-0.0475835949367891,True
Stat3_Etch_MV_PlatenRFLoadCapacitor,2024-07-02_03,1,3,89.07887330193935,88.91307329890074,0.16580000303861198,-0.0475835949367891,True
Stat3_Etch_MV_PlatenRFLoadCapacitor,2024-07-02_04,1,4,88.85464947951434,88.86548970396396,-0.010840224449623292,-0.0475835949367891,True
Stat3_Etch_MV_PlatenRFLoadCapacitor,2024-07-02_05,1,5,88.74784603961376,88.81790610902718,-0.07006006941341525,-0.0475835949367891,True
Stat3_Etch_MV_PlatenRFLoadCapacitor,2024-07-02_06,1,6,88.80336089087983,88.77032251409038,0.033038376789448876,-0.0475835949367891,True
Stat3_Etch_MV_PlatenRFLoadCapacitor,2024-07-02_07,1,7,88.74500127828708,88.72273891915358,0.022262359133492282,-0.0475835949367891,True
Stat3_Etch_MV_PlatenRFLoadCapacitor,2024-07-02_08,1,8,88.68280306636787,88.6751553242168,0.007647742151064563,-0.0475835949367891,True
Stat3_Etch_MV_PlatenRFLoadCapacitor,2024-07-02_09,1,9,88.61463889100008,88.62757172928002,-0.012932838279937187,-0.0475835949367891,True
Stat3_Etch_MV_PlatenRFLoadCapacitor,2024-07-02_10,1,10,88.50542219742928,88.57998813434322,-0.07456593691394175,-0.0475835949367891,True
Stat3_Etch_MV_PlatenRFLoadCapacitor,2024-07-05_01,2,1,87.8837434478428,88.59345815901942,-0.7097147111766162,-0.011741373102685101,True
Stat3_Etch_MV_PlatenRFLoadCapacitor,2024-07-05_02,2,2,89.1652578336664,88.58171678591673,0.5835410477496765,-0.011741373102685101,True
Stat3_Etch_MV_PlatenRFLoadCapacitor,2024-07-05_03,2,3,88.84533062924991,88.56997541281405,0.27535521643586947,-0.011741373102685101,True
Stat3_Etch_MV_PlatenRFLoadCapacitor,2024-07-05_04,2,4,88.62723226142516,88.55823403971137,0.0689982217137981,-0.011741373102685101,True
Stat3_Etch_MV_PlatenRFLoadCapacitor,2024-07-05_05,2,5,88.49830431860053,88.54649266660867,-0.048188348008139315,-0.011741373102685101,True
Stat3_Etch_MV_PlatenRFLoadCapacitor,2024-07-05_06,2,6,88.46837456893539,88.53475129350599,-0.06637672457060262,-0.011741373102685101,True
Stat3_Etch_MV_PlatenRFLoadCapacitor,2024-07-05_07,2,7,88.46131070024471,88.52300992040331,-0.06169922015860152,-0.011741373102685101,True
Stat3_Etch_MV_PlatenRFLoadCapacitor,2024-07-05_08,2,8,88.58150266871478,88.51126854730062,0.07023412141415974,-0.011741373102685101,True
Stat3_Etch_MV_PlatenRFLoadCapacitor,2024-07-05_09,2,9,88.42823340342595,88.49952717419794,-0.0712937707719874,-0.011741373102685101,True
Stat3_Etch_MV_PlatenRFLoadCapacitor,2024-07-05_10,2,10,88.44692996846757,88.48778580109524,-0.04085583262767045,-0.011741373102685101,True
Stat3_Etch_MV_PlatenRFLoadCapacitor,2024-07-09_01,3,1,87.89750095037105,88.55513869081531,-0.6576377404442582,-0.03396705377351725,True
Stat3_Etch_MV_PlatenRFLoadCapacitor,2024-07-09_02,3,2,89.04066069164784,88.5211716370418,0.5194890546060407,-0.03396705377351725,True
Stat3_Etch_MV_PlatenRFLoadCapacitor,2024-07-09_03,3,3,88.68578139916984,88.48720458326828,0.19857681590156062,-0.03396705377351725,True
Stat3_Etch_MV_PlatenRFLoadCapacitor,2024-07-09_04,3,4,88.4551029715479,88.45323752949477,0.0018654420531305504,-0.03396705377351725,True
Stat3_Etch_MV_PlatenRFLoadCapacitor,2024-07-09_05,3,5,88.67259517862186,88.41927047572125,0.2533247029006134,-0.03396705377351725,True
Stat3_Etch_MV_PlatenRFLoadCapacitor,2024-07-09_06,3,6,88.26553519774104,88.38530342194773,-0.11976822420668043,-0.03396705377351725,True
Stat3_Etch_MV_PlatenRFLoadCapacitor,2024-07-09_07,3,7,88.27997878482908,88.35133636817422,-0.07135758334513298,-0.03396705377351725,True
Stat3_Etch_MV_PlatenRFLoadCapacitor,2024-07-09_08,3,8,88.2167911636355,88.3173693144007,-0.1005781507651875,-0.03396705377351725,True
Stat3_Etch_MV_PlatenRFLoadCapacitor,2024-07-09_09,3,9,88.27267755803676,88.28340226062718,-0.010724702590422908,-0.03396705377351725,True
Stat3_Etch_MV_PlatenRFLoadCapacitor,2024-07-09_10,3,10,88.23624559274397,88.24943520685366,-0.01318961410969166,-0.03396705377351725,True
Stat3_Etch_MV_PlatenRFLoadCapacitor,2024-07-11_01,4,1,87.77864097456835,88.39598668815364,-0.6173457135852942,0.03146261891312847,True
Stat3_Etch_MV_PlatenRFLoadCapacitor,2024-07-11_02,4,2,88.84432057862456,88.42744930706678,0.41687127155778114,0.03146261891312847,True
Stat3_Etch_MV_PlatenRFLoadCapacitor,2024-07-11_03,4,3,88.77435773268604,88.4589119259799,0.315445806706137,0.03146261891312847,True
Stat3_Etch_MV_PlatenRFLoadCapacitor,2024-07-11_04,4,4,88.4432424386183,88.49037454489303,-0.047132106274730745,0.03146261891312847,True
Stat3_Etch_MV_PlatenRFLoadCapacitor,2024-07-11_05,4,5,88.72851139615732,88.52183716380615,0.2066742323511619,0.03146261891312847,True
Stat3_Etch_MV_PlatenRFLoadCapacitor,2024-07-11_06,4,6,88.48527654825106,88.5532997827193,-0.06802323446822811,0.03146261891312847,True
Stat3_Etch_MV_PlatenRFLoadCapacitor,2024-07-11_07,4,7,88.56573902739473,88.58476240163242,-0.019023374237690405,0.03146261891312847,True
Stat3_Etch_MV_PlatenRFLoadCapacitor,2024-07-11_08,4,8,88.52960379621494,88.61622502054554,-0.08662122433059949,0.03146261891312847,True
Stat3_Etch_MV_PlatenRFLoadCapacitor,2024-07-11_09,4,9,88.41253522746025,88.64768763945867,-0.2351524119984134,0.03146261891312847,True
Stat3_Etch_MV_PlatenRFLoadCapacitor,2024-07-11_10,4,10,88.81345701265161,88.6791502583718,0.13430675427980532,0.03146261891312847,True
Stat3_Etch_MV_PlatenRFLoadCapacitor,2024-07-19_01,5,1,87.90111724377311,88.34868519468414,-0.4475679509110222,-0.0067427781453642584,True
Stat3_Etch_MV_PlatenRFLoadCapacitor,2024-07-19_02,5,2,88.64919712596347,88.34194241653877,0.3072547094246971,-0.0067427781453642584,True
Stat3_Etch_MV_PlatenRFLoadCapacitor,2024-07-19_03,5,3,88.4793810184406,88.3351996383934,0.1441813800472005,-0.0067427781453642584,True
Stat3_Etch_MV_PlatenRFLoadCapacitor,2024-07-19_04,5,4,88.39985091826549,88.32845686024804,0.07139405801744658,-0.0067427781453642584,True
Stat3_Etch_MV_PlatenRFLoadCapacitor,2024-07-19_05,5,5,88.33071300879769,88.32171408210269,0.00899892669499991,-0.0067427781453642584,True
Stat3_Etch_MV_PlatenRFLoadCapacitor,2024-07-19_06,5,6,88.30450820221385,88.31497130395732,-0.010463101743468428,-0.0067427781453642584,True
Stat3_Etch_MV_PlatenRFLoadCapacitor,2024-07-19_07,5,7,88.30069318004215,88.30822852581196,-0.007535345769809965,-0.0067427781453642584,True
Stat3_Etch_MV_PlatenRFLoadCapacitor,2024-07-19_08,5,8,88.29250491610023,88.30148574766659,-0.008980831566361758,-0.0067427781453642584,True
Stat3_Etch_MV_PlatenRFLoadCapacitor,2024-07-19_09,5,9,88.46460831782733,88.29474296952122,0.16986534830610367,-0.0067427781453642584,True
Stat3_Etch_MV_PlatenRFLoadCapacitor,2024-07-19_10,5,10,88.06085299887573,88.28800019137586,-0.2271471925001265,-0.0067427781453642584,True
Stat3_Etch_MV_PlatenRFLoadCapacitor,2024-08-01_01,6,1,88.05164556525727,88.16788397907328,-0.11623841381600641,-0.046287532249030275,True
Stat3_Etch_MV_PlatenRFLoadCapacitor,2024-08-01_02,6,2,88.49127202129684,88.12159644682424,0.3696755744725948,-0.046287532249030275,True
Stat3_Etch_MV_PlatenRFLoadCapacitor,2024-08-01_03,6,3,88.02331547607989,88.07530891457522,-0.051993438495330224,-0.046287532249030275,True
Stat3_Etch_MV_PlatenRFLoadCapacitor,2024-08-01_04,6,4,87.84137784561877,88.02902138232618,-0.1876435367074123,-0.046287532249030275,True
Stat3_Etch_MV_PlatenRFLoadCapacitor,2024-08-01_05,6,5,87.88173143411711,87.98273385007715,-0.10100241596003912,-0.046287532249030275,True
Stat3_Etch_MV_PlatenRFLoadCapacitor,2024-08-01_06,6,6,88.07234576944043,87.93644631782813,0.13589945161230332,-0.046287532249030275,True
Stat3_Etch_MV_PlatenRFLoadCapacitor,2024-08-01_07,6,7,87.72368170703159,87.89015878557909,-0.16647707854750138,-0.046287532249030275,True
Stat3_Etch_MV_PlatenRFLoadCapacitor,2024-08-01_08,6,8,87.96879548717207,87.84387125333006,0.1249242338420089,-0.046287532249030275,True
Stat3_Etch_MV_PlatenRFLoadCapacitor,2024-08-01_09,6,9,87.58713718066646,87.79758372108104,-0.21044654041457989,-0.046287532249030275,True
Stat3_Etch_MV_PlatenRFLoadCapacitor,2024-08-01_10,6,10,87.95459835284612,87.751296188832,0.2033021640141186,-0.046287532249030275,True
Stat3_Etch_MV_PlatenRFLoadCapacitor,2024-08-05_01,7,1,87.31037616889213,87.87597551490374,-0.5655993460116093,-0.03780778609152587,True
Stat3_Etch_MV_PlatenRFLoadCapacitor,2024-08-05_02,7,2,88.35221344824421,87.83816772881221,0.5140457194320049,-0.03780778609152587,True
Stat3_Etch_MV_PlatenRFLoadCapacitor,2024-08-05_03,7,3,88.02186133453162,87.80035994272069,0.2215013918109321,-0.03780778609152587,True
Stat3_Etch_MV_PlatenRFLoadCapacitor,2024-08-05_04,7,4,87.82495545735131,87.76255215662916,0.06240330072215272,-0.03780778609152587,True
Stat3_Etch_MV_PlatenRFLoadCapacitor,2024-08-05_05,7,5,87.70724744599067,87.72474437053764,-0.017496924546961168,-0.03780778609152587,True
Stat3_Etch_MV_PlatenRFLoadCapacitor,2024-08-05_06,7,6,87.47208244303962,87.6869365844461,-0.21485414140647663,-0.03780778609152587,True
Stat3_Etch_MV_PlatenRFLoadCapacitor,2024-08-07_01,8,1,87.7488314496173,88.08869272955297,-0.3398612799356755,0.10683744840473536,True
Stat3_Etch_MV_PlatenRFLoadCapacitor,2024-08-07_02,8,2,88.93600836515928,88.1955301779577,0.7404781872015747,0.10683744840473536,True
Stat3_Etch_MV_PlatenRFLoadCapacitor,2024-08-07_03,8,3,88.58292200200698,88.30236762636245,0.28055437564452745,0.10683744840473536,True
Stat3_Etch_MV_PlatenRFLoadCapacitor,2024-08-07_04,8,4,88.29424142773755,88.40920507476719,-0.11496364702964001,0.10683744840473536,True
Stat3_Etch_MV_PlatenRFLoadCapacitor,2024-08-07_05,8,5,88.22031849851898,88.51604252317192,-0.2957240246529409,0.10683744840473536,True
Stat3_Etch_MV_PlatenRFLoadCapacitor,2024-08-07_06,8,6,88.03658400762042,88.62287997157665,-0.586295963956232,0.10683744840473536,True
Stat3_Etch_MV_PlatenRFLoadCapacitor,2024-08-07_07,8,7,87.88382009055374,88.72971741998138,-0.8458973294276433,0.10683744840473536,True
Stat3_Etch_MV_PlatenRFLoadCapacitor,2024-08-07_08,8,8,89.72739366945022,88.83655486838613,0.890838801064092,0.10683744840473536,True
Stat3_Etch_MV_PlatenRFLoadCapacitor,2024-08-07_09,8,9,89.38403795651072,88.94339231679086,0.44064563971986104,0.10683744840473536,True
Stat3_Etch_MV_PlatenRFLoadCapacitor,2024-08-07_10,8,10,88.88045500656786,89.0502297651956,-0.16977475862773872,0.10683744840473536,True
Stat3_Etch_MV_PlatenRFLoadCapacitor,2024-08-21_01,9,1,87.83031664803674,88.38351731383516,-0.5532006657984141,-0.025540115740620657,True
Stat3_Etch_MV_PlatenRFLoadCapacitor,2024-08-21_02,9,2,88.96900304647592,88.35797719809455,0.6110258483813737,-0.025540115740620657,True
Stat3_Etch_MV_PlatenRFLoadCapacitor,2024-08-21_03,9,3,88.50705171723463,88.33243708235392,0.1746146348807116,-0.025540115740620657,True
Stat3_Etch_MV_PlatenRFLoadCapacitor,2024-08-21_04,9,4,88.29618732604801,88.3068969666133,-0.01070964056528112,-0.025540115740620657,True
Stat3_Etch_MV_PlatenRFLoadCapacitor,2024-08-21_05,9,5,88.15533083762982,88.28135685087268,-0.1260260132428641,-0.025540115740620657,True
Stat3_Etch_MV_PlatenRFLoadCapacitor,2024-08-21_06,9,6,88.25309136835358,88.25581673513206,-0.002725366778477678,-0.025540115740620657,True
Stat3_Etch_MV_PlatenRFLoadCapacitor,2024-08-21_07,9,7,87.91789045050088,88.23027661939143,-0.3123861688905549,-0.025540115740620657,True
Stat3_Etch_MV_PlatenRFLoadCapacitor,2024-08-21_08,9,8,88.10434727428031,88.20473650365082,-0.10038922937050643,-0.025540115740620657,True
Stat3_Etch_MV_PlatenRFLoadCapacitor,2024-08-21_09,9,9,88.89071949101381,88.1791963879102,0.711523103103616,-0.025540115740620657,True
Stat3_Etch_MV_PlatenRFLoadCapacitor,2024-08-21_10,9,10,87.76192977045021,88.15365627216957,-0.3917265017193614,-0.025540115740620657,True
Stat3_Etch_MV_PlatenRFLoadCapacitor,2024-08-22_01,10,1,88.04184857954102,88.54130859632608,-0.4994600167850507,0.007653738954298992,True
Stat3_Etch_MV_PlatenRFLoadCapacitor,2024-08-22_02,10,2,88.91417806101362,88.54896233528036,0.36521572573325045,0.007653738954298992,True
Stat3_Etch_MV_PlatenRFLoadCapacitor,2024-08-22_03,10,3,88.76731103114642,88.55661607423467,0.21069495691175177,0.007653738954298992,True
Stat3_Etch_MV_PlatenRFLoadCapacitor,2024-08-22_04,10,4,88.55998815178114,88.56426981318897,-0.004281661407830484,0.007653738954298992,True
Stat3_Etch_MV_PlatenRFLoadCapacitor,2024-08-22_05,10,5,88.51191180671464,88.57192355214326,-0.06001174542862486,0.007653738954298992,True
Stat3_Etch_MV_PlatenRFLoadCapacitor,2024-08-22_06,10,6,88.59422807061985,88.57957729109756,0.014650779522284552,0.007653738954298992,True
Stat3_Etch_MV_PlatenRFLoadCapacitor,2024-08-22_07,10,7,88.56785553007546,88.58723103005187,-0.019375499976405308,0.007653738954298992,True
Stat3_Etch_MV_PlatenRFLoadCapacitor,2024-08-22_08,10,8,88.88971693735114,88.59488476900616,0.29483216834498194,0.007653738954298992,True
Stat3_Etch_MV_PlatenRFLoadCapacitor,2024-08-22_09,10,9,88.43669589551864,88.60253850796046,-0.1658426124418213,0.007653738954298992,True
Stat3_Etch_MV_PlatenRFLoadCapacitor,2024-08-22_10,10,10,88.4737701524424,88.61019224691476,-0.13642209447236553,0.007653738954298992,True
Stat3_Etch_MV_PlatenRFLoadPower,2024-07-02_01,1,1,44.180594835951176,44.179565484033034,0.0010293519181416855,-0.005955946385068401,True
Stat3_Etch_MV_PlatenRFLoadPower,2024-07-02_02,1,2,44.19310900408735,44.17360953764797,0.0194994664393775,-0.005955946385068401,True
Stat3_Etch_MV_PlatenRFLoadPower,2024-07-02_03,1,3,44.13625403289132,44.1676535912629,-0.031399558371575154,-0.005955946385068401,True
Stat3_Etch_MV_PlatenRFLoadPower,2024-07-02_04,1,4,44.142054672904415,44.16169764487783,-0.019642971973418355,-0.005955946385068401,True
Stat3_Etch_MV_PlatenRFLoadPower,2024-07-02_05,1,5,44.20676359994071,44.15574169849276,0.05102190144794605,-0.005955946385068401,True
Stat3_Etch_MV_PlatenRFLoadPower,2024-07-02_06,1,6,44.120780511828656,44.1497857521077,-0.029005240279040834,-0.005955946385068401,True
Stat3_Etch_MV_PlatenRFLoadPower,2024-07-02_07,1,7,44.12125497612018,44.143829805722625,-0.02257482960244772,-0.005955946385068401,True
Stat3_Etch_MV_PlatenRFLoadPower,2024-07-02_08,1,8,44.18477486233751,44.13787385933756,0.04690100299995237,-0.005955946385068401,True
Stat3_Etch_MV_PlatenRFLoadPower,2024-07-02_09,1,9,44.139146691299686,44.13191791295249,0.007228778347197817,-0.005955946385068401,True
Stat3_Etch_MV_PlatenRFLoadPower,2024-07-02_10,1,10,44.10290406564134,44.125961966567424,-0.02305790092608362,-0.005955946385068401,True
Stat3_Etch_MV_PlatenRFLoadPower,2024-07-05_01,2,1,44.121144897563006,44.11642369409655,0.004721203466459656,0.002943335039166969,True
Stat3_Etch_MV_PlatenRFLoadPower,2024-07-05_02,2,2,44.083925593461295,44.11936702913571,-0.03544143567441438,0.002943335039166969,True
Stat3_Etch_MV_PlatenRFLoadPower,2024-07-05_03,2,3,44.106010994995685,44.12231036417488,-0.016299369179193945,0.002943335039166969,True
Stat3_Etch_MV_PlatenRFLoadPower,2024-07-05_04,2,4,44.20104627647707,44.12525369921404,0.07579257726303013,0.002943335039166969,True
Stat3_Etch_MV_PlatenRFLoadPower,2024-07-05_05,2,5,44.12148457217559,44.12819703425321,-0.006712462077622661,0.002943335039166969,True
Stat3_Etch_MV_PlatenRFLoadPower,2024-07-05_06,2,6,44.10455699909176,44.13114036929238,-0.026583370200619072,0.002943335039166969,True
Stat3_Etch_MV_PlatenRFLoadPower,2024-07-05_07,2,7,44.11643383902317,44.134083704331545,-0.017649865308371204,0.002943335039166969,True
Stat3_Etch_MV_PlatenRFLoadPower,2024-07-05_08,2,8,44.18111081982172,44.137027039370714,0.04408378045100392,0.002943335039166969,True
Stat3_Etch_MV_PlatenRFLoadPower,2024-07-05_09,2,9,44.14502897549632,44.13997037440988,0.005058601086439296,0.002943335039166969,True
Stat3_Etch_MV_PlatenRFLoadPower,2024-07-05_10,2,10,44.115944049622215,44.14291370944905,-0.026969659826832526,0.002943335039166969,True
Stat3_Etch_MV_PlatenRFLoadPower,2024-07-09_01,3,1,44.08955790342116,44.12392640837679,-0.03436850495562993,-0.004872536992887397,True
Stat3_Etch_MV_PlatenRFLoadPower,2024-07-09_02,3,2,44.17315815533361,44.1190538713839,0.05410428394971234,-0.004872536992887397,True
Stat3_Etch_MV_PlatenRFLoadPower,2024-07-09_03,3,3,44.13248894263254,44.11418133439101,0.018307608241528328,-0.004872536992887397,True
Stat3_Etch_MV_PlatenRFLoadPower,2024-07-09_04,3,4,44.106577310463294,44.10930879739812,-0.0027314869348273874,-0.004872536992887397,True
Stat3_Etch_MV_PlatenRFLoadPower,2024-07-09_05,3,5,44.06918353831784,44.10443626040524,-0.03525272208739949,-0.004872536992887397,True
Stat3_Etch_MV_PlatenRFLoadPower,2024-07-09_06,3,6,44.088762085639445,44.09956372341235,-0.010801637772907213,-0.004872536992887397,True
Stat3_Etch_MV_PlatenRFLoadPower,2024-07-09_07,3,7,44.09651064601631,44.09469118641946,0.0018194595968523686,-0.004872536992887397,True
Stat3_Etch_MV_PlatenRFLoadPower,2024-07-09_08,3,8,44.078354534836606,44.089818649426576,-0.011464114589969654,-0.004872536992887397,True
Stat3_Etch_MV_PlatenRFLoadPower,2024-07-09_09,3,9,44.08660406127338,44.084946112433684,0.0016579488396928355,-0.004872536992887397,True
Stat3_Etch_MV_PlatenRFLoadPower,2024-07-09_10,3,10,44.09880274115382,44.0800735754408,0.018729165713018858,-0.004872536992887397,True
Stat3_Etch_MV_PlatenRFLoadPower,2024-07-11_01,4,1,44.06139644672543,44.061816222416674,-0.00041977569124185266,0.005370301523923819,True
Stat3_Etch_MV_PlatenRFLoadPower,2024-07-11_02,4,2,44.05276423766437,44.0671865239406,-0.014422286276229102,0.005370301523923819,True
Stat3_Etch_MV_PlatenRFLoadPower,2024-07-11_03,4,3,44.054507269807054,44.07255682546452,-0.01804955565746269,0.005370301523923819,True
Stat3_Etch_MV_PlatenRFLoadPower,2024-07-11_04,4,4,44.11295956108172,44.07792712698844,0.035032434093281495,0.005370301523923819,True
Stat3_Etch_MV_PlatenRFLoadPower,2024-07-11_05,4,5,44.046750628457445,44.08329742851237,-0.03654680005492139,0.005370301523923819,True
Stat3_Etch_MV_PlatenRFLoadPower,2024-07-11_06,4,6,44.09257308681926,44.08866773003629,0.003905356782965441,0.005370301523923819,True
Stat3_Etch_MV_PlatenRFLoadPower,2024-07-11_07,4,7,44.14674670273258,44.09403803156022,0.05270867117236122,0.005370301523923819,True
Stat3_Etch_MV_PlatenRFLoadPower,2024-07-11_08,4,8,44.13596372066006,44.09940833308414,0.03655538757591614,0.005370301523923819,True
Stat3_Etch_MV_PlatenRFLoadPower,2024-07-11_09,4,9,44.07596297555581,44.10477863460806,-0.028815659052249032,0.005370301523923819,True
Stat3_Etch_MV_PlatenRFLoadPower,2024-07-11_10,4,10,44.08020116323967,44.110148936131985,-0.02994777289231365,0.005370301523923819,True
Stat3_Etch_MV_PlatenRFLoadPower,2024-07-19_01,5,1,44.07588606273352,44.158334649481255,-0.0824485867477378,-0.003131905076263848,True
Stat3_Etch_MV_PlatenRFLoadPower,2024-07-19_02,5,2,44.18301219875748,44.155202744404995,0.02780945435248583,-0.003131905076263848,True
Stat3_Etch_MV_PlatenRFLoadPower,2024-07-19_03,5,3,44.14623301756976,44.15207083932873,-0.0058378217589662995,-0.003131905076263848,True
Stat3_Etch_MV_PlatenRFLoadPower,2024-07-19_04,5,4,44.26503669190151,44.14893893425246,0.11609775764904384,-0.003131905076263848,True
Stat3_Etch_MV_PlatenRFLoadPower,2024-07-19_05,5,5,44.13126504827901,44.145807029176204,-0.014541980897192275,-0.003131905076263848,True
Stat3_Etch_MV_PlatenRFLoadPower,2024-07-19_06,5,6,44.13991194941534,44.14267512409994,-0.0027631746845955263,-0.003131905076263848,True
Stat3_Etch_MV_PlatenRFLoadPower,2024-07-19_07,5,7,44.131708404046165,44.13954321902367,-0.00783481497750671,-0.003131905076263848,True
Stat3_Etch_MV_PlatenRFLoadPower,2024-07-19_08,5,8,44.14378417387172,44.13641131394741,0.007372859924309694,-0.003131905076263848,True
Stat3_Etch_MV_PlatenRFLoadPower,2024-07-19_09,5,9,44.08964058950761,44.13327940887115,-0.04363881936353664,-0.003131905076263848,True
Stat3_Etch_MV_PlatenRFLoadPower,2024-07-19_10,5,10,44.13593263029853,44.13014750379488,0.005785126503646154,-0.003131905076263848,True
Stat3_Etch_MV_PlatenRFLoadPower,2024-08-01_01,6,1,44.2250887988716,44.1681437692664,0.056945029605202535,-0.012085178013064404,True
Stat3_Etch_MV_PlatenRFLoadPower,2024-08-01_02,6,2,44.141002384555776,44.15605859125334,-0.015056206697565244,-0.012085178013064404,True
Stat3_Etch_MV_PlatenRFLoadPower,2024-08-01_03,6,3,44.14930935027168,44.143973413240275,0.005335937031404114,-0.012085178013064404,True
Stat3_Etch_MV_PlatenRFLoadPower,2024-08-01_04,6,4,44.07887494002087,44.13188823522721,-0.05301329520634113,-0.012085178013064404,True
Stat3_Etch_MV_PlatenRFLoadPower,2024-08-01_05,6,5,44.03698463210371,44.11980305721414,-0.0828184251104318,-0.012085178013064404,True
Stat3_Etch_MV_PlatenRFLoadPower,2024-08-01_06,6,6,44.15536933963038,44.10771787920108,0.04765146042930013,-0.012085178013064404,True
Stat3_Etch_MV_PlatenRFLoadPower,2024-08-01_07,6,7,44.15450766106613,44.095632701188016,0.058874959878110644,-0.012085178013064404,True
Stat3_Etch_MV_PlatenRFLoadPower,2024-08-01_08,6,8,44.062299347051365,44.08354752317495,-0.021248176123584983,-0.012085178013064404,True
Stat3_Etch_MV_PlatenRFLoadPower,2024-08-01_09,6,9,44.049492700761775,44.07146234516189,-0.02196964440011584,-0.012085178013064404,True
Stat3_Etch_MV_PlatenRFLoadPower,2024-08-01_10,6,10,44.084675527742895,44.059377167148824,0.025298360594071312,-0.012085178013064404,True
Stat3_Etch_MV_PlatenRFLoadPower,2024-08-05_01,7,1,44.127758959384266,44.168325968991105,-0.04056700960683912,-0.0018883192990267821,True
Stat3_Etch_MV_PlatenRFLoadPower,2024-08-05_02,7,2,44.16533381832917,44.16643764969208,-0.0011038313629114782,-0.0018883192990267821,True
Stat3_Etch_MV_PlatenRFLoadPower,2024-08-05_03,7,3,44.26216022109472,44.16454933039305,0.09761089070166662,-0.0018883192990267821,True
Stat3_Etch_MV_PlatenRFLoadPower,2024-08-05_04,7,4,44.140432295931575,44.16266101109402,-0.02222871516244851,-0.0018883192990267821,True
Stat3_Etch_MV_PlatenRFLoadPower,2024-08-05_05,7,5,44.11964782350082,44.160772691794996,-0.041124868294176053,-0.0018883192990267821,True
Stat3_Etch_MV_PlatenRFLoadPower,2024-08-05_06,7,6,44.1662979062207,44.15888437249597,0.007413533724729859,-0.0018883192990267821,True
Stat3_Etch_MV_PlatenRFLoadPower,2024-08-07_01,8,1,44.22758073704217,44.2430925781305,-0.015511841088333256,-0.012709989844972496,True
Stat3_Etch_MV_PlatenRFLoadPower,2024-08-07_02,8,2,44.27311440283511,44.23038258828553,0.04273181454958319,-0.012709989844972496,True
Stat3_Etch_MV_PlatenRFLoadPower,2024-08-07_03,8,3,44.24967934231798,44.21767259844056,0.032006743877424526,-0.012709989844972496,True
Stat3_Etch_MV_PlatenRFLoadPower,2024-08-07_04,8,4,44.16210448068347,44.20496260859558,-0.042858127912111854,-0.012709989844972496,True
Stat3_Etch_MV_PlatenRFLoadPower,2024-08-07_05,8,5,44.1599157933446,44.19225261875061,-0.03233682540600569,-0.012709989844972496,True
Stat3_Etch_MV_PlatenRFLoadPower,2024-08-07_06,8,6,44.15658826796108,44.17954262890564,-0.022954360944559937,-0.012709989844972496,True
Stat3_Etch_MV_PlatenRFLoadPower,2024-08-07_07,8,7,44.183194914536905,44.166832639060665,0.01636227547624003,-0.012709989844972496,True
Stat3_Etch_MV_PlatenRFLoadPower,2024-08-07_08,8,8,44.17283623149648,44.154122649215694,0.0187135822807889,-0.012709989844972496,True
Stat3_Etch_MV_PlatenRFLoadPower,2024-08-07_09,8,9,44.13925385291821,44.14141265937072,-0.0021588064525133177,-0.012709989844972496,True
Stat3_Etch_MV_PlatenRFLoadPower,2024-08-07_10,8,10,44.13470821514532,44.128702669525744,0.006005545619572672,-0.012709989844972496,True
Stat3_Etch_MV_PlatenRFLoadPower,2024-08-21_01,9,1,44.1168120744635,44.12363680895762,-0.006824734494117024,-0.007615127425390847,True
Stat3_Etch_MV_PlatenRFLoadPower,2024-08-21_02,9,2,44.11906277774568,44.116021681532224,0.003041096213458161,-0.007615127425390847,True
Stat3_Etch_MV_PlatenRFLoadPower,2024-08-21_03,9,3,44.10418967792558,44.108406554106836,-0.004216876181253326,-0.007615127425390847,True
Stat3_Etch_MV_PlatenRFLoadPower,2024-08-21_04,9,4,44.08955792063895,44.10079142668145,-0.011233506042493957,-0.007615127425390847,True
Stat3_Etch_MV_PlatenRFLoadPower,2024-08-21_05,9,5,44.08810393238737,44.09317629925606,-0.005072366868688505,-0.007615127425390847,True
Stat3_Etch_MV_PlatenRFLoadPower,2024-08-21_06,9,6,44.14739276132276,44.08556117183066,0.0618315894921011,-0.007615127425390847,True
Stat3_Etch_MV_PlatenRFLoadPower,2024-08-21_07,9,7,44.05844252869183,44.07794604440527,-0.01950351571344555,-0.007615127425390847,True
Stat3_Etch_MV_PlatenRFLoadPower,2024-08-21_08,9,8,44.06690626421807,44.070330916979884,-0.003424652761815139,-0.007615127425390847,True
Stat3_Etch_MV_PlatenRFLoadPower,2024-08-21_09,9,9,44.04012412885587,44.06271578955449,-0.022591660698616067,-0.007615127425390847,True
Stat3_Etch_MV_PlatenRFLoadPower,2024-08-21_10,9,10,44.06309528918379,44.0551006621291,0.007994627054692671,-0.007615127425390847,True
Stat3_Etch_MV_PlatenRFLoadPower,2024-08-22_01,10,1,44.06046700770575,44.136400598552,-0.07593359084624751,0.0013314206985328802,True
Stat3_Etch_MV_PlatenRFLoadPower,2024-08-22_02,10,2,44.17724987640176,44.137732019250535,0.03951785715122469,0.0013314206985328802,True
Stat3_Etch_MV_PlatenRFLoadPower,2024-08-22_03,10,3,44.123428298812456,44.13906343994906,-0.015635141136606023,0.0013314206985328802,True
Stat3_Etch_MV_PlatenRFLoadPower,2024-08-22_04,10,4,44.13547343946309,44.140394860647596,-0.004921421184505448,0.0013314206985328802,True
Stat3_Etch_MV_PlatenRFLoadPower,2024-08-22_05,10,5,44.20231663295201,44.14172628134613,0.060590351605881665,0.0013314206985328802,True
Stat3_Etch_MV_PlatenRFLoadPower,2024-08-22_06,10,6,44.18658689401483,44.143057702044665,0.04352919197016547,0.0013314206985328802,True
Stat3_Etch_MV_PlatenRFLoadPower,2024-08-22_07,10,7,44.19864663385576,44.1443891227432,0.05425751111256005,0.0013314206985328802,True
Stat3_Etch_MV_PlatenRFLoadPower,2024-08-22_08,10,8,44.08169114585732,44.14572054344173,-0.06402939758441306,0.0013314206985328802,True
Stat3_Etch_MV_PlatenRFLoadPower,2024-08-22_09,10,9,44.1415036755316,44.14705196414026,-0.00554828860865797,0.0013314206985328802,True
Stat3_Etch_MV_PlatenRFLoadPower,2024-08-22_10,10,10,44.11655631235952,44.148383384838795,-0.031827072479273966,0.0013314206985328802,True
Stat3_Etch_MV_PlatenRFPeakToPeak,2024-07-02_01,1,1,563.8176075300644,566.8576289769995,-3.0400214469351567,0.6161072124067687,True
Stat3_Etch_MV_PlatenRFPeakToPeak,2024-07-02_02,1,2,568.3066696351574,567.4737361894063,0.8329334457511095,0.6161072124067687,True
Stat3_Etch_MV_PlatenRFPeakToPeak,2024-07-02_03,1,3,567.5936085947458,568.0898434018131,-0.496234807067367,0.6161072124067687,True
Stat3_Etch_MV_PlatenRFPeakToPeak,2024-07-02_04,1,4,570.4479229364935,568.7059506142199,1.7419723222735684,0.6161072124067687,True
Stat3_Etch_MV_PlatenRFPeakToPeak,2024-07-02_05,1,5,569.4657003399504,569.3220578266266,0.14364251332381173,0.6161072124067687,True
Stat3_Etch_MV_PlatenRFPeakToPeak,2024-07-02_06,1,6,572.3280027307263,569.9381650390334,2.3898376916929465,0.6161072124067687,True
Stat3_Etch_MV_PlatenRFPeakToPeak,2024-07-02_07,1,7,571.3047296746604,570.5542722514401,0.7504574232202685,0.6161072124067687,True
Stat3_Etch_MV_PlatenRFPeakToPeak,2024-07-02_08,1,8,571.8414277610458,571.170379463847,0.6710482971988085,0.6161072124067687,True
Stat3_Etch_MV_PlatenRFPeakToPeak,2024-07-02_09,1,9,571.6339896510414,571.7864866762537,-0.1524970252123694,0.6161072124067687,True
Stat3_Etch_MV_PlatenRFPeakToPeak,2024-07-02_10,1,10,569.5614554744147,572.4025938886605,-2.8411384142457337,0.6161072124067687,True
Stat3_Etch_MV_PlatenRFPeakToPeak,2024-07-05_01,2,1,561.5802917429436,564.7980501163469,-3.217758373403285,0.7821761804906863,True
Stat3_Etch_MV_PlatenRFPeakToPeak,2024-07-05_02,2,2,564.8697856978324,565.5802262968376,-0.7104405990052101,0.7821761804906863,True
Stat3_Etch_MV_PlatenRFPeakToPeak,2024-07-05_03,2,3,566.3014539376185,566.3624024773283,-0.0609485397097842,0.7821761804906863,True
Stat3_Etch_MV_PlatenRFPeakToPeak,2024-07-05_04,2,4,569.8881023622329,567.144578657819,2.7435237044138603,0.7821761804906863,True
Stat3_Etch_MV_PlatenRFPeakToPeak,2024-07-05_05,2,5,570.2315698417682,567.9267548383096,2.3048150034585433,0.7821761804906863,True
Stat3_Etch_MV_PlatenRFPeakToPeak,2024-07-05_06,2,6,570.1715343173074,568.7089310188004,1.4626032985070196,0.7821761804906863,True
Stat3_Etch_MV_PlatenRFPeakToPeak,2024-07-05_07,2,7,569.0758532412831,569.491107199291,-0.41525395800795195,0.7821761804906863,True
Stat3_Etch_MV_PlatenRFPeakToPeak,2024-07-05_08,2,8,572.352717850798,570.2732833797817,2.0794344710162704,0.7821761804906863,True
Stat3_Etch_MV_PlatenRFPeakToPeak,2024-07-05_09,2,9,569.3767119851001,571.0554595602724,-1.6787475751723377,0.7821761804906863,True
Stat3_Etch_MV_PlatenRFPeakToPeak,2024-07-05_10,2,10,569.3304083086663,571.8376357407631,-2.5072274320967836,0.7821761804906863,True
Stat3_Etch_MV_PlatenRFPeakToPeak,2024-07-09_01,3,1,564.4751186696075,566.9496007706105,-2.474482101002991,0.6225747128880357,True
Stat3_Etch_MV_PlatenRFPeakToPeak,2024-07-09_02,3,2,568.2424788423764,567.5721754834984,0.670303358877959,0.6225747128880357,True
Stat3_Etch_MV_PlatenRFPeakToPeak,2024-07-09_03,3,3,569.2778350870891,568.1947501963865,1.0830848907025938,0.6225747128880357,True
Stat3_Etch_MV_PlatenRFPeakToPeak,2024-07-09_04,3,4,570.3460600000685,568.8173249092745,1.5287350907940436,0.6225747128880357,True
Stat3_Etch_MV_PlatenRFPeakToPeak,2024-07-09_05,3,5,568.6153210542433,569.4398996221626,-0.824578567919275,0.6225747128880357,True
Stat3_Etch_MV_PlatenRFPeakToPeak,2024-07-09_06,3,6,570.7496796521564,570.0624743350506,0.687205317105736,0.6225747128880357,True
Stat3_Etch_MV_PlatenRFPeakToPeak,2024-07-09_07,3,7,570.6630289033105,570.6850490479386,-0.022020144628072558,0.6225747128880357,True
Stat3_Etch_MV_PlatenRFPeakToPeak,2024-07-09_08,3,8,572.4397156312688,571.3076237608267,1.132091870442082,0.6225747128880357,True
Stat3_Etch_MV_PlatenRFPeakToPeak,2024-07-09_09,3,9,571.2600539962172,571.9301984737147,-0.6701444774975016,0.6225747128880357,True
Stat3_Etch_MV_PlatenRFPeakToPeak,2024-07-09_10,3,10,571.4425779497301,572.5527731866027,-1.1101952368726415,0.6225747128880357,True
Stat3_Etch_MV_PlatenRFPeakToPeak,2024-07-11_01,4,1,562.3648417277385,565.6324910057683,-3.2676492780298076,0.6788783295337049,True
Stat3_Etch_MV_PlatenRFPeakToPeak,2024-07-11_02,4,2,565.8881914042502,566.311369335302,-0.42317793105178225,0.6788783295337049,True
Stat3_Etch_MV_PlatenRFPeakToPeak,2024-07-11_03,4,3,568.6416116370509,566.9902476648357,1.651363972215222,0.6788783295337049,True
Stat3_Etch_MV_PlatenRFPeakToPeak,2024-07-11_04,4,4,568.5952091299941,567.6691259943694,0.9260831356247081,0.6788783295337049,True
Stat3_Etch_MV_PlatenRFPeakToPeak,2024-07-11_05,4,5,569.4629618022863,568.3480043239031,1.1149574783831895,0.6788783295337049,True
Stat3_Etch_MV_PlatenRFPeakToPeak,2024-07-11_06,4,6,570.2202286230844,569.0268826534368,1.1933459696475666,0.6788783295337049,True
Stat3_Etch_MV_PlatenRFPeakToPeak,2024-07-11_07,4,7,571.281600762439,569.7057609829706,1.5758397794684242,0.6788783295337049,True
Stat3_Etch_MV_PlatenRFPeakToPeak,2024-07-11_08,4,8,570.8676632091564,570.3846393125042,0.4830238966521847,0.6788783295337049,True
Stat3_Etch_MV_PlatenRFPeakToPeak,2024-07-11_09,4,9,570.6999995712491,571.0635176420379,-0.36351807078881393,0.6788783295337049,True
Stat3_Etch_MV_PlatenRFPeakToPeak,2024-07-11_10,4,10,568.8521270194508,571.7423959715716,-2.8902689521207776,0.6788783295337049,True
Stat3_Etch_MV_PlatenRFPeakToPeak,2024-07-19_01,5,1,562.0344713674599,565.0287902324893,-2.9943188650294132,0.7931926725074937,True
Stat3_Etch_MV_PlatenRFPeakToPeak,2024-07-19_02,5,2,565.2611881049903,565.8219829049967,-0.5607948000064198,0.7931926725074937,True
Stat3_Etch_MV_PlatenRFPeakToPeak,2024-07-19_03,5,3,568.3034853053628,566.6151755775043,1.6883097278584955,0.7931926725074937,True
Stat3_Etch_MV_PlatenRFPeakToPeak,2024-07-19_04,5,4,568.494833874446,567.4083682500118,1.086465624434254,0.7931926725074937,True
Stat3_Etch_MV_PlatenRFPeakToPeak,2024-07-19_05,5,5,569.8006538467663,568.2015609225192,1.5990929242470884,0.7931926725074937,True
Stat3_Etch_MV_PlatenRFPeakToPeak,2024-07-19_06,5,6,569.5673096968313,568.9947535950267,0.5725561018045937,0.7931926725074937,True
Stat3_Etch_MV_PlatenRFPeakToPeak,2024-07-19_07,5,7,571.346719469525,569.7879462675343,1.558773201990789,0.7931926725074937,True
Stat3_Etch_MV_PlatenRFPeakToPeak,2024-07-19_08,5,8,570.4575882442657,570.5811389400417,-0.12355069577597533,0.7931926725074937,True
Stat3_Etch_MV_PlatenRFPeakToPeak,2024-07-19_09,5,9,569.7576907133835,571.3743316125492,-1.616640899165759,0.7931926725074937,True
Stat3_Etch_MV_PlatenRFPeakToPeak,2024-07-19_10,5,10,570.957631964701,572.1675242850567,-1.2098923203557206,0.7931926725074937,True
Stat3_Etch_MV_PlatenRFPeakToPeak,2024-08-01_01,6,1,564.8874812792707,566.7989187908468,-1.9114375115760822,0.6529800512059063,True
Stat3_Etch_MV_PlatenRFPeakToPeak,2024-08-01_02,6,2,567.2359661855028,567.4518988420527,-0.21593265654996685,0.6529800512059063,True
Stat3_Etch_MV_PlatenRFPeakToPeak,2024-08-01_03,6,3,568.018166672462,568.1048788932586,-0.08671222079658492,0.6529800512059063,True
Stat3_Etch_MV_PlatenRFPeakToPeak,2024-08-01_04,6,4,569.3806174076428,568.7578589444645,0.6227584631783429,0.6529800512059063,True
Stat3_Etch_MV_PlatenRFPeakToPeak,2024-08-01_05,6,5,569.9896179015562,569.4108389956704,0.5787789058858834,0.6529800512059063,True
Stat3_Etch_MV_PlatenRFPeakToPeak,2024-08-01_06,6,6,573.24384337866,570.0638190468763,3.1800243317836703,0.6529800512059063,True
Stat3_Etch_MV_PlatenRFPeakToPeak,2024-08-01_07,6,7,571.6397904596408,570.7167990980822,0.9229913615586156,0.6529800512059063,True
Stat3_Etch_MV_PlatenRFPeakToPeak,2024-08-01_08,6,8,571.1980904362665,571.3697791492881,-0.17168871302158095,0.6529800512059063,True
Stat3_Etch_MV_PlatenRFPeakToPeak,2024-08-01_09,6,9,569.784004308388,572.0227592004941,-2.2387548921060443,0.6529800512059063,True
Stat3_Etch_MV_PlatenRFPeakToPeak,2024-08-01_10,6,10,571.9957121833437,572.6757392517,-0.680027068356253,0.6529800512059063,True
Stat3_Etch_MV_PlatenRFPeakToPeak,2024-08-05_01,7,1,562.1792300833507,563.6832274558277,-1.503997372476988,1.4017271443034112,True
Stat3_Etch_MV_PlatenRFPeakToPeak,2024-08-05_02,7,2,565.9971951886747,565.0849546001311,0.9122405885435683,1.4017271443034112,True
Stat3_Etch_MV_PlatenRFPeakToPeak,2024-08-05_03,7,3,567.9029299161767,566.4866817444345,1.416248171742268,1.4017271443034112,True
Stat3_Etch_MV_PlatenRFPeakToPeak,2024-08-05_04,7,4,568.0559315274926,567.8884088887379,0.16752263875468998,1.4017271443034112,True
Stat3_Etch_MV_PlatenRFPeakToPeak,2024-08-05_05,7,5,568.5773707485167,569.2901360330413,-0.7127652845246075,1.4017271443034112,True
Stat3_Etch_MV_PlatenRFPeakToPeak,2024-08-05_06,7,6,570.4126144353063,570.6918631773448,-0.27924874203847594,1.4017271443034112,True
Stat3_Etch_MV_PlatenRFPeakToPeak,2024-08-07_01,8,1,563.344326911434,566.843655093702,-3.499328182267959,0.41668969368736425,True
Stat3_Etch_MV_PlatenRFPeakToPeak,2024-08-07_02,8,2,567.1544389433019,567.2603447873894,-0.10590584408748782,0.41668969368736425,True
Stat3_Etch_MV_PlatenRFPeakToPeak,2024-08-07_03,8,3,570.0688586323201,567.6770344810767,2.3918241512434406,0.41668969368736425,True
Stat3_Etch_MV_PlatenRFPeakToPeak,2024-08-07_04,8,4,568.2389736245684,568.0937241747641,0.14524944980428245,0.41668969368736425,True
Stat3_Etch_MV_PlatenRFPeakToPeak,2024-08-07_05,8,5,569.9673942073616,568.5104138684515,1.4569803389101708,0.41668969368736425,True
Stat3_Etch_MV_PlatenRFPeakToPeak,2024-08-07_06,8,6,571.0954223683846,568.9271035621388,2.168318806245793,0.41668969368736425,True
Stat3_Etch_MV_PlatenRFPeakToPeak,2024-08-07_07,8,7,570.8665121340584,569.3437932558262,1.52271887823224,0.41668969368736425,True
Stat3_Etch_MV_PlatenRFPeakToPeak,2024-08-07_08,8,8,567.5566510340178,569.7604829495135,-2.203831915495698,0.41668969368736425,True
Stat3_Etch_MV_PlatenRFPeakToPeak,2024-08-07_09,8,9,568.7854375555459,570.177172643201,-1.3917350876550927,0.41668969368736425,True
Stat3_Etch_MV_PlatenRFPeakToPeak,2024-08-07_10,8,10,570.1095717419593,570.5938623368883,-0.48429059492900706,0.41668969368736425,True
Stat3_Etch_MV_PlatenRFPeakToPeak,2024-08-21_01,9,1,565.4332941776136,567.737050305551,-2.3037561279373904,0.548447498962167,True
Stat3_Etch_MV_PlatenRFPeakToPeak,2024-08-21_02,9,2,567.2736983589504,568.285497804513,-1.0117994455627013,0.548447498962167,True
Stat3_Etch_MV_PlatenRFPeakToPeak,2024-08-21_03,9,3,569.3295823240392,568.8339453034753,0.4956370205638905,0.548447498962167,True
Stat3_Etch_MV_PlatenRFPeakToPeak,2024-08-21_04,9,4,570.0316534829913,569.3823928024374,0.6492606805538799,0.548447498962167,True
Stat3_Etch_MV_PlatenRFPeakToPeak,2024-08-21_05,9,5,572.2638130761915,569.9308403013996,2.3329727747918696,0.548447498962167,True
Stat3_Etch_MV_PlatenRFPeakToPeak,2024-08-21_06,9,6,572.8654333391497,570.4792878003617,2.386145538788014,0.548447498962167,True
Stat3_Etch_MV_PlatenRFPeakToPeak,2024-08-21_07,9,7,571.5335721571045,571.0277352993239,0.5058368577805368,0.548447498962167,True
Stat3_Etch_MV_PlatenRFPeakToPeak,2024-08-21_08,9,8,571.5388760479028,571.576182798286,-0.037306750383208964,0.548447498962167,True
Stat3_Etch_MV_PlatenRFPeakToPeak,2024-08-21_09,9,9,570.9354646842319,572.1246302972482,-1.189165613016371,0.548447498962167,True
Stat3_Etch_MV_PlatenRFPeakToPeak,2024-08-21_10,9,10,570.8452528606326,572.6730777962104,-1.8278249355777234,0.548447498962167,True
Stat3_Etch_MV_PlatenRFPeakToPeak,2024-08-22_01,10,1,564.0410828832692,566.0069234554097,-1.9658405721405643,0.7633893479809994,True
Stat3_Etch_MV_PlatenRFPeakToPeak,2024-08-22_02,10,2,567.6547525159774,566.7703128033907,0.8844397125867545,0.7633893479809994,True
Stat3_Etch_MV_PlatenRFPeakToPeak,2024-08-22_03,10,3,567.606579779622,567.5337021513717,0.07287762825035315,0.7633893479809994,True
Stat3_Etch_MV_PlatenRFPeakToPeak,2024-08-22_04,10,4,567.8404045857461,568.2970914993526,-0.4566869136065179,0.7633893479809994,True
Stat3_Etch_MV_PlatenRFPeakToPeak,2024-08-22_05,10,5,570.7752370164375,569.0604808473337,1.7147561691037936,0.7633893479809994,True
Stat3_Etch_MV_PlatenRFPeakToPeak,2024-08-22_06,10,6,570.0606917514596,569.8238701953146,0.23682155614494604,0.7633893479809994,True
Stat3_Etch_MV_PlatenRFPeakToPeak,2024-08-22_07,10,7,571.6718888231503,570.5872595432957,1.0846292798546529,0.7633893479809994,True
Stat3_Etch_MV_PlatenRFPeakToPeak,2024-08-22_08,10,8,571.3945709806231,571.3506488912767,0.04392208934643804,0.7633893479809994,True
Stat3_Etch_MV_PlatenRFPeakToPeak,2024-08-22_09,10,9,572.098264683373,572.1140382392576,-0.01577355588460705,0.7633893479809994,True
Stat3_Etch_MV_PlatenRFPeakToPeak,2024-08-22_10,10,10,571.2782821935859,572.8774275872387,-1.5991453936527478,0.7633893479809994,True
Stat3_Etch_MV_PlatenRFReflectedPower,2024-07-02_01,1,1,3.379501344872806,3.2546483721099926,0.1248529727628136,0.009456153814476271,True
Stat3_Etch_MV_PlatenRFReflectedPower,2024-07-02_02,1,2,3.203966643508544,3.2641045259244685,-0.06013788241592444,0.009456153814476271,True
Stat3_Etch_MV_PlatenRFReflectedPower,2024-07-02_03,1,3,3.133075487339419,3.273560679738945,-0.14048519239952606,0.009456153814476271,True
Stat3_Etch_MV_PlatenRFReflectedPower,2024-07-02_04,1,4,3.210228852633747,3.2830168335534213,-0.07278798091967431,0.009456153814476271,True
Stat3_Etch_MV_PlatenRFReflectedPower,2024-07-02_05,1,5,3.404511563514962,3.2924729873678977,0.11203857614706436,0.009456153814476271,True
Stat3_Etch_MV_PlatenRFReflectedPower,2024-07-02_06,1,6,3.311947014172842,3.3019291411823737,0.010017872990468302,0.009456153814476271,True
Stat3_Etch_MV_PlatenRFReflectedPower,2024-07-02_07,1,7,3.369525065209028,3.31138529499685,0.058139770212177755,0.009456153814476271,True
Stat3_Etch_MV_PlatenRFReflectedPower,2024-07-02_08,1,8,3.344023365578732,3.3208414488113265,0.023181916767405664,0.009456153814476271,True
Stat3_Etch_MV_PlatenRFReflectedPower,2024-07-02_09,1,9,3.2868006225340305,3.3302976026258024,-0.04349698009177194,0.009456153814476271,True
Stat3_Etch_MV_PlatenRFReflectedPower,2024-07-02_10,1,10,3.3284306833872384,3.339753756440279,-0.011323073053040478,0.009456153814476271,True
Stat3_Etch_MV_PlatenRFReflectedPower,2024-07-05_01,2,1,3.385395799627073,3.307292081663066,0.07810371796400695,-0.0003697808147430133,True
Stat3_Etch_MV_PlatenRFReflectedPower,2024-07-05_02,2,2,3.1912198326746903,3.3069223008483233,-0.11570246817363294,-0.0003697808147430133,True
Stat3_Etch_MV_PlatenRFReflectedPower,2024-07-05_03,2,3,3.2330641636917004,3.30655252003358,-0.07348835634187978,-0.0003697808147430133,True
Stat3_Etch_MV_PlatenRFReflectedPower,2024-07-05_04,2,4,3.410766462376091,3.306182739218837,0.10458372315725395,-0.0003697808147430133,True
Stat3_Etch_MV_PlatenRFReflectedPower,2024-07-05_05,2,5,3.3330681481000397,3.3058129584040943,0.027255189695945425,-0.0003697808147430133,True
Stat3_Etch_MV_PlatenRFReflectedPower,2024-07-05_06,2,6,3.2680824024995725,3.305443177589351,-0.03736077508977864,-0.0003697808147430133,True
Stat3_Etch_MV_PlatenRFReflectedPower,2024-07-05_07,2,7,3.2749544139932785,3.305073396774608,-0.030118982781329517,-0.0003697808147430133,True
Stat3_Etch_MV_PlatenRFReflectedPower,2024-07-05_08,2,8,3.3825860655345825,3.304703615959865,0.07788244957471768,-0.0003697808147430133,True
Stat3_Etch_MV_PlatenRFReflectedPower,2024-07-05_09,2,9,3.3616954753817025,3.304333835145122,0.05736164023658041,-0.0003697808147430133,True
Stat3_Etch_MV_PlatenRFReflectedPower,2024-07-05_10,2,10,3.2154479160884955,3.303964054330379,-0.08851613824188354,-0.0003697808147430133,True
Stat3_Etch_MV_PlatenRFReflectedPower,2024-07-09_01,3,1,3.4740899905191243,3.446341263575292,0.027748726943832125,-0.009993285766069355,True
Stat3_Etch_MV_PlatenRFReflectedPower,2024-07-09_02,3,2,3.3803402521880344,3.4363479778092225,-0.056007725621188165,-0.009993285766069355,True
Stat3_Etch_MV_PlatenRFReflectedPower,2024-07-09_03,3,3,3.382442629990451,3.4263546920431533,-0.04391206205270226,-0.009993285766069355,True
Stat3_Etch_MV_PlatenRFReflectedPower,2024-07-09_04,3,4,3.4207208640499784,3.4163614062770837,0.004359457772894704,-0.009993285766069355,True
Stat3_Etch_MV_PlatenRFReflectedPower,2024-07-09_05,3,5,3.604223817961654,3.4063681205110146,0.19785569745063958,-0.009993285766069355,True
Stat3_Etch_MV_PlatenRFReflectedPower,2024-07-09_06,3,6,3.300559962639757,3.3963748347449454,-0.09581487210518835,-0.009993285766069355,True
Stat3_Etch_MV_PlatenRFReflectedPower,2024-07-09_07,3,7,3.316132054718392,3.3863815489788758,-0.07024949426048366,-0.009993285766069355,True
Stat3_Etch_MV_PlatenRFReflectedPower,2024-07-09_08,3,8,3.3981151179024724,3.3763882632128066,0.021726854689665842,-0.009993285766069355,True
Stat3_Etch_MV_PlatenRFReflectedPower,2024-07-09_09,3,9,3.407221702222978,3.366394977446737,0.04082672477624083,-0.009993285766069355,True
Stat3_Etch_MV_PlatenRFReflectedPower,2024-07-09_10,3,10,3.329868384086955,3.356401691680668,-0.026533307593712863,-0.009993285766069355,True
Stat3_Etch_MV_PlatenRFReflectedPower,2024-07-11_01,4,1,3.456902276487932,3.4166040478469357,0.0402982286409963,0.008101208464360911,True
Stat3_Etch_MV_PlatenRFReflectedPower,2024-07-11_02,4,2,3.25816464179268,3.424705256311297,-0.1665406145186168,0.008101208464360911,True
Stat3_Etch_MV_PlatenRFReflectedPower,2024-07-11_03,4,3,3.583801445436464,3.4328064647756578,0.1509949806608062,0.008101208464360911,True
Stat3_Etch_MV_PlatenRFReflectedPower,2024-07-11_04,4,4,3.393967423230579,3.4409076732400186,-0.04694025000943958,0.008101208464360911,True
Stat3_Etch_MV_PlatenRFReflectedPower,2024-07-11_05,4,5,3.6926028664714874,3.4490088817043794,0.24359398476710803,0.008101208464360911,True
Stat3_Etch_MV_PlatenRFReflectedPower,2024-07-11_06,4,6,3.3243901142280703,3.4571100901687406,-0.1327199759406703,0.008101208464360911,True
Stat3_Etch_MV_PlatenRFReflectedPower,2024-07-11_07,4,7,3.3639734685208187,3.4652112986331014,-0.10123783011228271,0.008101208464360911,True
Stat3_Etch_MV_PlatenRFReflectedPower,2024-07-11_08,4,8,3.376448522269305,3.473312507097462,-0.09686398482815717,0.008101208464360911,True
Stat3_Etch_MV_PlatenRFReflectedPower,2024-07-11_09,4,9,3.4860826492931083,3.481413715561823,0.004668933731285296,0.008101208464360911,True
Stat3_Etch_MV_PlatenRFReflectedPower,2024-07-11_10,4,10,3.5942614516351594,3.4895149240261842,0.10474652760897518,0.008101208464360911,True
Stat3_Etch_MV_PlatenRFReflectedPower,2024-07-19_01,5,1,3.7773798801212672,3.5027195714659918,0.27466030865527546,-0.019207816316842985,True
Stat3_Etch_MV_PlatenRFReflectedPower,2024-07-19_02,5,2,3.264109243069952,3.4835117551491486,-0.21940251207919648,-0.019207816316842985,True
Stat3_Etch_MV_PlatenRFReflectedPower,2024-07-19_03,5,3,3.3463836457855582,3.4643039388323054,-0.11792029304674712,-0.019207816316842985,True
Stat3_Etch_MV_PlatenRFReflectedPower,2024-07-19_04,5,4,3.4557597357253997,3.4450961225154626,0.01066361320993714,-0.019207816316842985,True
Stat3_Etch_MV_PlatenRFReflectedPower,2024-07-19_05,5,5,3.4479383372318586,3.42588830619862,0.02205003103323877,-0.019207816316842985,True
Stat3_Etch_MV_PlatenRFReflectedPower,2024-07-19_06,5,6,3.401650618704485,3.4066804898817766,-0.005029871177291589,-0.019207816316842985,True
Stat3_Etch_MV_PlatenRFReflectedPower,2024-07-19_07,5,7,3.364351917263737,3.3874726735649334,-0.023120756301196366,-0.019207816316842985,True
Stat3_Etch_MV_PlatenRFReflectedPower,2024-07-19_08,5,8,3.329486735837689,3.3682648572480907,-0.03877812141040149,-0.019207816316842985,True
Stat3_Etch_MV_PlatenRFReflectedPower,2024-07-19_09,5,9,3.450582573002336,3.349057040931248,0.10152553207108816,-0.019207816316842985,True
Stat3_Etch_MV_PlatenRFReflectedPower,2024-07-19_10,5,10,3.3252012936597044,3.3298492246144047,-0.004647930954700286,-0.019207816316842985,True
Stat3_Etch_MV_PlatenRFReflectedPower,2024-08-01_01,6,1,3.3769407630197064,3.4070235566536615,-0.030082793633955163,0.014279658002900427,True
Stat3_Etch_MV_PlatenRFReflectedPower,2024-08-01_02,6,2,3.318887907234223,3.421303214656562,-0.10241530742233884,0.014279658002900427,True
Stat3_Etch_MV_PlatenRFReflectedPower,2024-08-01_03,6,3,3.400778224805712,3.4355828726594626,-0.03480464785375048,0.014279658002900427,True
Stat3_Etch_MV_PlatenRFReflectedPower,2024-08-01_04,6,4,3.5543503011799467,3.449862530662363,0.10448777051758373,0.014279658002900427,True
Stat3_Etch_MV_PlatenRFReflectedPower,2024-08-01_05,6,5,3.520296298814374,3.4641421886652632,0.05615411014911054,0.014279658002900427,True
Stat3_Etch_MV_PlatenRFReflectedPower,2024-08-01_06,6,6,3.5810829421702555,3.4784218466681636,0.1026610955020919,0.014279658002900427,True
Stat3_Etch_MV_PlatenRFReflectedPower,2024-08-01_07,6,7,3.533412518560135,3.4927015046710643,0.040711013889070724,0.014279658002900427,True
Stat3_Etch_MV_PlatenRFReflectedPower,2024-08-01_08,6,8,3.4814976903456425,3.5069811626739646,-0.025483472328322154,0.014279658002900427,True
Stat3_Etch_MV_PlatenRFReflectedPower,2024-08-01_09,6,9,3.4654533048674314,3.521260820676865,-0.05580751580943355,0.014279658002900427,True
Stat3_Etch_MV_PlatenRFReflectedPower,2024-08-01_10,6,10,3.4801202256697072,3.5355404786797653,-0.05542025301005804,0.014279658002900427,True
Stat3_Etch_MV_PlatenRFReflectedPower,2024-08-05_01,7,1,3.5198507662887457,3.4728165312927253,0.04703423499602044,0.0032666329042504044,True
Stat3_Etch_MV_PlatenRFReflectedPower,2024-08-05_02,7,2,3.3864985014589406,3.4760831641969756,-0.089584662738035,0.0032666329042504044,True
Stat3_Etch_MV_PlatenRFReflectedPower,2024-08-05_03,7,3,3.587093921743774,3.479349797101226,0.10774412464254812,0.0032666329042504044,True
Stat3_Etch_MV_PlatenRFReflectedPower,2024-08-05_04,7,4,3.391197185660736,3.4826164300054767,-0.09141924434474058,0.0032666329042504044,True
Stat3_Etch_MV_PlatenRFReflectedPower,2024-08-05_05,7,5,3.468656653643591,3.485883062909727,-0.017226409266136056,0.0032666329042504044,True
Stat3_Etch_MV_PlatenRFReflectedPower,2024-08-05_06,7,6,3.5326016525243165,3.4891496958139774,0.04345195671033908,0.0032666329042504044,True
Stat3_Etch_MV_PlatenRFReflectedPower,2024-08-07_01,8,1,3.463481653673244,3.3698097050115394,0.09367194866170436,-0.0010223573754672428,True
Stat3_Etch_MV_PlatenRFReflectedPower,2024-08-07_02,8,2,3.1729299279909675,3.368787347636072,-0.1958574196451046,-0.0010223573754672428,True
Stat3_Etch_MV_PlatenRFReflectedPower,2024-08-07_03,8,3,3.3432078264540985,3.367764990260605,-0.0245571638065063,-0.0010223573754672428,True
Stat3_Etch_MV_PlatenRFReflectedPower,2024-08-07_04,8,4,3.409915407868591,3.3667426328851375,0.04317277498345362,-0.0010223573754672428,True
Stat3_Etch_MV_PlatenRFReflectedPower,2024-08-07_05,8,5,3.3441031742461127,3.3657202755096707,-0.02161710126355798,-0.0010223573754672428,True
Stat3_Etch_MV_PlatenRFReflectedPower,2024-08-07_06,8,6,3.46609633449328,3.3646979181342034,0.10139841635907665,-0.0010223573754672428,True
Stat3_Etch_MV_PlatenRFReflectedPower,2024-08-07_07,8,7,3.4894104617215325,3.363675560758736,0.12573490096279638,-0.0010223573754672428,True
Stat3_Etch_MV_PlatenRFReflectedPower,2024-08-07_08,8,8,3.4333779232131705,3.362653203383269,0.0707247198299017,-0.0010223573754672428,True
Stat3_Etch_MV_PlatenRFReflectedPower,2024-08-07_09,8,9,3.1821438602913843,3.3616308460078015,-0.1794869857164172,-0.0010223573754672428,True
Stat3_Etch_MV_PlatenRFReflectedPower,2024-08-07_10,8,10,3.3474243982669822,3.360608488632334,-0.013184090365351953,-0.0010223573754672428,True
Stat3_Etch_MV_PlatenRFReflectedPower,2024-08-21_01,9,1,3.534410845839658,3.4361561808198107,0.09825466501984748,-0.0026070296983081082,True
Stat3_Etch_MV_PlatenRFReflectedPower,2024-08-21_02,9,2,3.2474960302591422,3.4335491511215026,-0.18605312086236037,-0.0026070296983081082,True
Stat3_Etch_MV_PlatenRFReflectedPower,2024-08-21_03,9,3,3.4517291351898742,3.4309421214231945,0.020787013766679685,-0.0026070296983081082,True
Stat3_Etch_MV_PlatenRFReflectedPower,2024-08-21_04,9,4,3.393110331276196,3.4283350917248865,-0.035224760448690606,-0.0026070296983081082,True
Stat3_Etch_MV_PlatenRFReflectedPower,2024-08-21_05,9,5,3.5208932003177598,3.425728062026578,0.09516513829118178,-0.0026070296983081082,True
Stat3_Etch_MV_PlatenRFReflectedPower,2024-08-21_06,9,6,3.4365318388107324,3.42312103232827,0.013410806482462512,-0.0026070296983081082,True
Stat3_Etch_MV_PlatenRFReflectedPower,2024-08-21_07,9,7,3.4701718637730337,3.420514002629962,0.0496578611430718,-0.0026070296983081082,True
Stat3_Etch_MV_PlatenRFReflectedPower,2024-08-21_08,9,8,3.3956050747293705,3.417906972931654,-0.022301898202283343,-0.0026070296983081082,True
Stat3_Etch_MV_PlatenRFReflectedPower,2024-08-21_09,9,9,3.451433686868524,3.4152999432333457,0.036133743635178295,-0.0026070296983081082,True
Stat3_Etch_MV_PlatenRFReflectedPower,2024-08-21_10,9,10,3.342863464709938,3.4126929135350377,-0.06982944882509967,-0.0026070296983081082,True
Stat3_Etch_MV_PlatenRFReflectedPower,2024-08-22_01,10,1,3.6568847051498414,3.4298151017254246,0.22706960342441684,-0.003376092113862495,True
Stat3_Etch_MV_PlatenRFReflectedPower,2024-08-22_02,10,2,3.2714488588809285,3.426439009611562,-0.1549901507306335,-0.003376092113862495,True
Stat3_Etch_MV_PlatenRFReflectedPower,2024-08-22_03,10,3,3.2535577899512043,3.4230629174977,-0.1695051275464956,-0.003376092113862495,True
Stat3_Etch_MV_PlatenRFReflectedPower,2024-08-22_04,10,4,3.3089318878996017,3.4196868253838373,-0.1107549374842356,-0.003376092113862495,True
Stat3_Etch_MV_PlatenRFReflectedPower,2024-08-22_05,10,5,3.550307971818858,3.4163107332699747,0.13399723854888324,-0.003376092113862495,True
Stat3_Etch_MV_PlatenRFReflectedPower,2024-08-22_06,10,6,3.399721963341117,3.412934641156112,-0.013212677814995022,-0.003376092113862495,True
Stat3_Etch_MV_PlatenRFReflectedPower,2024-08-22_07,10,7,3.47795640592969,3.4095585490422495,0.0683978568874406,-0.003376092113862495,True
Stat3_Etch_MV_PlatenRFReflectedPower,2024-08-22_08,10,8,3.5412924405681023,3.4061824569283874,0.13510998363971494,-0.003376092113862495,True
Stat3_Etch_MV_PlatenRFReflectedPower,2024-08-22_09,10,9,3.357617638144544,3.402806364814525,-0.04518872666998064,-0.003376092113862495,True
Stat3_Etch_MV_PlatenRFReflectedPower,2024-08-22_10,10,10,3.328507210446546,3.3994302727006622,-0.07092306225411615,-0.003376092113862495,True
Stat3_Etch_MV_PlatenRFTuningCapacitor,2024-07-02_01,1,1,27.959007810509725,28.0385374729656,-0.0795296624558759,0.0385695793153957,True
Stat3_Etch_MV_PlatenRFTuningCapacitor,2024-07-02_02,1,2,28.04364501532688,28.077107052280997,-0.033462036954116314,0.0385695793153957,True
Stat3_Etch_MV_PlatenRFTuningCapacitor,2024-07-02_03,1,3,28.128716310343588,28.11567663159639,0.013039678747198025,0.0385695793153957,True
Stat3_Etch_MV_PlatenRFTuningCapacitor,2024-07-02_04,1,4,28.199088439380237,28.154246210911786,0.04484222846845043,0.0385695793153957,True
Stat3_Etch_MV_PlatenRFTuningCapacitor,2024-07-02_05,1,5,28.26454676075142,28.192815790227183,0.07173097052423572,0.0385695793153957,True
Stat3_Etch_MV_PlatenRFTuningCapacitor,2024-07-02_06,1,6,28.27957120415201,28.23138536954258,0.0481858346094306,0.0385695793153957,True
Stat3_Etch_MV_PlatenRFTuningCapacitor,2024-07-02_07,1,7,28.29918736018133,28.269954948857976,0.02923241132335619,0.0385695793153957,True
Stat3_Etch_MV_PlatenRFTuningCapacitor,2024-07-02_08,1,8,28.31664777739709,28.30852452817337,0.008123249223721984,0.0385695793153957,True
Stat3_Etch_MV_PlatenRFTuningCapacitor,2024-07-02_09,1,9,28.31488431970717,28.347094107488765,-0.03220978778159633,0.0385695793153957,True
Stat3_Etch_MV_PlatenRFTuningCapacitor,2024-07-02_10,1,10,28.315710801099385,28.38566368680416,-0.06995288570477598,0.0385695793153957,True
Stat3_Etch_MV_PlatenRFTuningCapacitor,2024-07-05_01,2,1,27.948446798165108,28.03160821789199,-0.08316141972688129,0.03954602732691911,True
Stat3_Etch_MV_PlatenRFTuningCapacitor,2024-07-05_02,2,2,28.02621452436125,28.071154245218906,-0.04493972085765563,0.03954602732691911,True
Stat3_Etch_MV_PlatenRFTuningCapacitor,2024-07-05_03,2,3,28.12091474938018,28.110700272545827,0.010214476834352837,0.03954602732691911,True
Stat3_Etch_MV_PlatenRFTuningCapacitor,2024-07-05_04,2,4,28.219469949763308,28.150246299872745,0.06922364989056362,0.03954602732691911,True
Stat3_Etch_MV_PlatenRFTuningCapacitor,2024-07-05_05,2,5,28.24851498975279,28.189792327199665,0.05872266255312297,0.03954602732691911,True
Stat3_Etch_MV_PlatenRFTuningCapacitor,2024-07-05_06,2,6,28.290327686882467,28.229338354526583,0.06098933235588433,0.03954602732691911,True
Stat3_Etch_MV_PlatenRFTuningCapacitor,2024-07-05_07,2,7,28.302524911643907,28.268884381853503,0.03364052979040366,0.03954602732691911,True
Stat3_Etch_MV_PlatenRFTuningCapacitor,2024-07-05_08,2,8,28.3171835592998,28.30843040918042,0.008753150119378716,0.03954602732691911,True
Stat3_Etch_MV_PlatenRFTuningCapacitor,2024-07-05_09,2,9,28.313105211927738,28.34797643650734,-0.03487122457960368,0.03954602732691911,True
Stat3_Etch_MV_PlatenRFTuningCapacitor,2024-07-05_10,2,10,28.30895102745472,28.38752246383426,-0.07857143637953712,0.03954602732691911,True
Stat3_Etch_MV_PlatenRFTuningCapacitor,2024-07-09_01,3,1,28.026859402058715,28.10067038160393,-0.07381097954521465,0.03389691645461979,True
Stat3_Etch_MV_PlatenRFTuningCapacitor,2024-07-09_02,3,2,28.100093993448443,28.13456729805855,-0.034473304610106226,0.03389691645461979,True
Stat3_Etch_MV_PlatenRFTuningCapacitor,2024-07-09_03,3,3,28.17625824403141,28.16846421451317,0.007794029518240819,0.03389691645461979,True
Stat3_Etch_MV_PlatenRFTuningCapacitor,2024-07-09_04,3,4,28.23628106558853,28.20236113096779,0.03391993462073728,0.03389691645461979,True
Stat3_Etch_MV_PlatenRFTuningCapacitor,2024-07-09_05,3,5,28.330358685091987,28.23625804742241,0.09410063766957677,0.03389691645461979,True
Stat3_Etch_MV_PlatenRFTuningCapacitor,2024-07-09_06,3,6,28.314019093821177,28.27015496387703,0.04386412994414712,0.03389691645461979,True
Stat3_Etch_MV_PlatenRFTuningCapacitor,2024-07-09_07,3,7,28.32766018296564,28.30405188033165,0.02360830263399194,0.03389691645461979,True
Stat3_Etch_MV_PlatenRFTuningCapacitor,2024-07-09_08,3,8,28.336778899013936,28.337948796786268,-0.001169897772332007,0.03389691645461979,True
Stat3_Etch_MV_PlatenRFTuningCapacitor,2024-07-09_09,3,9,28.33940833119476,28.371845713240887,-0.03243738204612612,0.03389691645461979,True
Stat3_Etch_MV_PlatenRFTuningCapacitor,2024-07-09_10,3,10,28.34434715928258,28.40574262969551,-0.06139547041292914,0.03389691645461979,True
Stat3_Etch_MV_PlatenRFTuningCapacitor,2024-07-11_01,4,1,27.99872440591938,28.084129915248713,-0.085405509329334,0.03672319031010968,True
Stat3_Etch_MV_PlatenRFTuningCapacitor,2024-07-11_02,4,2,28.07347891172092,28.120853105558822,-0.04737419383790353,0.03672319031010968,True
Stat3_Etch_MV_PlatenRFTuningCapacitor,2024-07-11_03,4,3,28.19991158314695,28.15757629586893,0.04233528727801783,0.03672319031010968,True
Stat3_Etch_MV_PlatenRFTuningCapacitor,2024-07-11_04,4,4,28.229829415793564,28.19429948617904,0.035529929614522615,0.03672319031010968,True
Stat3_Etch_MV_PlatenRFTuningCapacitor,2024-07-11_05,4,5,28.326093015759437,28.231022676489154,0.09507033927028274,0.03672319031010968,True
Stat3_Etch_MV_PlatenRFTuningCapacitor,2024-07-11_06,4,6,28.30533289678198,28.267745866799263,0.03758702998271701,0.03672319031010968,True
Stat3_Etch_MV_PlatenRFTuningCapacitor,2024-07-11_07,4,7,28.327093877459085,28.304469057109372,0.022624820349712138,0.03672319031010968,True
Stat3_Etch_MV_PlatenRFTuningCapacitor,2024-07-11_08,4,8,28.335006494675916,28.34119224741948,-0.006185752743565587,0.03672319031010968,True
Stat3_Etch_MV_PlatenRFTuningCapacitor,2024-07-11_09,4,9,28.334829211919462,28.37791543772959,-0.04308622581012855,0.03672319031010968,True
Stat3_Etch_MV_PlatenRFTuningCapacitor,2024-07-11_10,4,10,28.36354290326542,28.4146386280397,-0.05109572477428159,0.03672319031010968,True
Stat3_Etch_MV_PlatenRFTuningCapacitor,2024-07-19_01,5,1,28.049028086947256,28.08251326791263,-0.033485180965374894,0.035551544579899445,True
Stat3_Etch_MV_PlatenRFTuningCapacitor,2024-07-19_02,5,2,28.0706476688385,28.11806481249253,-0.04741714365403027,0.035551544579899445,True
Stat3_Etch_MV_PlatenRFTuningCapacitor,2024-07-19_03,5,3,28.154908558071675,28.15361635707243,0.0012922009992450967,0.035551544579899445,True
Stat3_Etch_MV_PlatenRFTuningCapacitor,2024-07-19_04,5,4,28.23008889985341,28.18916790165233,0.04092099820108075,0.035551544579899445,True
Stat3_Etch_MV_PlatenRFTuningCapacitor,2024-07-19_05,5,5,28.267415239978394,28.22471944623223,0.04269579374616583,0.035551544579899445,True
Stat3_Etch_MV_PlatenRFTuningCapacitor,2024-07-19_06,5,6,28.29771807360354,28.260270990812128,0.03744708279141307,0.035551544579899445,True
Stat3_Etch_MV_PlatenRFTuningCapacitor,2024-07-19_07,5,7,28.31609038834745,28.295822535392027,0.020267852955424104,0.035551544579899445,True
Stat3_Etch_MV_PlatenRFTuningCapacitor,2024-07-19_08,5,8,28.32490716256333,28.331374079971926,-0.006466917408594952,0.035551544579899445,True
Stat3_Etch_MV_PlatenRFTuningCapacitor,2024-07-19_09,5,9,28.38192098232538,28.366925624551826,0.014995357773553764,0.035551544579899445,True
Stat3_Etch_MV_PlatenRFTuningCapacitor,2024-07-19_10,5,10,28.332227124692764,28.402477169131725,-0.07025004443896066,0.035551544579899445,True
Stat3_Etch_MV_PlatenRFTuningCapacitor,2024-08-01_01,6,1,28.04928418385085,28.11461378982938,-0.06532960597852977,0.031783504087656886,True
Stat3_Etch_MV_PlatenRFTuningCapacitor,2024-08-01_02,6,2,28.11931980605109,28.14639729391704,-0.02707748786594877,0.031783504087656886,True
Stat3_Etch_MV_PlatenRFTuningCapacitor,2024-08-01_03,6,3,28.191062463641128,28.178180798004696,0.01288166563643145,0.031783504087656886,True
Stat3_Etch_MV_PlatenRFTuningCapacitor,2024-08-01_04,6,4,28.247560972355952,28.209964302092352,0.03759667026359992,0.031783504087656886,True
Stat3_Etch_MV_PlatenRFTuningCapacitor,2024-08-01_05,6,5,28.281383369009617,28.24174780618001,0.03963556282960923,0.031783504087656886,True
Stat3_Etch_MV_PlatenRFTuningCapacitor,2024-08-01_06,6,6,28.32761082689301,28.273531310267668,0.05407951662534316,0.031783504087656886,True
Stat3_Etch_MV_PlatenRFTuningCapacitor,2024-08-01_07,6,7,28.338853934151786,28.305314814355324,0.03353911979646185,0.031783504087656886,True
Stat3_Etch_MV_PlatenRFTuningCapacitor,2024-08-01_08,6,8,28.33193937905534,28.33709831844298,-0.005158939387641226,0.031783504087656886,True
Stat3_Etch_MV_PlatenRFTuningCapacitor,2024-08-01_09,6,9,28.352921136964525,28.368881822530636,-0.0159606855661103,0.031783504087656886,True
Stat3_Etch_MV_PlatenRFTuningCapacitor,2024-08-01_10,6,10,28.33645951026501,28.400665326618295,-0.0642058163532866,0.031783504087656886,True
Stat3_Etch_MV_PlatenRFTuningCapacitor,2024-08-05_01,7,1,28.021256406650096,28.037515923711027,-0.01625951706093076,0.05771793607953846,True
Stat3_Etch_MV_PlatenRFTuningCapacitor,2024-08-05_02,7,2,28.089004535094745,28.095233859790564,-0.006229324695819827,0.05771793607953846,True
Stat3_Etch_MV_PlatenRFTuningCapacitor,2024-08-05_03,7,3,28.176918388694844,28.152951795870106,0.023966592824738342,0.05771793607953846,True
Stat3_Etch_MV_PlatenRFTuningCapacitor,2024-08-05_04,7,4,28.228652969406262,28.210669731949643,0.017983237456618895,0.05771793607953846,True
Stat3_Etch_MV_PlatenRFTuningCapacitor,2024-08-05_05,7,5,28.266736298729768,28.26838766802918,-0.001651369299413119,0.05771793607953846,True
Stat3_Etch_MV_PlatenRFTuningCapacitor,2024-08-05_06,7,6,28.308295984883564,28.32610560410872,-0.01780961922515445,0.05771793607953846,True
Stat3_Etch_MV_PlatenRFTuningCapacitor,2024-08-07_01,8,1,28.010889896141585,28.101202141565228,-0.09031224542364313,0.0236950826137006,True
Stat3_Etch_MV_PlatenRFTuningCapacitor,2024-08-07_02,8,2,28.075353530755564,28.12489722417893,-0.04954369342336662,0.0236950826137006,True
Stat3_Etch_MV_PlatenRFTuningCapacitor,2024-08-07_03,8,3,28.15354248046875,28.14859230679263,0.004950173676121494,0.0236950826137006,True
Stat3_Etch_MV_PlatenRFTuningCapacitor,2024-08-07_04,8,4,28.216523084701084,28.172287389406332,0.04423569529475202,0.0236950826137006,True
Stat3_Etch_MV_PlatenRFTuningCapacitor,2024-08-07_05,8,5,28.26271819813281,28.19598247202003,0.06673572611277834,0.0236950826137006,True
Stat3_Etch_MV_PlatenRFTuningCapacitor,2024-08-07_06,8,6,28.309072481110743,28.219677554633734,0.0893949264770093,0.0236950826137006,True
Stat3_Etch_MV_PlatenRFTuningCapacitor,2024-08-07_07,8,7,28.33529837368245,28.243372637247433,0.09192573643501589,0.0236950826137006,True
Stat3_Etch_MV_PlatenRFTuningCapacitor,2024-08-07_08,8,8,28.27538176542578,28.267067719861135,0.008314045564645767,0.0236950826137006,True
Stat3_Etch_MV_PlatenRFTuningCapacitor,2024-08-07_09,8,9,28.216193534266942,28.290762802474834,-0.07456926820789178,0.0236950826137006,True
Stat3_Etch_MV_PlatenRFTuningCapacitor,2024-08-07_10,8,10,28.223326788583115,28.314457885088533,-0.09113109650541773,0.0236950826137006,True
Stat3_Etch_MV_PlatenRFTuningCapacitor,2024-08-21_01,9,1,28.06170002927748,28.12891490943722,-0.06721488015974231,0.03323477421866662,True
Stat3_Etch_MV_PlatenRFTuningCapacitor,2024-08-21_02,9,2,28.11807764174548,28.162149683655887,-0.04407204191040748,0.03323477421866662,True
Stat3_Etch_MV_PlatenRFTuningCapacitor,2024-08-21_03,9,3,28.21298760644013,28.195384457874553,0.017603148565576987,0.03323477421866662,True
Stat3_Etch_MV_PlatenRFTuningCapacitor,2024-08-21_04,9,4,28.27062892626855,28.22861923209322,0.042009694175330736,0.03323477421866662,True
Stat3_Etch_MV_PlatenRFTuningCapacitor,2024-08-21_05,9,5,28.32049621255531,28.261854006311886,0.05864220624342309,0.03323477421866662,True
Stat3_Etch_MV_PlatenRFTuningCapacitor,2024-08-21_06,9,6,28.34872346411469,28.295088780530556,0.0536346835841357,0.03323477421866662,True
Stat3_Etch_MV_PlatenRFTuningCapacitor,2024-08-21_07,9,7,28.36223239509687,28.328323554749222,0.033908840347649516,0.03323477421866662,True
Stat3_Etch_MV_PlatenRFTuningCapacitor,2024-08-21_08,9,8,28.351116776027958,28.361558328967888,-0.010441552939930432,0.03323477421866662,True
Stat3_Etch_MV_PlatenRFTuningCapacitor,2024-08-21_09,9,9,28.388429974179815,28.394793103186554,-0.006363129006739854,0.03323477421866662,True
Stat3_Etch_MV_PlatenRFTuningCapacitor,2024-08-21_10,9,10,28.350320908505957,28.42802787740522,-0.07770696889926398,0.03323477421866662,True
Stat3_Etch_MV_PlatenRFTuningCapacitor,2024-08-22_01,10,1,28.08163641362996,28.109444832222508,-0.027808418592549344,0.03532299771015535,True
Stat3_Etch_MV_PlatenRFTuningCapacitor,2024-08-22_02,10,2,28.103241184706327,28.14476782993266,-0.04152664522633387,0.03532299771015535,True
Stat3_Etch_MV_PlatenRFTuningCapacitor,2024-08-22_03,10,3,28.161235753846626,28.180090827642818,-0.018855073796192556,0.03532299771015535,True
Stat3_Etch_MV_PlatenRFTuningCapacitor,2024-08-22_04,10,4,28.238984951324102,28.21541382535297,0.02357112597113087,0.03532299771015535,True
Stat3_Etch_MV_PlatenRFTuningCapacitor,2024-08-22_05,10,5,28.300242634620982,28.25073682306313,0.04950581155785372,0.03532299771015535,True
Stat3_Etch_MV_PlatenRFTuningCapacitor,2024-08-22_06,10,6,28.33330215113137,28.286059820773282,0.047242330358088225,0.03532299771015535,True
Stat3_Etch_MV_PlatenRFTuningCapacitor,2024-08-22_07,10,7,28.347690761730234,28.32138281848344,0.026307943246795418,0.03532299771015535,True
Stat3_Etch_MV_PlatenRFTuningCapacitor,2024-08-22_08,10,8,28.401900340536034,28.356705816193593,0.045194524342441866,0.03532299771015535,True
Stat3_Etch_MV_PlatenRFTuningCapacitor,2024-08-22_09,10,9,28.359265246147377,28.39202881390375,-0.03276356775637268,0.03532299771015535,True
Stat3_Etch_MV_PlatenRFTuningCapacitor,2024-08-22_10,10,10,28.35648378150912,28.427351811613903,-0.07086803010478349,0.03532299771015535,True
Stat3_Etch_MV_Pressure,2024-07-02_01,1,1,0.0423897320691209,0.042391051044563366,-1.3189754424630662e-06,1.3614320721032909e-06,True
Stat3_Etch_MV_Pressure,2024-07-02_02,1,2,0.0424029902412345,0.042392412476635465,1.057776459903459e-05,1.3614320721032909e-06,True
Stat3_Etch_MV_Pressure,2024-07-02_03,1,3,0.0423982277094062,0.04239377390870757,4.453800698626942e-06,1.3614320721032909e-06,True
Stat3_Etch_MV_Pressure,2024-07-02_04,1,4,0.0423782008738371,0.042395135340779676,-1.6934466942578053e-05,1.3614320721032909e-06,True
Stat3_Etch_MV_Pressure,2024-07-02_05,1,5,0.042402789461262,0.042396496772851774,6.29268841022268e-06,1.3614320721032909e-06,True
Stat3_Etch_MV_Pressure,2024-07-02_06,1,6,0.0423943491696823,0.04239785820492388,-3.5090352415792503e-06,1.3614320721032909e-06,True
Stat3_Etch_MV_Pressure,2024-07-02_07,1,7,0.0423885985843984,0.042399219636995986,-1.0621052597588332e-05,1.3614320721032909e-06,True
Stat3_Etch_MV_Pressure,2024-07-02_08,1,8,0.042407058271415,0.042400581069068084,6.47720234691479e-06,1.3614320721032909e-06,True
Stat3_Etch_MV_Pressure,2024-07-02_09,1,9,0.0424011028121094,0.04240194250114019,-8.396890307932336e-07,1.3614320721032909e-06,True
Stat3_Etch_MV_Pressure,2024-07-02_10,1,10,0.0424087256964125,0.042403303933212295,5.421763200202934e-06,1.3614320721032909e-06,True
Stat3_Etch_MV_Pressure,2024-07-05_01,2,1,0.0423980598428277,0.04238917051451938,8.889328308316069e-06,-1.1225729784136675e-06,True
Stat3_Etch_MV_Pressure,2024-07-05_02,2,2,0.0423793377207149,0.04238804794154097,-8.710220826067816e-06,-1.1225729784136675e-06,True
Stat3_Etch_MV_Pressure,2024-07-05_03,2,3,0.0423799394808936,0.042386925368562554,-6.98588766895325e-06,-1.1225729784136675e-06,True
Stat3_Etch_MV_Pressure,2024-07-05_04,2,4,0.0423955977412431,0.04238580279558414,9.79494565896133e-06,-1.1225729784136675e-06,True
Stat3_Etch_MV_Pressure,2024-07-05_05,2,5,0.0423854225888395,0.042384680222605726,7.423662337704973e-07,-1.1225729784136675e-06,True
Stat3_Etch_MV_Pressure,2024-07-05_06,2,6,0.0423857569626016,0.04238355764962731,2.1993129742867157e-06,-1.1225729784136675e-06,True
Stat3_Etch_MV_Pressure,2024-07-05_07,2,7,0.0423578063909752,0.0423824350766489,-2.4628685673697137e-05,-1.1225729784136675e-06,True
Stat3_Etch_MV_Pressure,2024-07-05_08,2,8,0.042391666345128,0.042381312503670485,1.0353841457512447e-05,-1.1225729784136675e-06,True
Stat3_Etch_MV_Pressure,2024-07-05_09,2,9,0.0424006685732947,0.04238018993069207,2.0478642602628216e-05,-1.1225729784136675e-06,True
Stat3_Etch_MV_Pressure,2024-07-05_10,2,10,0.0423669337146469,0.04237906735771366,-1.2133643066757072e-05,-1.1225729784136675e-06,True
Stat3_Etch_MV_Pressure,2024-07-09_01,3,1,0.0423721828460892,0.04238017563247319,-7.99278638399098e-06,1.2494643248502058e-06,True
Stat3_Etch_MV_Pressure,2024-07-09_02,3,2,0.0423905238670657,0.04238142509679804,9.098770267661205e-06,1.2494643248502058e-06,True
Stat3_Etch_MV_Pressure,2024-07-09_03,3,3,0.0423932126123833,0.04238267456112289,1.053805126041002e-05,1.2494643248502058e-06,True
Stat3_Etch_MV_Pressure,2024-07-09_04,3,4,0.0423826475664151,0.04238392402544774,-1.2764590326397318e-06,1.2494643248502058e-06,True
Stat3_Etch_MV_Pressure,2024-07-09_05,3,5,0.0423663675192629,0.04238517348977259,-1.8805970509690184e-05,1.2494643248502058e-06,True
Stat3_Etch_MV_Pressure,2024-07-09_06,3,6,0.0424037776228547,0.04238642295409744,1.735466875726205e-05,1.2494643248502058e-06,True
Stat3_Etch_MV_Pressure,2024-07-09_07,3,7,0.0423837120062282,0.04238767241842229,-3.960412194088658e-06,1.2494643248502058e-06,True
Stat3_Etch_MV_Pressure,2024-07-09_08,3,8,0.0423683713989557,0.04238892188274714,-2.055048379144553e-05,1.2494643248502058e-06,True
Stat3_Etch_MV_Pressure,2024-07-09_09,3,9,0.0424008020394444,0.04239017134707199,1.0630692372406991e-05,1.2494643248502058e-06,True
Stat3_Etch_MV_Pressure,2024-07-09_10,3,10,0.042396384740651,0.042391420811396845,4.963929254156452e-06,1.2494643248502058e-06,True
Stat3_Etch_MV_Pressure,2024-07-11_01,4,1,0.0423497154160372,0.04237381819295645,-2.4102776919249225e-05,1.0242863340957097e-06,True
Stat3_Etch_MV_Pressure,2024-07-11_02,4,2,0.0424098292137121,0.04237484247929054,3.498673442155903e-05,1.0242863340957097e-06,True
Stat3_Etch_MV_Pressure,2024-07-11_03,4,3,0.0423565922327876,0.04237586676562464,-1.927453283703806e-05,1.0242863340957097e-06,True
Stat3_Etch_MV_Pressure,2024-07-11_04,4,4,0.0423878298450257,0.042376891051958736,1.0938793066961328e-05,1.0242863340957097e-06,True
Stat3_Etch_MV_Pressure,2024-07-11_05,4,5,0.0423626158285049,0.04237791533829283,-1.5299509787930488e-05,1.0242863340957097e-06,True
Stat3_Etch_MV_Pressure,2024-07-11_06,4,6,0.042371714721203,0.042378939624626924,-7.224903423926066e-06,1.0242863340957097e-06,True
Stat3_Etch_MV_Pressure,2024-07-11_07,4,7,0.0424101474470839,0.04237996391096102,3.018353612287833e-05,1.0242863340957097e-06,True
Stat3_Etch_MV_Pressure,2024-07-11_08,4,8,0.0423856850373007,0.04238098819729512,4.696840005577463e-06,1.0242863340957097e-06,True
Stat3_Etch_MV_Pressure,2024-07-11_09,4,9,0.0423937854462431,0.04238201248362922,1.1772962613884608e-05,1.0242863340957097e-06,True
Stat3_Etch_MV_Pressure,2024-07-11_10,4,10,0.0423563596267006,0.04238303676996331,-2.667714326270998e-05,1.0242863340957097e-06,True
Stat3_Etch_MV_Pressure,2024-07-19_01,5,1,0.0423436583035871,0.04235567082520953,-1.2012521622431493e-05,2.3624892583113643e-06,True
Stat3_Etch_MV_Pressure,2024-07-19_02,5,2,0.0423421281245159,0.04235803331446784,-1.590518995193968e-05,2.3624892583113643e-06,True
Stat3_Etch_MV_Pressure,2024-07-19_03,5,3,0.0423757938175536,0.04236039580372615,1.5398013827452872e-05,2.3624892583113643e-06,True
Stat3_Etch_MV_Pressure,2024-07-19_04,5,4,0.0423922711834361,0.04236275829298446,2.9512890451638407e-05,2.3624892583113643e-06,True
Stat3_Etch_MV_Pressure,2024-07-19_05,5,5,0.0423673575793869,0.04236512078224278,2.236797144124225e-06,2.3624892583113643e-06,True
Stat3_Etch_MV_Pressure,2024-07-19_06,5,6,0.0423620859723362,0.04236748327150108,-5.3972991648845725e-06,2.3624892583113643e-06,True
Stat3_Etch_MV_Pressure,2024-07-19_07,5,7,0.0423688061749584,0.042369845760759396,-1.0395858009992764e-06,2.3624892583113643e-06,True
Stat3_Etch_MV_Pressure,2024-07-19_08,5,8,0.0423572381428405,0.04237220825001771,-1.4970107177207648e-05,2.3624892583113643e-06,True
Stat3_Etch_MV_Pressure,2024-07-19_09,5,9,0.0423685256966883,0.04237457073927602,-6.0450425877212055e-06,2.3624892583113643e-06,True
Stat3_Etch_MV_Pressure,2024-07-19_10,5,10,0.0423851552734164,0.04237693322853433,8.222044882072455e-06,2.3624892583113643e-06,True
Stat3_Etch_MV_Pressure,2024-08-01_01,6,1,0.0423932791229397,0.04240002401809505,-6.744895155348651e-06,-1.1014767539871299e-06,True
Stat3_Etch_MV_Pressure,2024-08-01_02,6,2,0.042411738924408,0.04239892254134106,1.2816383066938108e-05,-1.1014767539871299e-06,True
Stat3_Etch_MV_Pressure,2024-08-01_03,6,3,0.0424126375825289,0.042397821064587074,1.4816517941829144e-05,-1.1014767539871299e-06,True
Stat3_Etch_MV_Pressure,2024-08-01_04,6,4,0.0423717147504723,0.04239671958783309,-2.5004837360786958e-05,-1.1014767539871299e-06,True
Stat3_Etch_MV_Pressure,2024-08-01_05,6,5,0.0423863586536551,0.0423956181110791,-9.259457423999029e-06,-1.1014767539871299e-06,True
Stat3_Etch_MV_Pressure,2024-08-01_06,6,6,0.0423976802537922,0.04239451663432511,3.163619467089207e-06,-1.1014767539871299e-06,True
Stat3_Etch_MV_Pressure,2024-08-01_07,6,7,0.042418722296838,0.04239341515757113,2.530713926687106e-05,-1.1014767539871299e-06,True
Stat3_Etch_MV_Pressure,2024-08-01_08,6,8,0.0423674686861373,0.04239231368081714,-2.4844994679841526e-05,-1.1014767539871299e-06,True
Stat3_Etch_MV_Pressure,2024-08-01_09,6,9,0.0424031099753086,0.04239121220406315,1.1897771245446276e-05,-1.1014767539871299e-06,True
Stat3_Etch_MV_Pressure,2024-08-01_10,6,10,0.042387963480941,0.042390110727309166,-2.147246368162936e-06,-1.1014767539871299e-06,True
Stat3_Etch_MV_Pressure,2024-08-05_01,7,1,0.0424042137370859,0.042392948088475796,1.1265648610106482e-05,2.291724721246487e-06,True
Stat3_Etch_MV_Pressure,2024-08-05_02,7,2,0.0423946169378445,0.04239523981319704,-6.228753525391872e-07,2.291724721246487e-06,True
Stat3_Etch_MV_Pressure,2024-08-05_03,7,3,0.0423844418399566,0.04239753153791829,-1.3089697961689295e-05,2.291724721246487e-06,True
Stat3_Etch_MV_Pressure,2024-08-05_04,7,4,0.0423876292466748,0.04239982326263953,-1.2194015964729632e-05,2.291724721246487e-06,True
Stat3_Etch_MV_Pressure,2024-08-05_05,7,5,0.0424119353715351,0.04240211498736078,9.82038417431802e-06,2.291724721246487e-06,True
Stat3_Etch_MV_Pressure,2024-08-05_06,7,6,0.0424092272685766,0.042404406712082024,4.8205564945752455e-06,2.291724721246487e-06,True
Stat3_Etch_MV_Pressure,2024-08-07_01,8,1,0.0424023854104371,0.04240012927760349,2.2561328336112574e-06,-4.158934073733069e-06,True
Stat3_Etch_MV_Pressure,2024-08-07_02,8,2,0.0423870585589599,0.04239597034352976,-8.911784569860803e-06,-4.158934073733069e-06,True
Stat3_Etch_MV_Pressure,2024-08-07_03,8,3,0.0424027223709751,0.042391811409456026,1.0910961519075557e-05,-4.158934073733069e-06,True
Stat3_Etch_MV_Pressure,2024-08-07_04,8,4,0.042401470659305,0.04238765247538229,1.381818392271611e-05,-4.158934073733069e-06,True
Stat3_Etch_MV_Pressure,2024-08-07_05,8,5,0.0423831490520169,0.042383493541308555,-3.4448929165514786e-07,-4.158934073733069e-06,True
Stat3_Etch_MV_Pressure,2024-08-07_06,8,6,0.0423422738305451,0.04237933460723482,-3.7060776689724906e-05,-4.158934073733069e-06,True
Stat3_Etch_MV_Pressure,2024-08-07_07,8,7,0.042393914701318,0.04237517567316109,1.8739028156911086e-05,-4.158934073733069e-06,True
Stat3_Etch_MV_Pressure,2024-08-07_08,8,8,0.0423704080781007,0.04237101673908736,-6.086609866604031e-07,-4.158934073733069e-06,True
Stat3_Etch_MV_Pressure,2024-08-07_09,8,9,0.04235352684262,0.042366857805013626,-1.3330962393628965e-05,-4.158934073733069e-06,True
Stat3_Etch_MV_Pressure,2024-08-07_10,8,10,0.0423772312384391,0.042362698870939894,1.4532367499209276e-05,-4.158934073733069e-06,True
Stat3_Etch_MV_Pressure,2024-08-21_01,9,1,0.0424101669434769,0.04240737537409501,2.791569381890846e-06,-3.90932766327412e-06,True
Stat3_Etch_MV_Pressure,2024-08-21_02,9,2,0.04240762503338,0.042403466046431734,4.158986948263332e-06,-3.90932766327412e-06,True
Stat3_Etch_MV_Pressure,2024-08-21_03,9,3,0.042400467618976,0.04239955671876846,9.10900207540255e-07,-3.90932766327412e-06,True
Stat3_Etch_MV_Pressure,2024-08-21_04,9,4,0.0423800397031594,0.042395647391105185,-1.5607687945784487e-05,-3.90932766327412e-06,True
Stat3_Etch_MV_Pressure,2024-08-21_05,9,5,0.0423957869505172,0.04239173806344192,4.048887075280838e-06,-3.90932766327412e-06,True
Stat3_Etch_MV_Pressure,2024-08-21_06,9,6,0.0424008060613476,0.04238782873577864,1.2977325568958031e-05,-3.90932766327412e-06,True
Stat3_Etch_MV_Pressure,2024-08-21_07,9,7,0.042366031057876,0.04238391940811537,-1.7888350239365913e-05,-3.90932766327412e-06,True
Stat3_Etch_MV_Pressure,2024-08-21_08,9,8,0.0423947505476043,0.04238001008045209,1.4740467152205006e-05,-3.90932766327412e-06,True
Stat3_Etch_MV_Pressure,2024-08-21_09,9,9,0.0423570049377492,0.04237610075278882,-1.9095815039615882e-05,-3.90932766327412e-06,True
Stat3_Etch_MV_Pressure,2024-08-21_10,9,10,0.0423851551420162,0.04237219142512554,1.296371689065573e-05,-3.90932766327412e-06,True
Stat3_Etch_MV_Pressure,2024-08-22_01,10,1,0.0423572564708537,0.0423876072038942,-3.0350733040501732e-05,1.0222490327292373e-07,True
Stat3_Etch_MV_Pressure,2024-08-22_02,10,2,0.0424129700460921,0.04238770942879747,2.526061729462431e-05,1.0222490327292373e-07,True
Stat3_Etch_MV_Pressure,2024-08-22_03,10,3,0.0423911396496244,0.04238781165370075,3.3279959236465206e-06,1.0222490327292373e-07,True
Stat3_Etch_MV_Pressure,2024-08-22_04,10,4,0.0424094612924092,0.04238791387860402,2.1547413805174387e-05,1.0222490327292373e-07,True
Stat3_Etch_MV_Pressure,2024-08-22_05,10,5,0.0423981844013979,0.042388016103507294,1.0168297890605915e-05,1.0222490327292373e-07,True
Stat3_Etch_MV_Pressure,2024-08-22_06,10,6,0.0423605170311226,0.042388118328410565,-2.7601297287967175e-05,1.0222490327292373e-07,True
Stat3_Etch_MV_Pressure,2024-08-22_07,10,7,0.0424033261757964,0.042388220553313836,1.510562248256686e-05,1.0222490327292373e-07,True
Stat3_Etch_MV_Pressure,2024-08-22_08,10,8,0.0423487540562112,0.042388322778217115,-3.95687220059171e-05,1.0222490327292373e-07,True
Stat3_Etch_MV_Pressure,2024-08-22_09,10,9,0.0424003004840946,0.042388425003120386,1.1875480974213315e-05,1.0222490327292373e-07,True
Stat3_Etch_MV_Pressure,2024-08-22_10,10,10,0.0423987625519873,0.04238852722802366,1.0235323963644904e-05,1.0222490327292373e-07,True
Stat3_Etch_MV_SourceRF2PeakToPeak,2024-07-02_01,1,1,0.2002585790627776,0.12749663589679766,0.07276194316597995,-0.0038022769647423106,True
Stat3_Etch_MV_SourceRF2PeakToPeak,2024-07-02_02,1,2,0.086038403613593,0.12369435893205535,-0.03765595531846236,-0.0038022769647423106,True
Stat3_Etch_MV_SourceRF2PeakToPeak,2024-07-02_03,1,3,0.0892801581318663,0.11989208196731303,-0.03061192383544674,-0.0038022769647423106,True
Stat3_Etch_MV_SourceRF2PeakToPeak,2024-07-02_04,1,4,0.0533640257931999,0.11608980500257073,-0.06272577920937084,-0.0038022769647423106,True
Stat3_Etch_MV_SourceRF2PeakToPeak,2024-07-02_05,1,5,0.0871957397460937,0.11228752803782842,-0.025091788291734723,-0.0038022769647423106,True
Stat3_Etch_MV_SourceRF2PeakToPeak,2024-07-02_06,1,6,0.1785093005864925,0.1084852510730861,0.0700240495134064,-0.0038022769647423106,True
Stat3_Etch_MV_SourceRF2PeakToPeak,2024-07-02_07,1,7,0.1249922239353966,0.10468297410834379,0.020309249827052817,-0.0038022769647423106,True
Stat3_Etch_MV_SourceRF2PeakToPeak,2024-07-02_08,1,8,0.1255618670808167,0.10088069714360148,0.024681169937215225,-0.0038022769647423106,True
Stat3_Etch_MV_SourceRF2PeakToPeak,2024-07-02_09,1,9,0.0691793703865502,0.09707842017885918,-0.027899049792308978,-0.0038022769647423106,True
Stat3_Etch_MV_SourceRF2PeakToPeak,2024-07-02_10,1,10,0.0894842272177861,0.09327614321411687,-0.0037919159963307747,-0.0038022769647423106,True
Stat3_Etch_MV_SourceRF2PeakToPeak,2024-07-05_01,2,1,0.1093154626546496,0.1305707558168337,-0.021255293162184094,0.0017355532942358888,True
Stat3_Etch_MV_SourceRF2PeakToPeak,2024-07-05_02,2,2,0.0890760915967303,0.13230630911106958,-0.04323021751433928,0.0017355532942358888,True
Stat3_Etch_MV_SourceRF2PeakToPeak,2024-07-05_03,2,3,0.1235637416093495,0.13404186240530547,-0.010478120795955961,0.0017355532942358888,True
Stat3_Etch_MV_SourceRF2PeakToPeak,2024-07-05_04,2,4,0.1760762122369581,0.13577741569954135,0.04029879653741675,0.0017355532942358888,True
Stat3_Etch_MV_SourceRF2PeakToPeak,2024-07-05_05,2,5,0.1951409176973466,0.13751296899377724,0.057627948703569354,0.0017355532942358888,True
Stat3_Etch_MV_SourceRF2PeakToPeak,2024-07-05_06,2,6,0.1091258623894143,0.13924852228801315,-0.030122659898598858,0.0017355532942358888,True
Stat3_Etch_MV_SourceRF2PeakToPeak,2024-07-05_07,2,7,0.1547862887980347,0.14098407558224904,0.013802213215785647,0.0017355532942358888,True
Stat3_Etch_MV_SourceRF2PeakToPeak,2024-07-05_08,2,8,0.2162753228218324,0.14271962887648493,0.07355569394534747,0.0017355532942358888,True
Stat3_Etch_MV_SourceRF2PeakToPeak,2024-07-05_09,2,9,0.1569814956307809,0.14445518217072081,0.012526313460060085,0.0017355532942358888,True
Stat3_Etch_MV_SourceRF2PeakToPeak,2024-07-05_10,2,10,0.0534660609738558,0.1461907354649567,-0.0927246744911009,0.0017355532942358888,True
Stat3_Etch_MV_SourceRF2PeakToPeak,2024-07-09_01,3,1,0.1067790723652076,0.14693414022755052,-0.04015506786234292,-0.0015449751195707856,True
Stat3_Etch_MV_SourceRF2PeakToPeak,2024-07-09_02,3,2,0.1230072308612126,0.14538916510797972,-0.022381934246767127,-0.0015449751195707856,True
Stat3_Etch_MV_SourceRF2PeakToPeak,2024-07-09_03,3,3,0.1081055182352069,0.14384418998840895,-0.035738671753202056,-0.0015449751195707856,True
Stat3_Etch_MV_SourceRF2PeakToPeak,2024-07-09_04,3,4,0.1920288708328762,0.14229921486883815,0.049729655964038055,-0.0015449751195707856,True
Stat3_Etch_MV_SourceRF2PeakToPeak,2024-07-09_05,3,5,0.2313712349292608,0.14075423974926737,0.09061699517999341,-0.0015449751195707856,True
Stat3_Etch_MV_SourceRF2PeakToPeak,2024-07-09_06,3,6,0.1421850313513783,0.13920926462969657,0.002975766721681733,-0.0015449751195707856,True
Stat3_Etch_MV_SourceRF2PeakToPeak,2024-07-09_07,3,7,0.124166443993814,0.1376642895101258,-0.013497845516311793,-0.0015449751195707856,True
Stat3_Etch_MV_SourceRF2PeakToPeak,2024-07-09_08,3,8,0.2110072805187208,0.13611931439055502,0.07488796612816578,-0.0015449751195707856,True
Stat3_Etch_MV_SourceRF2PeakToPeak,2024-07-09_09,3,9,0.0525477520003043,0.13457433927098422,-0.08202658727067992,-0.0015449751195707856,True
Stat3_Etch_MV_SourceRF2PeakToPeak,2024-07-09_10,3,10,0.1086190868068385,0.13302936415141345,-0.024410277344574946,-0.0015449751195707856,True
Stat3_Etch_MV_SourceRF2PeakToPeak,2024-07-11_01,4,1,0.1826416992575219,0.1284226196083986,0.054219079649123314,-0.0014474777139432532,True
Stat3_Etch_MV_SourceRF2PeakToPeak,2024-07-11_02,4,2,0.0684651279481347,0.12697514189445533,-0.05851001394632063,-0.0014474777139432532,True
Stat3_Etch_MV_SourceRF2PeakToPeak,2024-07-11_03,4,3,0.0876735660650531,0.1255276641805121,-0.03785409811545899,-0.0014474777139432532,True
Stat3_Etch_MV_SourceRF2PeakToPeak,2024-07-11_04,4,4,0.1232576373427737,0.12408018646656882,-0.0008225491237951188,-0.0014474777139432532,True
Stat3_Etch_MV_SourceRF2PeakToPeak,2024-07-11_05,4,5,0.1760995011247328,0.12263270875262557,0.05346679237210723,-0.0014474777139432532,True
Stat3_Etch_MV_SourceRF2PeakToPeak,2024-07-11_06,4,6,0.1239718785057973,0.12118523103868231,0.002786647467114989,-0.0014474777139432532,True
Stat3_Etch_MV_SourceRF2PeakToPeak,2024-07-11_07,4,7,0.0862947779317056,0.11973775332473907,-0.03344297539303347,-0.0014474777139432532,True
Stat3_Etch_MV_SourceRF2PeakToPeak,2024-07-11_08,4,8,0.1593607625653667,0.11829027561079582,0.04107048695457087,-0.0014474777139432532,True
Stat3_Etch_MV_SourceRF2PeakToPeak,2024-07-11_09,4,9,0.1065725747172553,0.11684279789685256,-0.010270223179597263,-0.0014474777139432532,True
Stat3_Etch_MV_SourceRF2PeakToPeak,2024-07-11_10,4,10,0.1047521734981986,0.11539532018290931,-0.010643146684710711,-0.0014474777139432532,True
Stat3_Etch_MV_SourceRF2PeakToPeak,2024-07-19_01,5,1,0.1436761169636233,0.11224427936223111,0.031431837601392204,-0.0006569239414933874,True
Stat3_Etch_MV_SourceRF2PeakToPeak,2024-07-19_02,5,2,0.0528918768908526,0.11158735542073772,-0.058695478529885124,-0.0006569239414933874,True
Stat3_Etch_MV_SourceRF2PeakToPeak,2024-07-19_03,5,3,0.1233596712480377,0.11093043147924433,0.012429239768793371,-0.0006569239414933874,True
Stat3_Etch_MV_SourceRF2PeakToPeak,2024-07-19_04,5,4,0.1540795039105159,0.11027350753775095,0.043805996372764944,-0.0006569239414933874,True
Stat3_Etch_MV_SourceRF2PeakToPeak,2024-07-19_05,5,5,0.0710907747912965,0.10961658359625756,-0.038525808804961065,-0.0006569239414933874,True
Stat3_Etch_MV_SourceRF2PeakToPeak,2024-07-19_06,5,6,0.1398382387763877,0.10895965965476417,0.030878579121623534,-0.0006569239414933874,True
Stat3_Etch_MV_SourceRF2PeakToPeak,2024-07-19_07,5,7,0.0544353881754312,0.10830273571327079,-0.05386734753783959,-0.0006569239414933874,True
Stat3_Etch_MV_SourceRF2PeakToPeak,2024-07-19_08,5,8,0.1230535682568539,0.1076458117717774,0.015407756485076501,-0.0006569239414933874,True
Stat3_Etch_MV_SourceRF2PeakToPeak,2024-07-19_09,5,9,0.1437267782203704,0.10698888783028401,0.036737890390086375,-0.0006569239414933874,True
Stat3_Etch_MV_SourceRF2PeakToPeak,2024-07-19_10,5,10,0.0867292990217397,0.10633196388879063,-0.019602664867050923,-0.0006569239414933874,True
Stat3_Etch_MV_SourceRF2PeakToPeak,2024-08-01_01,6,1,0.161873209861017,0.14693931683447226,0.014933893026544742,-0.0003534211036118251,True
Stat3_Etch_MV_SourceRF2PeakToPeak,2024-08-01_02,6,2,0.0896672583742684,0.14658589573086045,-0.056918637356592056,-0.0003534211036118251,True
Stat3_Etch_MV_SourceRF2PeakToPeak,2024-08-01_03,6,3,0.1274920686436751,0.14623247462724862,-0.018740405983573516,-0.0003534211036118251,True
Stat3_Etch_MV_SourceRF2PeakToPeak,2024-08-01_04,6,4,0.2177415527017249,0.14587905352363678,0.07186249917808812,-0.0003534211036118251,True
Stat3_Etch_MV_SourceRF2PeakToPeak,2024-08-01_05,6,5,0.176009457153606,0.14552563242002498,0.030483824733581022,-0.0003534211036118251,True
Stat3_Etch_MV_SourceRF2PeakToPeak,2024-08-01_06,6,6,0.0906835706694787,0.14517221131641314,-0.05448864064693444,-0.0003534211036118251,True
Stat3_Etch_MV_SourceRF2PeakToPeak,2024-08-01_07,6,7,0.2152708960781578,0.1448187902128013,0.0704521058653565,-0.0003534211036118251,True
Stat3_Etch_MV_SourceRF2PeakToPeak,2024-08-01_08,6,8,0.1097890891505898,0.1444653691091895,-0.034676279958599704,-0.0003534211036118251,True
Stat3_Etch_MV_SourceRF2PeakToPeak,2024-08-01_09,6,9,0.088595537676859,0.14411194800557767,-0.055516410328718666,-0.0003534211036118251,True
Stat3_Etch_MV_SourceRF2PeakToPeak,2024-08-01_10,6,10,0.1763665783728137,0.14375852690196583,0.03260805147084786,-0.0003534211036118251,True
Stat3_Etch_MV_SourceRF2PeakToPeak,2024-08-05_01,7,1,0.1624421645965066,0.14330787099202225,0.019134293604484348,-0.013038282797672107,True
Stat3_Etch_MV_SourceRF2PeakToPeak,2024-08-05_02,7,2,0.0529558888967521,0.13026958819435014,-0.07731369929759804,-0.013038282797672107,True
Stat3_Etch_MV_SourceRF2PeakToPeak,2024-08-05_03,7,3,0.1983292923178724,0.11723130539667803,0.08109798692119438,-0.013038282797672107,True
Stat3_Etch_MV_SourceRF2PeakToPeak,2024-08-05_04,7,4,0.071322093875621,0.10419302259900592,-0.03287092872338493,-0.013038282797672107,True
Stat3_Etch_MV_SourceRF2PeakToPeak,2024-08-05_05,7,5,0.1271859656524913,0.09115473980133382,0.03603122585115748,-0.013038282797672107,True
Stat3_Etch_MV_SourceRF2PeakToPeak,2024-08-05_06,7,6,0.0520375786478086,0.07811645700366171,-0.02607887835585311,-0.013038282797672107,True
Stat3_Etch_MV_SourceRF2PeakToPeak,2024-08-07_01,8,1,0.1279808462307017,0.11106988939371623,0.016910956836985458,0.000671349869133431,True
Stat3_Etch_MV_SourceRF2PeakToPeak,2024-08-07_02,8,2,0.0524713198878184,0.11174123926284966,-0.05926991937503127,0.000671349869133431,True
Stat3_Etch_MV_SourceRF2PeakToPeak,2024-08-07_03,8,3,0.1068404279436383,0.11241258913198308,-0.00557216118834479,0.000671349869133431,True
Stat3_Etch_MV_SourceRF2PeakToPeak,2024-08-07_04,8,4,0.1252473112493404,0.11308393900111652,0.012163372248223892,0.000671349869133431,True
Stat3_Etch_MV_SourceRF2PeakToPeak,2024-08-07_05,8,5,0.0911167786297531,0.11375528887024995,-0.022638510240496845,0.000671349869133431,True
Stat3_Etch_MV_SourceRF2PeakToPeak,2024-08-07_06,8,6,0.1770890073234022,0.11442663873938339,0.0626623685840188,0.000671349869133431,True
Stat3_Etch_MV_SourceRF2PeakToPeak,2024-08-07_07,8,7,0.200599766064551,0.11509798860851682,0.08550177745603417,0.000671349869133431,True
Stat3_Etch_MV_SourceRF2PeakToPeak,2024-08-07_08,8,8,0.0856464313771866,0.11576933847765025,-0.030122907100463656,0.000671349869133431,True
Stat3_Etch_MV_SourceRF2PeakToPeak,2024-08-07_09,8,9,0.0707098853424694,0.11644068834678367,-0.04573080300431427,0.000671349869133431,True
Stat3_Etch_MV_SourceRF2PeakToPeak,2024-08-07_10,8,10,0.1032078639993058,0.1171120382159171,-0.013904174216611304,0.000671349869133431,True
Stat3_Etch_MV_SourceRF2PeakToPeak,2024-08-21_01,9,1,0.1975027294860635,0.18275000774841035,0.014752721737653157,-0.005550522574235408,True
Stat3_Etch_MV_SourceRF2PeakToPeak,2024-08-21_02,9,2,0.2107206108578072,0.17719948517417494,0.03352112568363225,-0.005550522574235408,True
Stat3_Etch_MV_SourceRF2PeakToPeak,2024-08-21_03,9,3,0.1602961490163034,0.17164896259993953,-0.011352813583636129,-0.005550522574235408,True
Stat3_Etch_MV_SourceRF2PeakToPeak,2024-08-21_04,9,4,0.1772848886217572,0.16609844002570412,0.011186448596053084,-0.005550522574235408,True
Stat3_Etch_MV_SourceRF2PeakToPeak,2024-08-21_05,9,5,0.0872394710988434,0.16054791745146874,-0.07330844635262533,-0.005550522574235408,True
Stat3_Etch_MV_SourceRF2PeakToPeak,2024-08-21_06,9,6,0.2153523839930052,0.15499739487723332,0.06035498911577186,-0.005550522574235408,True
Stat3_Etch_MV_SourceRF2PeakToPeak,2024-08-21_07,9,7,0.0521396125530726,0.1494468723029979,-0.09730725974992531,-0.005550522574235408,True
Stat3_Etch_MV_SourceRF2PeakToPeak,2024-08-21_08,9,8,0.1565208753906576,0.1438963497287625,0.012624525661895092,-0.005550522574235408,True
Stat3_Etch_MV_SourceRF2PeakToPeak,2024-08-21_09,9,9,0.1415483327817473,0.1383458271545271,0.0032025056272202146,-0.005550522574235408,True
Stat3_Etch_MV_SourceRF2PeakToPeak,2024-08-21_10,9,10,0.1791215078442521,0.13279530458029168,0.04632620326396042,-0.005550522574235408,True
Stat3_Etch_MV_SourceRF2PeakToPeak,2024-08-22_01,10,1,0.1824927809863183,0.13844349446786744,0.04404928651845086,-0.004372811264214421,True
Stat3_Etch_MV_SourceRF2PeakToPeak,2024-08-22_02,10,2,0.1058815897151988,0.13407068320365303,-0.028189093488454234,-0.004372811264214421,True
Stat3_Etch_MV_SourceRF2PeakToPeak,2024-08-22_03,10,3,0.1057587269356082,0.1296978719394386,-0.023939145003830403,-0.004372811264214421,True
Stat3_Etch_MV_SourceRF2PeakToPeak,2024-08-22_04,10,4,0.1072892431669193,0.1253250606752242,-0.018035817508304894,-0.004372811264214421,True
Stat3_Etch_MV_SourceRF2PeakToPeak,2024-08-22_05,10,5,0.1593630391609768,0.12095224941100977,0.038410789749967034,-0.004372811264214421,True
Stat3_Etch_MV_SourceRF2PeakToPeak,2024-08-22_06,10,6,0.0527100614322129,0.11657943814679535,-0.06386937671458245,-0.004372811264214421,True
Stat3_Etch_MV_SourceRF2PeakToPeak,2024-08-22_07,10,7,0.159206941563596,0.11220662688258093,0.047000314681015065,-0.004372811264214421,True
Stat3_Etch_MV_SourceRF2PeakToPeak,2024-08-22_08,10,8,0.1028263949746113,0.1078338156183665,-0.0050074206437552005,-0.004372811264214421,True
Stat3_Etch_MV_SourceRF2PeakToPeak,2024-08-22_09,10,9,0.1407565490253312,0.10346100435415209,0.0372955446711791,-0.004372811264214421,True
Stat3_Etch_MV_SourceRF2PeakToPeak,2024-08-22_10,10,10,0.0713731108282529,0.09908819308993766,-0.02771508226168476,-0.004372811264214421,True
Stat3_Etch_MV_SourceRF2TuningCapacitor,2024-07-02_01,1,1,2.0,2.0,0.0,0.0,False
Stat3_Etch_MV_SourceRF2TuningCapacitor,2024-07-02_02,1,2,2.0,2.0,0.0,0.0,False
Stat3_Etch_MV_SourceRF2TuningCapacitor,2024-07-02_03,1,3,2.0,2.0,0.0,0.0,False
Stat3_Etch_MV_SourceRF2TuningCapacitor,2024-07-02_04,1,4,2.0,2.0,0.0,0.0,False
Stat3_Etch_MV_SourceRF2TuningCapacitor,2024-07-02_05,1,5,2.0,2.0,0.0,0.0,False
Stat3_Etch_MV_SourceRF2TuningCapacitor,2024-07-02_06,1,6,2.0,2.0,0.0,0.0,False
Stat3_Etch_MV_SourceRF2TuningCapacitor,2024-07-02_07,1,7,2.0,2.0,0.0,0.0,False
Stat3_Etch_MV_SourceRF2TuningCapacitor,2024-07-02_08,1,8,2.0,2.0,0.0,0.0,False
Stat3_Etch_MV_SourceRF2TuningCapacitor,2024-07-02_09,1,9,2.0,2.0,0.0,0.0,False
Stat3_Etch_MV_SourceRF2TuningCapacitor,2024-07-02_10,1,10,2.0,2.0,0.0,0.0,False
Stat3_Etch_MV_SourceRF2TuningCapacitor,2024-07-05_01,2,1,2.0,2.0,0.0,0.0,False
Stat3_Etch_MV_SourceRF2TuningCapacitor,2024-07-05_02,2,2,2.0,2.0,0.0,0.0,False
Stat3_Etch_MV_SourceRF2TuningCapacitor,2024-07-05_03,2,3,2.0,2.0,0.0,0.0,False
Stat3_Etch_MV_SourceRF2TuningCapacitor,2024-07-05_04,2,4,2.0,2.0,0.0,0.0,False
Stat3_Etch_MV_SourceRF2TuningCapacitor,2024-07-05_05,2,5,2.0,2.0,0.0,0.0,False
Stat3_Etch_MV_SourceRF2TuningCapacitor,2024-07-05_06,2,6,2.0,2.0,0.0,0.0,False
Stat3_Etch_MV_SourceRF2TuningCapacitor,2024-07-05_07,2,7,2.0,2.0,0.0,0.0,False
Stat3_Etch_MV_SourceRF2TuningCapacitor,2024-07-05_08,2,8,2.0,2.0,0.0,0.0,False
Stat3_Etch_MV_SourceRF2TuningCapacitor,2024-07-05_09,2,9,2.0,2.0,0.0,0.0,False
Stat3_Etch_MV_SourceRF2TuningCapacitor,2024-07-05_10,2,10,2.0,2.0,0.0,0.0,False
Stat3_Etch_MV_SourceRF2TuningCapacitor,2024-07-09_01,3,1,2.0,1.9997464686707707,0.0002535313292293395,1.2072920439463206e-05,True
Stat3_Etch_MV_SourceRF2TuningCapacitor,2024-07-09_02,3,2,2.0,1.9997585415912102,0.000241458408789752,1.2072920439463206e-05,True
Stat3_Etch_MV_SourceRF2TuningCapacitor,2024-07-09_03,3,3,2.0,1.9997706145116496,0.00022938548835038652,1.2072920439463206e-05,True
Stat3_Etch_MV_SourceRF2TuningCapacitor,2024-07-09_04,3,4,2.0,1.9997826874320892,0.000217312567910799,1.2072920439463206e-05,True
Stat3_Etch_MV_SourceRF2TuningCapacitor,2024-07-09_05,3,5,1.99800796812749,1.9997947603525286,-0.0017867922250385249,1.2072920439463206e-05,True
Stat3_Etch_MV_SourceRF2TuningCapacitor,2024-07-09_06,3,6,2.0,1.9998068332729682,0.000193166727031846,1.2072920439463206e-05,True
Stat3_Etch_MV_SourceRF2TuningCapacitor,2024-07-09_07,3,7,2.0,1.9998189061934075,0.00018109380659248053,1.2072920439463206e-05,True
Stat3_Etch_MV_SourceRF2TuningCapacitor,2024-07-09_08,3,8,2.0,1.999830979113847,0.000169020886152893,1.2072920439463206e-05,True
Stat3_Etch_MV_SourceRF2TuningCapacitor,2024-07-09_09,3,9,2.0,1.9998430520342865,0.00015694796571352754,1.2072920439463206e-05,True
Stat3_Etch_MV_SourceRF2TuningCapacitor,2024-07-09_10,3,10,2.0,1.9998551249547258,0.00014487504527416206,1.2072920439463206e-05,True
Stat3_Etch_MV_SourceRF2TuningCapacitor,2024-07-11_01,4,1,2.0,1.999595507045217,0.00040449295478306446,-2.8183513041875182e-05,True
Stat3_Etch_MV_SourceRF2TuningCapacitor,2024-07-11_02,4,2,2.0,1.999567323532175,0.0004326764678250772,-2.8183513041875182e-05,True
Stat3_Etch_MV_SourceRF2TuningCapacitor,2024-07-11_03,4,3,1.9983394221188973,1.9995391400191331,-0.0011997179002358749,-2.8183513041875182e-05,True
Stat3_Etch_MV_SourceRF2TuningCapacitor,2024-07-11_04,4,4,2.0,1.9995109565060911,0.0004890434939088806,-2.8183513041875182e-05,True
Stat3_Etch_MV_SourceRF2TuningCapacitor,2024-07-11_05,4,5,1.99800796812749,1.9994827729930493,-0.0014748048655592871,-2.8183513041875182e-05,True
Stat3_Etch_MV_SourceRF2TuningCapacitor,2024-07-11_06,4,6,2.0,1.9994545894800075,0.0005454105199924619,-2.8183513041875182e-05,True
Stat3_Etch_MV_SourceRF2TuningCapacitor,2024-07-11_07,4,7,2.0,1.9994264059669655,0.0005735940330344746,-2.8183513041875182e-05,True
Stat3_Etch_MV_SourceRF2TuningCapacitor,2024-07-11_08,4,8,2.0,1.9993982224539237,0.0006017775460762653,-2.8183513041875182e-05,True
Stat3_Etch_MV_SourceRF2TuningCapacitor,2024-07-11_09,4,9,2.0,1.999370038940882,0.000629961059118056,-2.8183513041875182e-05,True
Stat3_Etch_MV_SourceRF2TuningCapacitor,2024-07-11_10,4,10,1.9983394221188973,1.99934185542784,-0.001002433308942674,-2.8183513041875182e-05,True
Stat3_Etch_MV_SourceRF2TuningCapacitor,2024-07-19_01,5,1,1.99800796812749,1.9994929373415429,-0.0014849692140528337,2.4145840878862797e-05,True
Stat3_Etch_MV_SourceRF2TuningCapacitor,2024-07-19_02,5,2,2.0,1.9995170831824216,0.0004829168175783938,2.4145840878862797e-05,True
Stat3_Etch_MV_SourceRF2TuningCapacitor,2024-07-19_03,5,3,2.0,1.9995412290233006,0.0004587709766994408,2.4145840878862797e-05,True
Stat3_Etch_MV_SourceRF2TuningCapacitor,2024-07-19_04,5,4,2.0,1.9995653748641793,0.00043462513582070983,2.4145840878862797e-05,True
Stat3_Etch_MV_SourceRF2TuningCapacitor,2024-07-19_05,5,5,2.0,1.9995895207050582,0.00041047929494175683,2.4145840878862797e-05,True
Stat3_Etch_MV_SourceRF2TuningCapacitor,2024-07-19_06,5,6,2.0,1.9996136665459372,0.00038633345406280384,2.4145840878862797e-05,True
Stat3_Etch_MV_SourceRF2TuningCapacitor,2024-07-19_07,5,7,2.0,1.999637812386816,0.0003621876131840729,2.4145840878862797e-05,True
Stat3_Etch_MV_SourceRF2TuningCapacitor,2024-07-19_08,5,8,2.0,1.9996619582276949,0.0003380417723051199,2.4145840878862797e-05,True
Stat3_Etch_MV_SourceRF2TuningCapacitor,2024-07-19_09,5,9,1.99800796812749,1.9996861040685736,-0.0016781359410835694,2.4145840878862797e-05,True
Stat3_Etch_MV_SourceRF2TuningCapacitor,2024-07-19_10,5,10,2.0,1.9997102499094526,0.00028975009054743595,2.4145840878862797e-05,True
Stat3_Etch_MV_SourceRF2TuningCapacitor,2024-08-01_01,6,1,2.0,2.0,0.0,0.0,False
Stat3_Etch_MV_SourceRF2TuningCapacitor,2024-08-01_02,6,2,2.0,2.0,0.0,0.0,False
Stat3_Etch_MV_SourceRF2TuningCapacitor,2024-08-01_03,6,3,2.0,2.0,0.0,0.0,False
Stat3_Etch_MV_SourceRF2TuningCapacitor,2024-08-01_04,6,4,2.0,2.0,0.0,0.0,False
Stat3_Etch_MV_SourceRF2TuningCapacitor,2024-08-01_05,6,5,2.0,2.0,0.0,0.0,False
Stat3_Etch_MV_SourceRF2TuningCapacitor,2024-08-01_06,6,6,2.0,2.0,0.0,0.0,False
Stat3_Etch_MV_SourceRF2TuningCapacitor,2024-08-01_07,6,7,2.0,2.0,0.0,0.0,False
Stat3_Etch_MV_SourceRF2TuningCapacitor,2024-08-01_08,6,8,2.0,2.0,0.0,0.0,False
Stat3_Etch_MV_SourceRF2TuningCapacitor,2024-08-01_09,6,9,2.0,2.0,0.0,0.0,False
Stat3_Etch_MV_SourceRF2TuningCapacitor,2024-08-01_10,6,10,2.0,2.0,0.0,0.0,False
Stat3_Etch_MV_SourceRF2TuningCapacitor,2024-08-05_01,7,1,2.0,2.0,0.0,0.0,False
Stat3_Etch_MV_SourceRF2TuningCapacitor,2024-08-05_02,7,2,2.0,2.0,0.0,0.0,False
Stat3_Etch_MV_SourceRF2TuningCapacitor,2024-08-05_03,7,3,2.0,2.0,0.0,0.0,False
Stat3_Etch_MV_SourceRF2TuningCapacitor,2024-08-05_04,7,4,2.0,2.0,0.0,0.0,False
Stat3_Etch_MV_SourceRF2TuningCapacitor,2024-08-05_05,7,5,2.0,2.0,0.0,0.0,False
Stat3_Etch_MV_SourceRF2TuningCapacitor,2024-08-05_06,7,6,2.0,2.0,0.0,0.0,False
Stat3_Etch_MV_SourceRF2TuningCapacitor,2024-08-07_01,8,1,2.0,2.0000603846502214,-6.038465022140116e-05,-5.0320541851531295e-05,True
Stat3_Etch_MV_SourceRF2TuningCapacitor,2024-08-07_02,8,2,2.0,2.00001006410837,-1.0064108369789437e-05,-5.0320541851531295e-05,True
Stat3_Etch_MV_SourceRF2TuningCapacitor,2024-08-07_03,8,3,2.0,1.9999597435665184,4.025643348160024e-05,-5.0320541851531295e-05,True
Stat3_Etch_MV_SourceRF2TuningCapacitor,2024-08-07_04,8,4,2.0,1.9999094230246668,9.057697533321196e-05,-5.0320541851531295e-05,True
Stat3_Etch_MV_SourceRF2TuningCapacitor,2024-08-07_05,8,5,2.0,1.9998591024828154,0.00014089751718460164,-5.0320541851531295e-05,True
Stat3_Etch_MV_SourceRF2TuningCapacitor,2024-08-07_06,8,6,2.0,1.9998087819409638,0.00019121805903621336,-5.0320541851531295e-05,True
Stat3_Etch_MV_SourceRF2TuningCapacitor,2024-08-07_07,8,7,2.0,1.9997584613991124,0.00024153860088760304,-5.0320541851531295e-05,True
Stat3_Etch_MV_SourceRF2TuningCapacitor,2024-08-07_08,8,8,1.9983394221188973,1.9997081408572608,-0.001368718738363528,-5.0320541851531295e-05,True
Stat3_Etch_MV_SourceRF2TuningCapacitor,2024-08-07_09,8,9,2.0,1.9996578203154092,0.0003421796845908265,-5.0320541851531295e-05,True
Stat3_Etch_MV_SourceRF2TuningCapacitor,2024-08-07_10,8,10,2.0,1.9996074997735578,0.00039250022644221616,-5.0320541851531295e-05,True
Stat3_Etch_MV_SourceRF2TuningCapacitor,2024-08-21_01,9,1,2.0,2.0001810938065923,-0.0001810938065922585,-8.451044307621388e-05,True
Stat3_Etch_MV_SourceRF2TuningCapacitor,2024-08-21_02,9,2,2.0,2.000096583363516,-9.658336351581198e-05,-8.451044307621388e-05,True
Stat3_Etch_MV_SourceRF2TuningCapacitor,2024-08-21_03,9,3,2.0,2.00001207292044,-1.2072920439809565e-05,-8.451044307621388e-05,True
Stat3_Etch_MV_SourceRF2TuningCapacitor,2024-08-21_04,9,4,2.0,1.9999275624773634,7.243752263663694e-05,-8.451044307621388e-05,True
Stat3_Etch_MV_SourceRF2TuningCapacitor,2024-08-21_05,9,5,2.0,1.9998430520342871,0.0001569479657128614,-8.451044307621388e-05,True
Stat3_Etch_MV_SourceRF2TuningCapacitor,2024-08-21_06,9,6,2.0,1.999758541591211,0.00024145840878908587,-8.451044307621388e-05,True
Stat3_Etch_MV_SourceRF2TuningCapacitor,2024-08-21_07,9,7,2.0,1.9996740311481347,0.00032596885186531033,-8.451044307621388e-05,True
Stat3_Etch_MV_SourceRF2TuningCapacitor,2024-08-21_08,9,8,2.0,1.9995895207050585,0.0004104792949415348,-8.451044307621388e-05,True
Stat3_Etch_MV_SourceRF2TuningCapacitor,2024-08-21_09,9,9,1.99800796812749,1.9995050102619822,-0.0014970421344921991,-8.451044307621388e-05,True
Stat3_Etch_MV_SourceRF2TuningCapacitor,2024-08-21_10,9,10,2.0,1.999420499818906,0.0005795001810939837,-8.451044307621388e-05,True
Stat3_Etch_MV_SourceRF2TuningCapacitor,2024-08-22_01,10,1,1.9983394221188973,1.9994988074031574,-0.0011593852842601837,3.0192325110966026e-05,True
Stat3_Etch_MV_SourceRF2TuningCapacitor,2024-08-22_02,10,2,2.0,1.9995289997282684,0.0004710002717316364,3.0192325110966026e-05,True
Stat3_Etch_MV_SourceRF2TuningCapacitor,2024-08-22_03,10,3,2.0,1.9995591920533795,0.0004408079466204917,3.0192325110966026e-05,True
Stat3_Etch_MV_SourceRF2TuningCapacitor,2024-08-22_04,10,4,2.0,1.9995893843784904,0.0004106156215095691,3.0192325110966026e-05,True
Stat3_Etch_MV_SourceRF2TuningCapacitor,2024-08-22_05,10,5,2.0,1.9996195767036014,0.00038042329639864647,3.0192325110966026e-05,True
Stat3_Etch_MV_SourceRF2TuningCapacitor,2024-08-22_06,10,6,2.0,1.9996497690287123,0.00035023097128772385,3.0192325110966026e-05,True
Stat3_Etch_MV_SourceRF2TuningCapacitor,2024-08-22_07,10,7,2.0,1.9996799613538232,0.0003200386461768012,3.0192325110966026e-05,True
Stat3_Etch_MV_SourceRF2TuningCapacitor,2024-08-22_08,10,8,1.9980073065426769,1.9997101536789343,-0.001702847136257457,3.0192325110966026e-05,True
Stat3_Etch_MV_SourceRF2TuningCapacitor,2024-08-22_09,10,9,2.0,1.9997403460040453,0.00025965399595473393,3.0192325110966026e-05,True
Stat3_Etch_MV_SourceRF2TuningCapacitor,2024-08-22_10,10,10,2.0,1.9997705383291562,0.0002294616708438113,3.0192325110966026e-05,True
Stat3_Etch_MV_SourceRFLoadPower,2024-07-02_01,1,1,2791.768392852477,2791.614752276314,0.15364057616307036,-0.04050224850648594,True
Stat3_Etch_MV_SourceRFLoadPower,2024-07-02_02,1,2,2791.5008119972804,2791.5742500278075,-0.07343803052708608,-0.04050224850648594,True
Stat3_Etch_MV_SourceRFLoadPower,2024-07-02_03,1,3,2791.568589965861,2791.533747779301,0.03484218656012672,-0.04050224850648594,True
Stat3_Etch_MV_SourceRFLoadPower,2024-07-02_04,1,4,2791.315886461468,2791.4932455307944,-0.17735906932648504,-0.04050224850648594,True
Stat3_Etch_MV_SourceRFLoadPower,2024-07-02_05,1,5,2791.5145072872897,2791.452743282288,0.061764005001805344,-0.04050224850648594,True
Stat3_Etch_MV_SourceRFLoadPower,2024-07-02_06,1,6,2791.327783888776,2791.412241033782,-0.08445714500567192,-0.04050224850648594,True
Stat3_Etch_MV_SourceRFLoadPower,2024-07-02_07,1,7,2791.3695921749622,2791.3717387852753,-0.0021466103130478587,-0.04050224850648594,True
Stat3_Etch_MV_SourceRFLoadPower,2024-07-02_08,1,8,2791.359855567227,2791.3312365367688,0.028619030458230554,-0.04050224850648594,True
Stat3_Etch_MV_SourceRFLoadPower,2024-07-02_09,1,9,2791.2939427821225,2791.2907342882622,0.003208493860256567,-0.04050224850648594,True
Stat3_Etch_MV_SourceRFLoadPower,2024-07-02_10,1,10,2791.305558602892,2791.2502320397557,0.05532656313607731,-0.04050224850648594,True
Stat3_Etch_MV_SourceRFLoadPower,2024-07-05_01,2,1,2791.861070919994,2791.6571770022206,0.20389391777325727,-0.04428016999089955,True
Stat3_Etch_MV_SourceRFLoadPower,2024-07-05_02,2,2,2791.6336343013413,2791.6128968322296,0.020737469111736573,-0.04428016999089955,True
Stat3_Etch_MV_SourceRFLoadPower,2024-07-05_03,2,3,2791.5132017145183,2791.568616662239,-0.055414947720692,-0.04428016999089955,True
Stat3_Etch_MV_SourceRFLoadPower,2024-07-05_04,2,4,2791.40785783337,2791.524336492248,-0.11647865887789521,-0.04428016999089955,True
Stat3_Etch_MV_SourceRFLoadPower,2024-07-05_05,2,5,2791.446082959164,2791.480056322257,-0.0339733630930823,-0.04428016999089955,True
Stat3_Etch_MV_SourceRFLoadPower,2024-07-05_06,2,6,2791.365608789258,2791.435776152266,-0.07016736300784032,-0.04428016999089955,True
Stat3_Etch_MV_SourceRFLoadPower,2024-07-05_07,2,7,2791.2620690032336,2791.3914959822755,-0.12942697904190936,-0.04428016999089955,True
Stat3_Etch_MV_SourceRFLoadPower,2024-07-05_08,2,8,2791.2869907502204,2791.3472158122845,-0.06022506206409162,-0.04428016999089955,True
Stat3_Etch_MV_SourceRFLoadPower,2024-07-05_09,2,9,2791.34803454549,2791.3029356422935,0.04509890319650367,-0.04428016999089955,True
Stat3_Etch_MV_SourceRFLoadPower,2024-07-05_10,2,10,2791.4546115560224,2791.2586554723025,0.19595608371992057,-0.04428016999089955,True
Stat3_Etch_MV_SourceRFLoadPower,2024-07-09_01,3,1,2791.59737782684,2791.462584102579,0.13479372426081682,-0.023034644059262442,True
Stat3_Etch_MV_SourceRFLoadPower,2024-07-09_02,3,2,2791.3668014362293,2791.43954945852,-0.07274802229085253,-0.023034644059262442,True
Stat3_Etch_MV_SourceRFLoadPower,2024-07-09_03,3,3,2791.612418880992,2791.4165148144607,0.1959040665315115,-0.023034644059262442,True
Stat3_Etch_MV_SourceRFLoadPower,2024-07-09_04,3,4,2791.48559113212,2791.3934801704013,0.09211096171884492,-0.023034644059262442,True
Stat3_Etch_MV_SourceRFLoadPower,2024-07-09_05,3,5,2790.8665255968317,2791.3704455263423,-0.50391992951063,-0.023034644059262442,True
Stat3_Etch_MV_SourceRFLoadPower,2024-07-09_06,3,6,2791.3745872219524,2791.347410882283,0.027176339669495064,-0.023034644059262442,True
Stat3_Etch_MV_SourceRFLoadPower,2024-07-09_07,3,7,2791.278815370898,2791.3243762382235,-0.045560867325548315,-0.023034644059262442,True
Stat3_Etch_MV_SourceRFLoadPower,2024-07-09_08,3,8,2791.237879817839,2791.3013415941646,-0.06346177632576655,-0.023034644059262442,True
Stat3_Etch_MV_SourceRFLoadPower,2024-07-09_09,3,9,2791.3976538175725,2791.278306950105,0.11934686746735679,-0.023034644059262442,True
Stat3_Etch_MV_SourceRFLoadPower,2024-07-09_10,3,10,2791.371630941855,2791.2552723060458,0.11635863580931982,-0.023034644059262442,True
Stat3_Etch_MV_SourceRFLoadPower,2024-07-11_01,4,1,2791.8061378144853,2791.5252124066305,0.2809254078547383,-0.05862714410122929,True
Stat3_Etch_MV_SourceRFLoadPower,2024-07-11_02,4,2,2791.611748249305,2791.4665852625294,0.145162986775631,-0.05862714410122929,True
Stat3_Etch_MV_SourceRFLoadPower,2024-07-11_03,4,3,2791.064980244961,2791.407958118428,-0.34297787346667974,-0.05862714410122929,True
Stat3_Etch_MV_SourceRFLoadPower,2024-07-11_04,4,4,2791.3783488323043,2791.3493309743267,0.029017857977578387,-0.05862714410122929,True
Stat3_Etch_MV_SourceRFLoadPower,2024-07-11_05,4,5,2790.783656714289,2791.2907038302255,-0.5070471159365297,-0.05862714410122929,True
Stat3_Etch_MV_SourceRFLoadPower,2024-07-11_06,4,6,2791.3640921952056,2791.2320766861244,0.13201550908115678,-0.05862714410122929,True
Stat3_Etch_MV_SourceRFLoadPower,2024-07-11_07,4,7,2791.184340610299,2791.1734495420233,0.010891068275668658,-0.05862714410122929,True
Stat3_Etch_MV_SourceRFLoadPower,2024-07-11_08,4,8,2791.217556286884,2791.1148223979217,0.10273388896212055,-0.05862714410122929,True
Stat3_Etch_MV_SourceRFLoadPower,2024-07-11_09,4,9,2791.3623332159214,2791.0561952538205,0.30613796210082,-0.05862714410122929,True
Stat3_Etch_MV_SourceRFLoadPower,2024-07-11_10,4,10,2790.840708418092,2790.9975681097194,-0.15685969162723268,-0.05862714410122929,True
Stat3_Etch_MV_SourceRFLoadPower,2024-07-19_01,5,1,2791.312508997214,2791.6128189346546,-0.3003099374404883,-0.06579002235620429,True
Stat3_Etch_MV_SourceRFLoadPower,2024-07-19_02,5,2,2791.6305513124207,2791.5470289122986,0.08352240012209222,-0.06579002235620429,True
Stat3_Etch_MV_SourceRFLoadPower,2024-07-19_03,5,3,2791.724772053792,2791.4812388899422,0.243533163849861,-0.06579002235620429,True
Stat3_Etch_MV_SourceRFLoadPower,2024-07-19_04,5,4,2791.329517897739,2791.4154488675863,-0.08593096984714066,-0.06579002235620429,True
Stat3_Etch_MV_SourceRFLoadPower,2024-07-19_05,5,5,2791.430277928381,2791.34965884523,0.08061908315130495,-0.06579002235620429,True
Stat3_Etch_MV_SourceRFLoadPower,2024-07-19_06,5,6,2791.405451788308,2791.283868822874,0.12158296543384495,-0.06579002235620429,True
Stat3_Etch_MV_SourceRFLoadPower,2024-07-19_07,5,7,2791.3235739118395,2791.2180788005176,0.10549511132194311,-0.06579002235620429,True
Stat3_Etch_MV_SourceRFLoadPower,2024-07-19_08,5,8,2791.2114517380264,2791.152288778161,0.059162959865261655,-0.06579002235620429,True
Stat3_Etch_MV_SourceRFLoadPower,2024-07-19_09,5,9,2790.6077241327657,2791.086498755805,-0.4787746230394987,-0.06579002235620429,True
Stat3_Etch_MV_SourceRFLoadPower,2024-07-19_10,5,10,2791.191808580037,2791.020708733449,0.1710998465882767,-0.06579002235620429,True
Stat3_Etch_MV_SourceRFLoadPower,2024-08-01_01,6,1,2791.6011518252794,2791.4994744341534,0.10167739112603158,-0.060201302196514726,True
Stat3_Etch_MV_SourceRFLoadPower,2024-08-01_02,6,2,2791.480294748772,2791.439273131957,0.04102161681475991,-0.060201302196514726,True
Stat3_Etch_MV_SourceRFLoadPower,2024-08-01_03,6,3,2791.392662933462,2791.3790718297605,0.013591103701401153,-0.060201302196514726,True
Stat3_Etch_MV_SourceRFLoadPower,2024-08-01_04,6,4,2791.172896537921,2791.318870527564,-0.14597398964269814,-0.060201302196514726,True
Stat3_Etch_MV_SourceRFLoadPower,2024-08-01_05,6,5,2791.262800037482,2791.2586692253676,0.0041308121144538745,-0.060201302196514726,True
Stat3_Etch_MV_SourceRFLoadPower,2024-08-01_06,6,6,2791.1745674402573,2791.198467923171,-0.023900482913632004,-0.060201302196514726,True
Stat3_Etch_MV_SourceRFLoadPower,2024-08-01_07,6,7,2790.970777064732,2791.1382666209743,-0.1674895562423444,-0.060201302196514726,True
Stat3_Etch_MV_SourceRFLoadPower,2024-08-01_08,6,8,2791.0799056511983,2791.078065318778,0.001840332420215418,-0.060201302196514726,True
Stat3_Etch_MV_SourceRFLoadPower,2024-08-01_09,6,9,2791.129036648856,2791.0178640165814,0.11117263227470175,-0.060201302196514726,True
Stat3_Etch_MV_SourceRFLoadPower,2024-08-01_10,6,10,2791.021592854736,2790.957662714385,0.06393014035074884,-0.060201302196514726,True
Stat3_Etch_MV_SourceRFLoadPower,2024-08-05_01,7,1,2791.603738291048,2791.5655954925855,0.03814279846255886,-0.07209933422020695,True
Stat3_Etch_MV_SourceRFLoadPower,2024-08-05_02,7,2,2791.530376448356,2791.4934961583654,0.03688028999067683,-0.07209933422020695,True
Stat3_Etch_MV_SourceRFLoadPower,2024-08-05_03,7,3,2791.3112411499023,2791.421396824145,-0.1101556742428329,-0.07209933422020695,True
Stat3_Etch_MV_SourceRFLoadPower,2024-08-05_04,7,4,2791.349331768091,2791.349297489925,3.427816591283772e-05,-0.07209933422020695,True
Stat3_Etch_MV_SourceRFLoadPower,2024-08-05_05,7,5,2791.269361469826,2791.277198155705,-0.007836685878828575,-0.07209933422020695,True
Stat3_Etch_MV_SourceRFLoadPower,2024-08-05_06,7,6,2791.2480338149867,2791.2050988214846,0.042934993502058205,-0.07209933422020695,True
Stat3_Etch_MV_SourceRFLoadPower,2024-08-07_01,8,1,2791.659635728405,2791.4125606555394,0.24707507286575492,-0.005791138978901918,True
Stat3_Etch_MV_SourceRFLoadPower,2024-08-07_02,8,2,2791.3309120601366,2791.406769516561,-0.07585745642427355,-0.005791138978901918,True
Stat3_Etch_MV_SourceRFLoadPower,2024-08-07_03,8,3,2791.4607927389707,2791.400978377582,0.059814361388816906,-0.005791138978901918,True
Stat3_Etch_MV_SourceRFLoadPower,2024-08-07_04,8,4,2791.314932427491,2791.395187238603,-0.08025481111189947,-0.005791138978901918,True
Stat3_Etch_MV_SourceRFLoadPower,2024-08-07_05,8,5,2791.2120073599704,2791.389396099624,-0.17738873965345192,-0.005791138978901918,True
Stat3_Etch_MV_SourceRFLoadPower,2024-08-07_06,8,6,2791.237662324937,2791.3836049606452,-0.14594263570825206,-0.005791138978901918,True
Stat3_Etch_MV_SourceRFLoadPower,2024-08-07_07,8,7,2791.434692423625,2791.377813821666,0.056878601958942454,-0.005791138978901918,True
Stat3_Etch_MV_SourceRFLoadPower,2024-08-07_08,8,8,2791.169226832344,2791.372022682687,-0.2027958503431364,-0.005791138978901918,True
Stat3_Etch_MV_SourceRFLoadPower,2024-08-07_09,8,9,2791.517914012219,2791.366231543708,0.15168246851089862,-0.005791138978901918,True
Stat3_Etch_MV_SourceRFLoadPower,2024-08-07_10,8,10,2791.527229393258,2791.3604404047296,0.16678898852842394,-0.005791138978901918,True
Stat3_Etch_MV_SourceRFLoadPower,2024-08-21_01,9,1,2791.711185723244,2791.557559591087,0.15362613215711463,-0.053308650948641276,True
Stat3_Etch_MV_SourceRFLoadPower,2024-08-21_02,9,2,2791.460535606971,2791.5042509401383,-0.043715333167256176,-0.053308650948641276,True
Stat3_Etch_MV_SourceRFLoadPower,2024-08-21_03,9,3,2791.409269475092,2791.4509422891897,-0.041672814097637456,-0.053308650948641276,True
Stat3_Etch_MV_SourceRFLoadPower,2024-08-21_04,9,4,2791.2524702199044,2791.3976336382407,-0.14516341833632396,-0.053308650948641276,True
Stat3_Etch_MV_SourceRFLoadPower,2024-08-21_05,9,5,2791.365438437709,2791.344324987292,0.021113450417033164,-0.053308650948641276,True
Stat3_Etch_MV_SourceRFLoadPower,2024-08-21_06,9,6,2791.2008066485005,2791.2910163363435,-0.09020968784307115,-0.053308650948641276,True
Stat3_Etch_MV_SourceRFLoadPower,2024-08-21_07,9,7,2791.3743059419144,2791.237707685395,0.13659825651939173,-0.053308650948641276,True
Stat3_Etch_MV_SourceRFLoadPower,2024-08-21_08,9,8,2791.4020285139272,2791.1843990344464,0.21762947948082,-0.053308650948641276,True
Stat3_Etch_MV_SourceRFLoadPower,2024-08-21_09,9,9,2790.671085838936,2791.131090383498,-0.46000454456179796,-0.053308650948641276,True
Stat3_Etch_MV_SourceRFLoadPower,2024-08-21_10,9,10,2791.32958021199,2791.077781732549,0.25179847944127687,-0.053308650948641276,True
Stat3_Etch_MV_SourceRFLoadPower,2024-08-22_01,10,1,2791.208859101913,2791.4597169548642,-0.2508578529514125,-0.039123774047964306,True
Stat3_Etch_MV_SourceRFLoadPower,2024-08-22_02,10,2,2791.4999122209447,2791.420593180816,0.07931904012866653,-0.039123774047964306,True
Stat3_Etch_MV_SourceRFLoadPower,2024-08-22_03,10,3,2791.529305690509,2791.3814694067682,0.14783628374061664,-0.039123774047964306,True
Stat3_Etch_MV_SourceRFLoadPower,2024-08-22_04,10,4,2791.479134506384,2791.34234563272,0.13678887366404524,-0.039123774047964306,True
Stat3_Etch_MV_SourceRFLoadPower,2024-08-22_05,10,5,2791.3679228761816,2791.3032218586723,0.06470101750937829,-0.039123774047964306,True
Stat3_Etch_MV_SourceRFLoadPower,2024-08-22_06,10,6,2791.3296296314525,2791.264098084624,0.06553154682842433,-0.039123774047964306,True
Stat3_Etch_MV_SourceRFLoadPower,2024-08-22_07,10,7,2791.2814638691566,2791.2249743105763,0.05648955858032423,-0.039123774047964306,True
Stat3_Etch_MV_SourceRFLoadPower,2024-08-22_08,10,8,2790.6384612216143,2791.1858505365285,-0.5473893149141986,-0.039123774047964306,True
Stat3_Etch_MV_SourceRFLoadPower,2024-08-22_09,10,9,2791.2539865690824,2791.1467267624803,0.10725980660208734,-0.039123774047964306,True
Stat3_Etch_MV_SourceRFLoadPower,2024-08-22_10,10,10,2791.247924029249,2791.1076029884325,0.140321040816616,-0.039123774047964306,True
Stat3_Etch_MV_SourceRFPeakToPeak,2024-07-02_01,1,1,3276.3486748634773,3274.974150069115,1.3745247943625145,-0.5511877822851731,True
Stat3_Etch_MV_SourceRFPeakToPeak,2024-07-02_02,1,2,3271.772803768035,3274.4229622868297,-2.6501585187947967,-0.5511877822851731,True
Stat3_Etch_MV_SourceRFPeakToPeak,2024-07-02_03,1,3,3276.688388652285,3273.871774504544,2.816614147740893,-0.5511877822851731,True
Stat3_Etch_MV_SourceRFPeakToPeak,2024-07-02_04,1,4,3272.3520750239,3273.320586722259,-0.9685116983591797,-0.5511877822851731,True
Stat3_Etch_MV_SourceRFPeakToPeak,2024-07-02_05,1,5,3272.3972904083507,3272.769398939974,-0.3721085316233257,-0.5511877822851731,True
Stat3_Etch_MV_SourceRFPeakToPeak,2024-07-02_06,1,6,3272.7160835533946,3272.218211157689,0.49787239570559905,-0.5511877822851731,True
Stat3_Etch_MV_SourceRFPeakToPeak,2024-07-02_07,1,7,3270.7841142241828,3271.6670233754035,-0.8829091512207015,-0.5511877822851731,True
Stat3_Etch_MV_SourceRFPeakToPeak,2024-07-02_08,1,8,3269.110062368697,3271.1158355931184,-2.0057732244213184,-0.5511877822851731,True
Stat3_Etch_MV_SourceRFPeakToPeak,2024-07-02_09,1,9,3272.0192909457537,3270.5646478108333,1.4546431349203885,-0.5511877822851731,True
Stat3_Etch_MV_SourceRFPeakToPeak,2024-07-02_10,1,10,3270.749266680249,3270.0134600285483,0.735806651700841,-0.5511877822851731,True
Stat3_Etch_MV_SourceRFPeakToPeak,2024-07-05_01,2,1,3281.841293977973,3283.201632005262,-1.3603380272893446,-1.0020175390790975,True
Stat3_Etch_MV_SourceRFPeakToPeak,2024-07-05_02,2,2,3282.6882191986115,3282.199614466183,0.48860473242848457,-1.0020175390790975,True
Stat3_Etch_MV_SourceRFPeakToPeak,2024-07-05_03,2,3,3281.119391622132,3281.197596927104,-0.07820530497201617,-1.0020175390790975,True
Stat3_Etch_MV_SourceRFPeakToPeak,2024-07-05_04,2,4,3282.431618885327,3280.1955793880247,2.2360394973024995,-1.0020175390790975,True
Stat3_Etch_MV_SourceRFPeakToPeak,2024-07-05_05,2,5,3277.49201151632,3279.1935618489456,-1.7015503326256294,-1.0020175390790975,True
Stat3_Etch_MV_SourceRFPeakToPeak,2024-07-05_06,2,6,3279.755848926989,3278.1915443098665,1.564304617122616,-1.0020175390790975,True
Stat3_Etch_MV_SourceRFPeakToPeak,2024-07-05_07,2,7,3277.1399417980506,3277.189526770788,-0.04958497273719331,-1.0020175390790975,True
Stat3_Etch_MV_SourceRFPeakToPeak,2024-07-05_08,2,8,3276.3040751795616,3276.1875092317086,0.11656594785290508,-1.0020175390790975,True
Stat3_Etch_MV_SourceRFPeakToPeak,2024-07-05_09,2,9,3272.8170524469588,3275.1854916926295,-2.368439245670743,-1.0020175390790975,True
Stat3_Etch_MV_SourceRFPeakToPeak,2024-07-05_10,2,10,3275.336077242143,3274.1834741535504,1.1526030885925138,-1.0020175390790975,True
Stat3_Etch_MV_SourceRFPeakToPeak,2024-07-09_01,3,1,3286.123821007293,3284.272323777076,1.8514972302168644,-0.9168358279247256,True
Stat3_Etch_MV_SourceRFPeakToPeak,2024-07-09_02,3,2,3283.013580404302,3283.3554879491517,-0.3419075448496187,-0.9168358279247256,True
Stat3_Etch_MV_SourceRFPeakToPeak,2024-07-09_03,3,3,3282.239725769104,3282.438652121227,-0.1989263521227258,-0.9168358279247256,True
Stat3_Etch_MV_SourceRFPeakToPeak,2024-07-09_04,3,4,3280.4469809167085,3281.521816293302,-1.0748353765934553,-0.9168358279247256,True
Stat3_Etch_MV_SourceRFPeakToPeak,2024-07-09_05,3,5,3279.287502334412,3280.604980465377,-1.3174781309653554,-0.9168358279247256,True
Stat3_Etch_MV_SourceRFPeakToPeak,2024-07-09_06,3,6,3278.551843845338,3279.6881446374528,-1.1363007921145254,-0.9168358279247256,True
Stat3_Etch_MV_SourceRFPeakToPeak,2024-07-09_07,3,7,3280.364921809678,3278.771308809528,1.5936130001500715,-0.9168358279247256,True
Stat3_Etch_MV_SourceRFPeakToPeak,2024-07-09_08,3,8,3278.5249564611804,3277.854472981603,0.6704834795773422,-0.9168358279247256,True
Stat3_Etch_MV_SourceRFPeakToPeak,2024-07-09_09,3,9,3275.861707028638,3276.937637153678,-1.0759301250400313,-0.9168358279247256,True
Stat3_Etch_MV_SourceRFPeakToPeak,2024-07-09_10,3,10,3277.0505859375,3276.020801325754,1.0297846117459812,-0.9168358279247256,True
Stat3_Etch_MV_SourceRFPeakToPeak,2024-07-11_01,4,1,3282.390788821542,3282.765702848143,-0.3749140266008908,-0.6212057555373204,True
Stat3_Etch_MV_SourceRFPeakToPeak,2024-07-11_02,4,2,3282.950089526392,3282.1444970926054,0.8055924337863871,-0.6212057555373204,True
Stat3_Etch_MV_SourceRFPeakToPeak,2024-07-11_03,4,3,3279.649423387034,3281.5232913370683,-1.8738679500343096,-0.6212057555373204,True
Stat3_Etch_MV_SourceRFPeakToPeak,2024-07-11_04,4,4,3283.389655865383,3280.902085581531,2.48757028385171,-0.6212057555373204,True
Stat3_Etch_MV_SourceRFPeakToPeak,2024-07-11_05,4,5,3278.022484686903,3280.2808798259935,-2.2583951390902257,-0.6212057555373204,True
Stat3_Etch_MV_SourceRFPeakToPeak,2024-07-11_06,4,6,3281.0645461775957,3279.6596740704563,1.4048721071394539,-0.6212057555373204,True
Stat3_Etch_MV_SourceRFPeakToPeak,2024-07-11_07,4,7,3279.3480803787065,3279.038468314919,0.30961206378742645,-0.6212057555373204,True
Stat3_Etch_MV_SourceRFPeakToPeak,2024-07-11_08,4,8,3279.4674949235814,3278.4172625593815,1.0502323641999283,-0.6212057555373204,True
Stat3_Etch_MV_SourceRFPeakToPeak,2024-07-11_09,4,9,3275.5603838672278,3277.7960568038443,-2.235672936616538,-0.6212057555373204,True
Stat3_Etch_MV_SourceRFPeakToPeak,2024-07-11_10,4,10,3277.859821847886,3277.174851048307,0.6849707995788776,-0.6212057555373204,True
Stat3_Etch_MV_SourceRFPeakToPeak,2024-07-19_01,5,1,3286.780902350883,3287.1313157117897,-0.35041336090671393,-0.6608835794769299,True
Stat3_Etch_MV_SourceRFPeakToPeak,2024-07-19_02,5,2,3286.204540933145,3286.470432132313,-0.26589119916798154,-0.6608835794769299,True
Stat3_Etch_MV_SourceRFPeakToPeak,2024-07-19_03,5,3,3286.108109484704,3285.8095485528356,0.298560931868451,-0.6608835794769299,True
Stat3_Etch_MV_SourceRFPeakToPeak,2024-07-19_04,5,4,3284.354765533119,3285.148664973359,-0.7938994402397839,-0.6608835794769299,True
Stat3_Etch_MV_SourceRFPeakToPeak,2024-07-19_05,5,5,3286.410393776782,3284.487781393882,1.9226123828998425,-0.6608835794769299,True
Stat3_Etch_MV_SourceRFPeakToPeak,2024-07-19_06,5,6,3282.5378209008536,3283.826897814405,-1.2890769135515256,-0.6608835794769299,True
Stat3_Etch_MV_SourceRFPeakToPeak,2024-07-19_07,5,7,3284.327199289927,3283.166014234928,1.1611850549993505,-0.6608835794769299,True
Stat3_Etch_MV_SourceRFPeakToPeak,2024-07-19_08,5,8,3282.563737844393,3282.505130655451,0.05860718894200545,-0.6608835794769299,True
Stat3_Etch_MV_SourceRFPeakToPeak,2024-07-19_09,5,9,3281.7410432326683,3281.844247075974,-0.1032038433058915,-0.6608835794769299,True
Stat3_Etch_MV_SourceRFPeakToPeak,2024-07-19_10,5,10,3280.54488269496,3281.1833634964973,-0.6384808015372982,-0.6608835794769299,True
Stat3_Etch_MV_SourceRFPeakToPeak,2024-08-01_01,6,1,3291.574766261603,3291.0408381043,0.5339281573033077,-0.8392577063964615,True
Stat3_Etch_MV_SourceRFPeakToPeak,2024-08-01_02,6,2,3290.471039859427,3290.2015803979034,0.2694594615236383,-0.8392577063964615,True
Stat3_Etch_MV_SourceRFPeakToPeak,2024-08-01_03,6,3,3287.2116107436896,3289.362322691507,-2.150711947817399,-0.8392577063964615,True
Stat3_Etch_MV_SourceRFPeakToPeak,2024-08-01_04,6,4,3287.910394676869,3288.5230649851105,-0.6126703082413769,-0.8392577063964615,True
Stat3_Etch_MV_SourceRFPeakToPeak,2024-08-01_05,6,5,3287.928351787132,3287.683807278714,0.24454450841813014,-0.8392577063964615,True
Stat3_Etch_MV_SourceRFPeakToPeak,2024-08-01_06,6,6,3288.240142873556,3286.8445495723176,1.3955933012384776,-0.8392577063964615,True
Stat3_Etch_MV_SourceRFPeakToPeak,2024-08-01_07,6,7,3286.7504780232407,3286.005291865921,0.7451861573194947,-0.8392577063964615,True
Stat3_Etch_MV_SourceRFPeakToPeak,2024-08-01_08,6,8,3286.328502026261,3285.1660341595248,1.1624678667362787,-0.8392577063964615,True
Stat3_Etch_MV_SourceRFPeakToPeak,2024-08-01_09,6,9,3284.7311628769075,3284.3267764531283,0.40438642377921497,-0.8392577063964615,True
Stat3_Etch_MV_SourceRFPeakToPeak,2024-08-01_10,6,10,3281.495335126473,3283.4875187467314,-1.9921836202584018,-0.8392577063964615,True
Stat3_Etch_MV_SourceRFPeakToPeak,2024-08-05_01,7,1,3288.6697330130382,3289.4561900915182,-0.786457078479998,-0.6171296539749104,True
Stat3_Etch_MV_SourceRFPeakToPeak,2024-08-05_02,7,2,3288.75625999091,3288.8390604375436,-0.08280044663342778,-0.6171296539749104,True
Stat3_Etch_MV_SourceRFPeakToPeak,2024-08-05_03,7,3,3289.014942784463,3288.2219307835685,0.7930120008945778,-0.6171296539749104,True
Stat3_Etch_MV_SourceRFPeakToPeak,2024-08-05_04,7,4,3289.613911885396,3287.604801129594,2.0091107558023396,-0.6171296539749104,True
Stat3_Etch_MV_SourceRFPeakToPeak,2024-08-05_05,7,5,3284.85390114027,3286.9876714756188,-2.1337703353487996,-0.6171296539749104,True
Stat3_Etch_MV_SourceRFPeakToPeak,2024-08-05_06,7,6,3286.571446925412,3286.3705418216437,0.20090510376849124,-0.6171296539749104,True
Stat3_Etch_MV_SourceRFPeakToPeak,2024-08-07_01,8,1,3288.8025116459016,3288.9226347537624,-0.12012310786076341,-0.7231632657741353,True
Stat3_Etch_MV_SourceRFPeakToPeak,2024-08-07_02,8,2,3289.2368404510244,3288.199471487988,1.0373689630364424,-0.7231632657741353,True
Stat3_Etch_MV_SourceRFPeakToPeak,2024-08-07_03,8,3,3286.3392212119224,3287.476308222214,-1.1370870102914523,-0.7231632657741353,True
Stat3_Etch_MV_SourceRFPeakToPeak,2024-08-07_04,8,4,3286.216979796812,3286.75314495644,-0.5361651596276715,-0.7231632657741353,True
Stat3_Etch_MV_SourceRFPeakToPeak,2024-08-07_05,8,5,3286.8708674852683,3286.029981690666,0.8408857946024,-0.7231632657741353,True
Stat3_Etch_MV_SourceRFPeakToPeak,2024-08-07_06,8,6,3287.062612353679,3285.3068184248914,1.7557939287876252,-0.7231632657741353,True
Stat3_Etch_MV_SourceRFPeakToPeak,2024-08-07_07,8,7,3284.727477272312,3284.5836551591174,0.1438221131948012,-0.7231632657741353,True
Stat3_Etch_MV_SourceRFPeakToPeak,2024-08-07_08,8,8,3280.093316044296,3283.8604918933434,-3.767175849047362,-0.7231632657741353,True
Stat3_Etch_MV_SourceRFPeakToPeak,2024-08-07_09,8,9,3282.971365594178,3283.1373286275693,-0.16596303339110818,-0.7231632657741353,True
Stat3_Etch_MV_SourceRFPeakToPeak,2024-08-07_10,8,10,3284.362808722391,3282.414165361795,1.9486433605961793,-0.7231632657741353,True
Stat3_Etch_MV_SourceRFPeakToPeak,2024-08-21_01,9,1,3279.5353100830894,3279.9263369093114,-0.39102682622205975,-0.5696988629073267,True
Stat3_Etch_MV_SourceRFPeakToPeak,2024-08-21_02,9,2,3278.7056452008,3279.3566380464044,-0.6509928456043781,-0.5696988629073267,True
Stat3_Etch_MV_SourceRFPeakToPeak,2024-08-21_03,9,3,3279.0126799669843,3278.786939183497,0.2257407834872538,-0.5696988629073267,True
Stat3_Etch_MV_SourceRFPeakToPeak,2024-08-21_04,9,4,3277.8069414950583,3278.2172403205896,-0.41029882553129937,-0.5696988629073267,True
Stat3_Etch_MV_SourceRFPeakToPeak,2024-08-21_05,9,5,3279.69060069205,3277.647541457682,2.0430592343677745,-0.5696988629073267,True
Stat3_Etch_MV_SourceRFPeakToPeak,2024-08-21_06,9,6,3276.3233023202547,3277.077842594775,-0.7545402745204228,-0.5696988629073267,True
Stat3_Etch_MV_SourceRFPeakToPeak,2024-08-21_07,9,7,3278.6408206553256,3276.5081437318677,2.1326769234578933,-0.5696988629073267,True
Stat3_Etch_MV_SourceRFPeakToPeak,2024-08-21_08,9,8,3274.820239200675,3275.9384448689602,-1.1182056682850998,-0.5696988629073267,True
Stat3_Etch_MV_SourceRFPeakToPeak,2024-08-21_09,9,9,3273.6187831681086,3275.368746006053,-1.7499628379441674,-0.5696988629073267,True
Stat3_Etch_MV_SourceRFPeakToPeak,2024-08-21_10,9,10,3275.47259747994,3274.799047143146,0.673550336794051,-0.5696988629073267,True
Stat3_Etch_MV_SourceRFPeakToPeak,2024-08-22_01,10,1,3276.8706289827924,3278.7684530546535,-1.8978240718611232,-0.324030112858218,True
Stat3_Etch_MV_SourceRFPeakToPeak,2024-08-22_02,10,2,3279.0620680778256,3278.444422941795,0.6176451360306601,-0.324030112858218,True
Stat3_Etch_MV_SourceRFPeakToPeak,2024-08-22_03,10,3,3277.4383420443623,3278.120392828937,-0.6820507845745851,-0.324030112858218,True
Stat3_Etch_MV_SourceRFPeakToPeak,2024-08-22_04,10,4,3278.067130917492,3277.796362716079,0.27076820141292046,-0.324030112858218,True
Stat3_Etch_MV_SourceRFPeakToPeak,2024-08-22_05,10,5,3279.0279651391807,3277.4723326032204,1.5556325359602852,-0.324030112858218,True
Stat3_Etch_MV_SourceRFPeakToPeak,2024-08-22_06,10,6,3279.4698059738325,3277.1483024903623,2.3215034834702237,-0.324030112858218,True
Stat3_Etch_MV_SourceRFPeakToPeak,2024-08-22_07,10,7,3275.6972397835025,3276.824272377504,-1.1270325940013208,-0.324030112858218,True
Stat3_Etch_MV_SourceRFPeakToPeak,2024-08-22_08,10,8,3277.256541282225,3276.5002422646457,0.7562990175792947,-0.324030112858218,True
Stat3_Etch_MV_SourceRFPeakToPeak,2024-08-22_09,10,9,3276.269537127006,3276.1762121517877,0.09332497521836558,-0.324030112858218,True
Stat3_Etch_MV_SourceRFPeakToPeak,2024-08-22_10,10,10,3273.943916139695,3275.852182038929,-1.9082658992342658,-0.324030112858218,True
Stat3_Etch_MV_SourceRFReflectedPower,2024-07-02_01,1,1,143.30789979851764,141.48874403679145,1.8191557617261935,0.2663410013566636,True
Stat3_Etch_MV_SourceRFReflectedPower,2024-07-02_02,1,2,139.75378328946329,141.7550850381481,-2.001301748684824,0.2663410013566636,True
Stat3_Etch_MV_SourceRFReflectedPower,2024-07-02_03,1,3,143.00871682493872,142.02142603950477,0.9872907854339417,0.2663410013566636,True
Stat3_Etch_MV_SourceRFReflectedPower,2024-07-02_04,1,4,140.53114641840662,142.28776704086144,-1.7566206224548182,0.2663410013566636,True
Stat3_Etch_MV_SourceRFReflectedPower,2024-07-02_05,1,5,142.49281007269852,142.5541080422181,-0.061297969519586104,0.2663410013566636,True
Stat3_Etch_MV_SourceRFReflectedPower,2024-07-02_06,1,6,144.57788462305658,142.82044904357477,1.7574355794818075,0.2663410013566636,True
Stat3_Etch_MV_SourceRFReflectedPower,2024-07-02_07,1,7,142.2391830981276,143.08679004493143,-0.8476069468038361,0.2663410013566636,True
Stat3_Etch_MV_SourceRFReflectedPower,2024-07-02_08,1,8,142.4364201919171,143.3531310462881,-0.9167108543709901,0.2663410013566636,True
Stat3_Etch_MV_SourceRFReflectedPower,2024-07-02_09,1,9,144.53916249710434,143.61947204764476,0.9196904494595799,0.2663410013566636,True
Stat3_Etch_MV_SourceRFReflectedPower,2024-07-02_10,1,10,143.9857786147342,143.88581304900143,0.09996556573275939,0.2663410013566636,True
Stat3_Etch_MV_SourceRFReflectedPower,2024-07-05_01,2,1,143.61754513679938,142.75696368326484,0.860581453534536,0.1684723874573665,True
Stat3_Etch_MV_SourceRFReflectedPower,2024-07-05_02,2,2,141.5116975517107,142.9254360707222,-1.4137385190115026,0.1684723874573665,True
Stat3_Etch_MV_SourceRFReflectedPower,2024-07-05_03,2,3,142.28962896660155,143.09390845817958,-0.8042794915780291,0.1684723874573665,True
Stat3_Etch_MV_SourceRFReflectedPower,2024-07-05_04,2,4,144.93026008080412,143.26238084563693,1.6678792351671916,0.1684723874573665,True
Stat3_Etch_MV_SourceRFReflectedPower,2024-07-05_05,2,5,141.33161707476046,143.4308532330943,-2.099236158333838,0.1684723874573665,True
Stat3_Etch_MV_SourceRFReflectedPower,2024-07-05_06,2,6,145.14721646846158,143.59932562055167,1.5478908479099118,0.1684723874573665,True
Stat3_Etch_MV_SourceRFReflectedPower,2024-07-05_07,2,7,144.85821408150946,143.76779800800904,1.0904160735004211,0.1684723874573665,True
Stat3_Etch_MV_SourceRFReflectedPower,2024-07-05_08,2,8,145.31344379853178,143.9362703954664,1.3771734030653704,0.1684723874573665,True
Stat3_Etch_MV_SourceRFReflectedPower,2024-07-05_09,2,9,141.5711212566465,144.10474278292378,-2.5336215262772726,0.1684723874573665,True
Stat3_Etch_MV_SourceRFReflectedPower,2024-07-05_10,2,10,144.5801498524045,144.27321517038115,0.3069346820233534,0.1684723874573665,True
Stat3_Etch_MV_SourceRFReflectedPower,2024-07-09_01,3,1,144.55888549207805,142.36889049855148,2.189994993526568,0.3108519146150276,True
Stat3_Etch_MV_SourceRFReflectedPower,2024-07-09_02,3,2,142.24161617602073,142.6797424131665,-0.4381262371457808,0.3108519146150276,True
Stat3_Etch_MV_SourceRFReflectedPower,2024-07-09_03,3,3,141.77620159698864,142.99059432778154,-1.2143927307928948,0.3108519146150276,True
Stat3_Etch_MV_SourceRFReflectedPower,2024-07-09_04,3,4,141.79420065234154,143.30144624239657,-1.507245590055021,0.3108519146150276,True
Stat3_Etch_MV_SourceRFReflectedPower,2024-07-09_05,3,5,143.02148066478895,143.6122981570116,-0.5908174922226408,0.3108519146150276,True
Stat3_Etch_MV_SourceRFReflectedPower,2024-07-09_06,3,6,143.35109357473564,143.92315007162662,-0.5720564968909798,0.3108519146150276,True
Stat3_Etch_MV_SourceRFReflectedPower,2024-07-09_07,3,7,146.28518998583024,144.23400198624165,2.051187999588592,0.3108519146150276,True
Stat3_Etch_MV_SourceRFReflectedPower,2024-07-09_08,3,8,145.57149631879037,144.54485390085668,1.0266424179336866,0.3108519146150276,True
Stat3_Etch_MV_SourceRFReflectedPower,2024-07-09_09,3,9,143.23044804082352,144.8557058154717,-1.6252577746481904,0.3108519146150276,True
Stat3_Etch_MV_SourceRFReflectedPower,2024-07-09_10,3,10,145.84662864079343,145.16655773008674,0.6800709107066893,0.3108519146150276,True
Stat3_Etch_MV_SourceRFReflectedPower,2024-07-11_01,4,1,142.52555284720128,141.75307393449884,0.7724789127024394,0.3897854578983316,True
Stat3_Etch_MV_SourceRFReflectedPower,2024-07-11_02,4,2,141.2129202134551,142.14285939239716,-0.9299391789420497,0.3897854578983316,True
Stat3_Etch_MV_SourceRFReflectedPower,2024-07-11_03,4,3,140.64243937821453,142.5326448502955,-1.8902054720809645,0.3897854578983316,True
Stat3_Etch_MV_SourceRFReflectedPower,2024-07-11_04,4,4,144.4309550074581,142.92243030819384,1.5085246992642567,0.3897854578983316,True
Stat3_Etch_MV_SourceRFReflectedPower,2024-07-11_05,4,5,142.0012687560255,143.31221576609215,-1.3109470100666556,0.3897854578983316,True
Stat3_Etch_MV_SourceRFReflectedPower,2024-07-11_06,4,6,145.24624105202878,143.7020012239905,1.544239828038286,0.3897854578983316,True
Stat3_Etch_MV_SourceRFReflectedPower,2024-07-11_07,4,7,145.80262188501254,144.09178668188883,1.7108352031237075,0.3897854578983316,True
Stat3_Etch_MV_SourceRFReflectedPower,2024-07-11_08,4,8,145.82141921020323,144.48157213978715,1.3398470704160843,0.3897854578983316,True
Stat3_Etch_MV_SourceRFReflectedPower,2024-07-11_09,4,9,142.10442691185875,144.8713575976855,-2.766930685826736,0.3897854578983316,True
Stat3_Etch_MV_SourceRFReflectedPower,2024-07-11_10,4,10,145.28323968895563,145.26114305558383,0.022096633371802454,0.3897854578983316,True
Stat3_Etch_MV_SourceRFReflectedPower,2024-07-19_01,5,1,147.94174906425425,145.30440872132064,2.637340342933612,0.30703843257477836,True
Stat3_Etch_MV_SourceRFReflectedPower,2024-07-19_02,5,2,144.2047739776405,145.61144715389543,-1.4066731762549125,0.30703843257477836,True
Stat3_Etch_MV_SourceRFReflectedPower,2024-07-19_03,5,3,144.28243357965437,145.91848558647018,-1.6360520068158166,0.30703843257477836,True
Stat3_Etch_MV_SourceRFReflectedPower,2024-07-19_04,5,4,144.98184220124315,146.22552401904497,-1.2436818178018143,0.30703843257477836,True
Stat3_Etch_MV_SourceRFReflectedPower,2024-07-19_05,5,5,148.12134281400853,146.53256245161975,1.5887803623887748,0.30703843257477836,True
Stat3_Etch_MV_SourceRFReflectedPower,2024-07-19_06,5,6,145.3479592690935,146.83960088419454,-1.491641615101031,0.30703843257477836,True
Stat3_Etch_MV_SourceRFReflectedPower,2024-07-19_07,5,7,148.21722983867576,147.1466393167693,1.0705905219064675,0.30703843257477836,True
Stat3_Etch_MV_SourceRFReflectedPower,2024-07-19_08,5,8,147.67305954767684,147.45367774934408,0.21938179833276195,0.30703843257477836,True
Stat3_Etch_MV_SourceRFReflectedPower,2024-07-19_09,5,9,148.5646229461528,147.76071618191887,0.8039067642339432,0.30703843257477836,True
Stat3_Etch_MV_SourceRFReflectedPower,2024-07-19_10,5,10,147.52580344067175,148.06775461449365,-0.5419511738219001,0.30703843257477836,True
Stat3_Etch_MV_SourceRFReflectedPower,2024-08-01_01,6,1,144.89016329665338,143.38850799619806,1.501655300455326,0.3721822613919884,True
Stat3_Etch_MV_SourceRFReflectedPower,2024-08-01_02,6,2,142.34344360326045,143.76069025759003,-1.417246654329574,0.3721822613919884,True
Stat3_Etch_MV_SourceRFReflectedPower,2024-08-01_03,6,3,141.78673171423145,144.13287251898203,-2.3461408047505756,0.3721822613919884,True
Stat3_Etch_MV_SourceRFReflectedPower,2024-08-01_04,6,4,142.69888924484226,144.50505478037402,-1.8061655355317612,0.3721822613919884,True
Stat3_Etch_MV_SourceRFReflectedPower,2024-08-01_05,6,5,146.00834668643176,144.877237041766,1.13110964466577,0.3721822613919884,True
Stat3_Etch_MV_SourceRFReflectedPower,2024-08-01_06,6,6,147.90202373023794,145.249419303158,2.6526044270799503,0.3721822613919884,True
Stat3_Etch_MV_SourceRFReflectedPower,2024-08-01_07,6,7,147.61865811323918,145.62160156455,1.9970565486891871,0.3721822613919884,True
Stat3_Etch_MV_SourceRFReflectedPower,2024-08-01_08,6,8,147.2594934786813,145.99378382594196,1.2657096527393321,0.3721822613919884,True
Stat3_Etch_MV_SourceRFReflectedPower,2024-08-01_09,6,9,146.66046558112205,146.36596608733396,0.2944994937880949,0.3721822613919884,True
Stat3_Etch_MV_SourceRFReflectedPower,2024-08-01_10,6,10,143.46506627592024,146.73814834872596,-3.273082072805721,0.3721822613919884,True
Stat3_Etch_MV_SourceRFReflectedPower,2024-08-05_01,7,1,144.5427972104637,143.9603125544948,0.5824846559688979,0.3633411231758547,True
Stat3_Etch_MV_SourceRFReflectedPower,2024-08-05_02,7,2,142.81688189849294,144.32365367767068,-1.5067717791777397,0.3633411231758547,True
Stat3_Etch_MV_SourceRFReflectedPower,2024-08-05_03,7,3,145.71661428802756,144.68699480084652,1.0296194871810371,0.3633411231758547,True
Stat3_Etch_MV_SourceRFReflectedPower,2024-08-05_04,7,4,146.17660169177373,145.0503359240224,1.1262657677513346,0.3633411231758547,True
Stat3_Etch_MV_SourceRFReflectedPower,2024-08-05_05,7,5,143.18695088701875,145.41367704719823,-2.2267261601794814,0.3633411231758547,True
Stat3_Etch_MV_SourceRFReflectedPower,2024-08-05_06,7,6,146.77214619883006,145.77701817037408,0.99512802845598,0.3633411231758547,True
Stat3_Etch_MV_SourceRFReflectedPower,2024-08-07_01,8,1,144.23440507342738,142.2029858486292,2.031419224798185,0.5725529474491744,True
Stat3_Etch_MV_SourceRFReflectedPower,2024-08-07_02,8,2,142.22411372208796,142.77553879607837,-0.5514250739904014,0.5725529474491744,True
Stat3_Etch_MV_SourceRFReflectedPower,2024-08-07_03,8,3,141.84425847093598,143.34809174352756,-1.503833272591578,0.5725529474491744,True
Stat3_Etch_MV_SourceRFReflectedPower,2024-08-07_04,8,4,141.77459980611695,143.92064469097673,-2.1460448848597764,0.5725529474491744,True
Stat3_Etch_MV_SourceRFReflectedPower,2024-08-07_05,8,5,145.15238979483718,144.4931976384259,0.6591921564112795,0.5725529474491744,True
Stat3_Etch_MV_SourceRFReflectedPower,2024-08-07_06,8,6,146.11547037462725,145.06575058587507,1.049719788752185,0.5725529474491744,True
Stat3_Etch_MV_SourceRFReflectedPower,2024-08-07_07,8,7,146.036232707573,145.63830353332426,0.39792917424873053,0.5725529474491744,True
Stat3_Etch_MV_SourceRFReflectedPower,2024-08-07_08,8,8,146.51749072333024,146.21085648077343,0.30663424255681093,0.5725529474491744,True
Stat3_Etch_MV_SourceRFReflectedPower,2024-08-07_09,8,9,147.01324326933846,146.7834094282226,0.22983384111586247,0.5725529474491744,True
Stat3_Etch_MV_SourceRFReflectedPower,2024-08-07_10,8,10,146.88253717923078,147.35596237567177,-0.473425196440985,0.5725529474491744,True
Stat3_Etch_MV_SourceRFReflectedPower,2024-08-21_01,9,1,143.51457846778692,141.43630755412386,2.0782709136630615,0.2107365729787887,True
Stat3_Etch_MV_SourceRFReflectedPower,2024-08-21_02,9,2,140.21891640053943,141.64704412710265,-1.4281277265632184,0.2107365729787887,True
Stat3_Etch_MV_SourceRFReflectedPower,2024-08-21_03,9,3,140.69029986407995,141.85778070008143,-1.1674808360014879,0.2107365729787887,True
Stat3_Etch_MV_SourceRFReflectedPower,2024-08-21_04,9,4,140.5577980068287,142.06851727306022,-1.5107192662315185,0.2107365729787887,True
Stat3_Etch_MV_SourceRFReflectedPower,2024-08-21_05,9,5,144.1521458129985,142.279253846039,1.872891966959486,0.2107365729787887,True
Stat3_Etch_MV_SourceRFReflectedPower,2024-08-21_06,9,6,142.055931323959,142.4899904190178,-0.4340590950588137,0.2107365729787887,True
Stat3_Etch_MV_SourceRFReflectedPower,2024-08-21_07,9,7,144.66808316094625,142.7007269919966,1.9673561689496637,0.2107365729787887,True
Stat3_Etch_MV_SourceRFReflectedPower,2024-08-21_08,9,8,141.76594737252836,142.91146356497538,-1.145516192447019,0.2107365729787887,True
Stat3_Etch_MV_SourceRFReflectedPower,2024-08-21_09,9,9,141.84020560037885,143.12220013795417,-1.281994537575315,0.2107365729787887,True
Stat3_Etch_MV_SourceRFReflectedPower,2024-08-21_10,9,10,144.38231531523894,143.33293671093296,1.0493786043059856,0.2107365729787887,True
Stat3_Etch_MV_SourceRFReflectedPower,2024-08-22_01,10,1,144.21451371787435,142.88041554477627,1.3340981730980843,0.2430630572543555,True
Stat3_Etch_MV_SourceRFReflectedPower,2024-08-22_02,10,2,142.31201587953876,143.12347860203064,-0.811462722491882,0.2430630572543555,True
Stat3_Etch_MV_SourceRFReflectedPower,2024-08-22_03,10,3,141.21657320250242,143.366541659285,-2.149968456782574,0.2430630572543555,True
Stat3_Etch_MV_SourceRFReflectedPower,2024-08-22_04,10,4,141.79561897872165,143.60960471653934,-1.8139857378176885,0.2430630572543555,True
Stat3_Etch_MV_SourceRFReflectedPower,2024-08-22_05,10,5,145.67723977225168,143.8526677737937,1.8245719984579694,0.2430630572543555,True
Stat3_Etch_MV_SourceRFReflectedPower,2024-08-22_06,10,6,146.63360538790303,144.09573083104806,2.537874556854973,0.2430630572543555,True
Stat3_Etch_MV_SourceRFReflectedPower,2024-08-22_07,10,7,143.50568360602983,144.3387938883024,-0.8331102822725711,0.2430630572543555,True
Stat3_Etch_MV_SourceRFReflectedPower,2024-08-22_08,10,8,146.2071265097434,144.58185694555678,1.625269564186624,0.2430630572543555,True
Stat3_Etch_MV_SourceRFReflectedPower,2024-08-22_09,10,9,145.2178653479818,144.82492000281113,0.3929453451706877,0.2430630572543555,True
Stat3_Etch_MV_SourceRFReflectedPower,2024-08-22_10,10,10,142.96175062166174,145.06798306006547,-2.1062324384037368,0.2430630572543555,True
Stat3_Etch_MV_SourceRFTuningCapacitor,2024-07-02_01,1,1,3.0,3.0,0.0,0.0,False
Stat3_Etch_MV_SourceRFTuningCapacitor,2024-07-02_02,1,2,3.0,3.0,0.0,0.0,False
Stat3_Etch_MV_SourceRFTuningCapacitor,2024-07-02_03,1,3,3.0,3.0,0.0,0.0,False
Stat3_Etch_MV_SourceRFTuningCapacitor,2024-07-02_04,1,4,3.0,3.0,0.0,0.0,False
Stat3_Etch_MV_SourceRFTuningCapacitor,2024-07-02_05,1,5,3.0,3.0,0.0,0.0,False
Stat3_Etch_MV_SourceRFTuningCapacitor,2024-07-02_06,1,6,3.0,3.0,0.0,0.0,False
Stat3_Etch_MV_SourceRFTuningCapacitor,2024-07-02_07,1,7,3.0,3.0,0.0,0.0,False
Stat3_Etch_MV_SourceRFTuningCapacitor,2024-07-02_08,1,8,3.0,3.0,0.0,0.0,False
Stat3_Etch_MV_SourceRFTuningCapacitor,2024-07-02_09,1,9,3.0,3.0,0.0,0.0,False
Stat3_Etch_MV_SourceRFTuningCapacitor,2024-07-02_10,1,10,3.0,3.0,0.0,0.0,False
Stat3_Etch_MV_SourceRFTuningCapacitor,2024-07-05_01,2,1,3.0,3.0,0.0,0.0,False
Stat3_Etch_MV_SourceRFTuningCapacitor,2024-07-05_02,2,2,3.0,3.0,0.0,0.0,False
Stat3_Etch_MV_SourceRFTuningCapacitor,2024-07-05_03,2,3,3.0,3.0,0.0,0.0,False
Stat3_Etch_MV_SourceRFTuningCapacitor,2024-07-05_04,2,4,3.0,3.0,0.0,0.0,False
Stat3_Etch_MV_SourceRFTuningCapacitor,2024-07-05_05,2,5,3.0,3.0,0.0,0.0,False
Stat3_Etch_MV_SourceRFTuningCapacitor,2024-07-05_06,2,6,3.0,3.0,0.0,0.0,False
Stat3_Etch_MV_SourceRFTuningCapacitor,2024-07-05_07,2,7,3.0,3.0,0.0,0.0,False
Stat3_Etch_MV_SourceRFTuningCapacitor,2024-07-05_08,2,8,3.0,3.0,0.0,0.0,False
Stat3_Etch_MV_SourceRFTuningCapacitor,2024-07-05_09,2,9,3.0,3.0,0.0,0.0,False
Stat3_Etch_MV_SourceRFTuningCapacitor,2024-07-05_10,2,10,3.0,3.0,0.0,0.0,False
Stat3_Etch_MV_SourceRFTuningCapacitor,2024-07-09_01,3,1,3.0,3.0,0.0,0.0,False
Stat3_Etch_MV_SourceRFTuningCapacitor,2024-07-09_02,3,2,3.0,3.0,0.0,0.0,False
Stat3_Etch_MV_SourceRFTuningCapacitor,2024-07-09_03,3,3,3.0,3.0,0.0,0.0,False
Stat3_Etch_MV_SourceRFTuningCapacitor,2024-07-09_04,3,4,3.0,3.0,0.0,0.0,False
Stat3_Etch_MV_SourceRFTuningCapacitor,2024-07-09_05,3,5,3.0,3.0,0.0,0.0,False
Stat3_Etch_MV_SourceRFTuningCapacitor,2024-07-09_06,3,6,3.0,3.0,0.0,0.0,False
Stat3_Etch_MV_SourceRFTuningCapacitor,2024-07-09_07,3,7,3.0,3.0,0.0,0.0,False
Stat3_Etch_MV_SourceRFTuningCapacitor,2024-07-09_08,3,8,3.0,3.0,0.0,0.0,False
Stat3_Etch_MV_SourceRFTuningCapacitor,2024-07-09_09,3,9,3.0,3.0,0.0,0.0,False
Stat3_Etch_MV_SourceRFTuningCapacitor,2024-07-09_10,3,10,3.0,3.0,0.0,0.0,False
Stat3_Etch_MV_SourceRFTuningCapacitor,2024-07-11_01,4,1,3.0,3.0,0.0,0.0,False
Stat3_Etch_MV_SourceRFTuningCapacitor,2024-07-11_02,4,2,3.0,3.0,0.0,0.0,False
Stat3_Etch_MV_SourceRFTuningCapacitor,2024-07-11_03,4,3,3.0,3.0,0.0,0.0,False
Stat3_Etch_MV_SourceRFTuningCapacitor,2024-07-11_04,4,4,3.0,3.0,0.0,0.0,False
Stat3_Etch_MV_SourceRFTuningCapacitor,2024-07-11_05,4,5,3.0,3.0,0.0,0.0,False
Stat3_Etch_MV_SourceRFTuningCapacitor,2024-07-11_06,4,6,3.0,3.0,0.0,0.0,False
Stat3_Etch_MV_SourceRFTuningCapacitor,2024-07-11_07,4,7,3.0,3.0,0.0,0.0,False
Stat3_Etch_MV_SourceRFTuningCapacitor,2024-07-11_08,4,8,3.0,3.0,0.0,0.0,False
Stat3_Etch_MV_SourceRFTuningCapacitor,2024-07-11_09,4,9,3.0,3.0,0.0,0.0,False
Stat3_Etch_MV_SourceRFTuningCapacitor,2024-07-11_10,4,10,3.0,3.0,0.0,0.0,False
Stat3_Etch_MV_SourceRFTuningCapacitor,2024-07-19_01,5,1,3.0,3.0,0.0,0.0,False
Stat3_Etch_MV_SourceRFTuningCapacitor,2024-07-19_02,5,2,3.0,3.0,0.0,0.0,False
Stat3_Etch_MV_SourceRFTuningCapacitor,2024-07-19_03,5,3,3.0,3.0,0.0,0.0,False
Stat3_Etch_MV_SourceRFTuningCapacitor,2024-07-19_04,5,4,3.0,3.0,0.0,0.0,False
Stat3_Etch_MV_SourceRFTuningCapacitor,2024-07-19_05,5,5,3.0,3.0,0.0,0.0,False
Stat3_Etch_MV_SourceRFTuningCapacitor,2024-07-19_06,5,6,3.0,3.0,0.0,0.0,False
Stat3_Etch_MV_SourceRFTuningCapacitor,2024-07-19_07,5,7,3.0,3.0,0.0,0.0,False
Stat3_Etch_MV_SourceRFTuningCapacitor,2024-07-19_08,5,8,3.0,3.0,0.0,0.0,False
Stat3_Etch_MV_SourceRFTuningCapacitor,2024-07-19_09,5,9,3.0,3.0,0.0,0.0,False
Stat3_Etch_MV_SourceRFTuningCapacitor,2024-07-19_10,5,10,3.0,3.0,0.0,0.0,False
Stat3_Etch_MV_SourceRFTuningCapacitor,2024-08-01_01,6,1,3.0,3.0,0.0,0.0,False
Stat3_Etch_MV_SourceRFTuningCapacitor,2024-08-01_02,6,2,3.0,3.0,0.0,0.0,False
Stat3_Etch_MV_SourceRFTuningCapacitor,2024-08-01_03,6,3,3.0,3.0,0.0,0.0,False
Stat3_Etch_MV_SourceRFTuningCapacitor,2024-08-01_04,6,4,3.0,3.0,0.0,0.0,False
Stat3_Etch_MV_SourceRFTuningCapacitor,2024-08-01_05,6,5,3.0,3.0,0.0,0.0,False
Stat3_Etch_MV_SourceRFTuningCapacitor,2024-08-01_06,6,6,3.0,3.0,0.0,0.0,False
Stat3_Etch_MV_SourceRFTuningCapacitor,2024-08-01_07,6,7,3.0,3.0,0.0,0.0,False
Stat3_Etch_MV_SourceRFTuningCapacitor,2024-08-01_08,6,8,3.0,3.0,0.0,0.0,False
Stat3_Etch_MV_SourceRFTuningCapacitor,2024-08-01_09,6,9,3.0,3.0,0.0,0.0,False
Stat3_Etch_MV_SourceRFTuningCapacitor,2024-08-01_10,6,10,3.0,3.0,0.0,0.0,False
Stat3_Etch_MV_SourceRFTuningCapacitor,2024-08-05_01,7,1,3.0,3.0,0.0,0.0,False
Stat3_Etch_MV_SourceRFTuningCapacitor,2024-08-05_02,7,2,3.0,3.0,0.0,0.0,False
Stat3_Etch_MV_SourceRFTuningCapacitor,2024-08-05_03,7,3,3.0,3.0,0.0,0.0,False
Stat3_Etch_MV_SourceRFTuningCapacitor,2024-08-05_04,7,4,3.0,3.0,0.0,0.0,False
Stat3_Etch_MV_SourceRFTuningCapacitor,2024-08-05_05,7,5,3.0,3.0,0.0,0.0,False
Stat3_Etch_MV_SourceRFTuningCapacitor,2024-08-05_06,7,6,3.0,3.0,0.0,0.0,False
Stat3_Etch_MV_SourceRFTuningCapacitor,2024-08-07_01,8,1,3.0,3.0,0.0,0.0,False
Stat3_Etch_MV_SourceRFTuningCapacitor,2024-08-07_02,8,2,3.0,3.0,0.0,0.0,False
Stat3_Etch_MV_SourceRFTuningCapacitor,2024-08-07_03,8,3,3.0,3.0,0.0,0.0,False
Stat3_Etch_MV_SourceRFTuningCapacitor,2024-08-07_04,8,4,3.0,3.0,0.0,0.0,False
Stat3_Etch_MV_SourceRFTuningCapacitor,2024-08-07_05,8,5,3.0,3.0,0.0,0.0,False
Stat3_Etch_MV_SourceRFTuningCapacitor,2024-08-07_06,8,6,3.0,3.0,0.0,0.0,False
Stat3_Etch_MV_SourceRFTuningCapacitor,2024-08-07_07,8,7,3.0,3.0,0.0,0.0,False
Stat3_Etch_MV_SourceRFTuningCapacitor,2024-08-07_08,8,8,3.0,3.0,0.0,0.0,False
Stat3_Etch_MV_SourceRFTuningCapacitor,2024-08-07_09,8,9,3.0,3.0,0.0,0.0,False
Stat3_Etch_MV_SourceRFTuningCapacitor,2024-08-07_10,8,10,3.0,3.0,0.0,0.0,False
Stat3_Etch_MV_SourceRFTuningCapacitor,2024-08-21_01,9,1,3.0,3.0,0.0,0.0,False
Stat3_Etch_MV_SourceRFTuningCapacitor,2024-08-21_02,9,2,3.0,3.0,0.0,0.0,False
Stat3_Etch_MV_SourceRFTuningCapacitor,2024-08-21_03,9,3,3.0,3.0,0.0,0.0,False
Stat3_Etch_MV_SourceRFTuningCapacitor,2024-08-21_04,9,4,3.0,3.0,0.0,0.0,False
Stat3_Etch_MV_SourceRFTuningCapacitor,2024-08-21_05,9,5,3.0,3.0,0.0,0.0,False
Stat3_Etch_MV_SourceRFTuningCapacitor,2024-08-21_06,9,6,3.0,3.0,0.0,0.0,False
Stat3_Etch_MV_SourceRFTuningCapacitor,2024-08-21_07,9,7,3.0,3.0,0.0,0.0,False
Stat3_Etch_MV_SourceRFTuningCapacitor,2024-08-21_08,9,8,3.0,3.0,0.0,0.0,False
Stat3_Etch_MV_SourceRFTuningCapacitor,2024-08-21_09,9,9,3.0,3.0,0.0,0.0,False
Stat3_Etch_MV_SourceRFTuningCapacitor,2024-08-21_10,9,10,3.0,3.0,0.0,0.0,False
Stat3_Etch_MV_SourceRFTuningCapacitor,2024-08-22_01,10,1,3.0,3.0,0.0,0.0,False
Stat3_Etch_MV_SourceRFTuningCapacitor,2024-08-22_02,10,2,3.0,3.0,0.0,0.0,False
Stat3_Etch_MV_SourceRFTuningCapacitor,2024-08-22_03,10,3,3.0,3.0,0.0,0.0,False
Stat3_Etch_MV_SourceRFTuningCapacitor,2024-08-22_04,10,4,3.0,3.0,0.0,0.0,False
Stat3_Etch_MV_SourceRFTuningCapacitor,2024-08-22_05,10,5,3.0,3.0,0.0,0.0,False
Stat3_Etch_MV_SourceRFTuningCapacitor,2024-08-22_06,10,6,3.0,3.0,0.0,0.0,False
Stat3_Etch_MV_SourceRFTuningCapacitor,2024-08-22_07,10,7,3.0,3.0,0.0,0.0,False
Stat3_Etch_MV_SourceRFTuningCapacitor,2024-08-22_08,10,8,3.0,3.0,0.0,0.0,False
Stat3_Etch_MV_SourceRFTuningCapacitor,2024-08-22_09,10,9,3.0,3.0,0.0,0.0,False
Stat3_Etch_MV_SourceRFTuningCapacitor,2024-08-22_10,10,10,3.0,3.0,0.0,0.0,False
Stat3_Etch_MV_moriInnerCurrent,2024-07-02_01,1,1,9.998393408670074,9.999035024402488,-0.0006416157324142802,8.109750076189198e-05,True
Stat3_Etch_MV_moriInnerCurrent,2024-07-02_02,1,2,9.999289901025834,9.999116121903251,0.00017377912258353945,8.109750076189198e-05,True
Stat3_Etch_MV_moriInnerCurrent,2024-07-02_03,1,3,9.999791487129745,9.999197219404012,0.0005942677257326778,8.109750076189198e-05,True
Stat3_Etch_MV_moriInnerCurrent,2024-07-02_04,1,4,9.999157135241887,9.999278316904775,-0.00012118166288743737,8.109750076189198e-05,True
Stat3_Etch_MV_moriInnerCurrent,2024-07-02_05,1,5,9.999791136990074,9.999359414405536,0.0004317225845387185,8.109750076189198e-05,True
Stat3_Etch_MV_moriInnerCurrent,2024-07-02_06,1,6,9.99921773835912,9.999440511906299,-0.00022277354717914477,8.109750076189198e-05,True
Stat3_Etch_MV_moriInnerCurrent,2024-07-02_07,1,7,9.999739630650376,9.99952160940706,0.0002180212433167128,8.109750076189198e-05,True
Stat3_Etch_MV_moriInnerCurrent,2024-07-02_08,1,8,9.999032868778004,9.999602706907822,-0.0005698381298184785,8.109750076189198e-05,True
Stat3_Etch_MV_moriInnerCurrent,2024-07-02_09,1,9,9.9998534227127,9.999683804408583,0.00016961830411688084,8.109750076189198e-05,True
Stat3_Etch_MV_moriInnerCurrent,2024-07-02_10,1,10,9.999732902001394,9.999764901909346,-3.199990795188512e-05,8.109750076189198e-05,True
Stat3_Etch_MV_moriInnerCurrent,2024-07-05_01,2,1,9.99714045955186,9.998520929595916,-0.0013804700440562812,0.00019440141553622075,True
Stat3_Etch_MV_moriInnerCurrent,2024-07-05_02,2,2,9.998864183773447,9.998715331011452,0.00014885276199549935,0.00019440141553622075,True
Stat3_Etch_MV_moriInnerCurrent,2024-07-05_03,2,3,9.99976589447756,9.998909732426988,0.0008561620505727063,0.00019440141553622075,True
Stat3_Etch_MV_moriInnerCurrent,2024-07-05_04,2,4,9.999744739904198,9.999104133842525,0.0006406060616725995,0.00019440141553622075,True
Stat3_Etch_MV_moriInnerCurrent,2024-07-05_05,2,5,9.999189455267658,9.999298535258061,-0.00010907999040377092,0.00019440141553622075,True
Stat3_Etch_MV_moriInnerCurrent,2024-07-05_06,2,6,9.999990804424176,9.999492936673597,0.0004978677505782514,0.00019440141553622075,True
Stat3_Etch_MV_moriInnerCurrent,2024-07-05_07,2,7,9.999686438197957,9.999687338089133,-8.998911766866513e-07,0.00019440141553622075,True
Stat3_Etch_MV_moriInnerCurrent,2024-07-05_08,2,8,10.00020629488012,9.99988173950467,0.00032455537545139634,0.00019440141553622075,True
Stat3_Etch_MV_moriInnerCurrent,2024-07-05_09,2,9,9.99938029636906,10.000076140920205,-0.0006958445511457967,0.00019440141553622075,True
Stat3_Etch_MV_moriInnerCurrent,2024-07-05_10,2,10,9.999988792812257,10.000270542335743,-0.00028174952348614113,0.00019440141553622075,True
Stat3_Etch_MV_moriInnerCurrent,2024-07-09_01,3,1,9.998925470819604,9.999214310253898,-0.00028883943429391934,5.322366342933272e-05,True
Stat3_Etch_MV_moriInnerCurrent,2024-07-09_02,3,2,9.999275006594196,9.999267533917328,7.472676868403028e-06,5.322366342933272e-05,True
Stat3_Etch_MV_moriInnerCurrent,2024-07-09_03,3,3,9.99967228804333,9.999320757580756,0.00035153046257363485,5.322366342933272e-05,True
Stat3_Etch_MV_moriInnerCurrent,2024-07-09_04,3,4,9.998903928812194,9.999373981244187,-0.00047005243199294,5.322366342933272e-05,True
Stat3_Etch_MV_moriInnerCurrent,2024-07-09_05,3,5,9.999747703433195,9.999427204907615,0.0003204985255802484,5.322366342933272e-05,True
Stat3_Etch_MV_moriInnerCurrent,2024-07-09_06,3,6,9.999456805793868,9.999480428571045,-2.362277717793404e-05,5.322366342933272e-05,True
Stat3_Etch_MV_moriInnerCurrent,2024-07-09_07,3,7,9.999991942887322,9.999533652234474,0.00045829065284763715,5.322366342933272e-05,True
Stat3_Etch_MV_moriInnerCurrent,2024-07-09_08,3,8,9.999381385492027,9.999586875897904,-0.00020549040587702905,5.322366342933272e-05,True
Stat3_Etch_MV_moriInnerCurrent,2024-07-09_09,3,9,10.000067581743032,9.999640099561333,0.0004274821816991903,5.322366342933272e-05,True
Stat3_Etch_MV_moriInnerCurrent,2024-07-09_10,3,10,9.99911605377455,9.999693323224763,-0.0005772694502130804,5.322366342933272e-05,True
Stat3_Etch_MV_moriInnerCurrent,2024-07-11_01,4,1,9.998344325732324,9.999106239726697,-0.0007619139943724207,7.909362842761704e-05,True
Stat3_Etch_MV_moriInnerCurrent,2024-07-11_02,4,2,9.999658816078362,9.999185333355124,0.0004734827232386607,7.909362842761704e-05,True
Stat3_Etch_MV_moriInnerCurrent,2024-07-11_03,4,3,9.999476495196122,9.999264426983553,0.00021206821256924968,7.909362842761704e-05,True
Stat3_Etch_MV_moriInnerCurrent,2024-07-11_04,4,4,9.999653432330174,9.99934352061198,0.0003099117181939448,7.909362842761704e-05,True
Stat3_Etch_MV_moriInnerCurrent,2024-07-11_05,4,5,9.9993752321874,9.999422614240407,-4.73820530064728e-05,7.909362842761704e-05,True
Stat3_Etch_MV_moriInnerCurrent,2024-07-11_06,4,6,9.99954096795085,9.999501707868834,3.926008201560194e-05,7.909362842761704e-05,True
Stat3_Etch_MV_moriInnerCurrent,2024-07-11_07,4,7,9.999619495484136,9.999580801497263,3.869398687328385e-05,7.909362842761704e-05,True
Stat3_Etch_MV_moriInnerCurrent,2024-07-11_08,4,8,9.99955995204628,9.99965989512569,-9.994307941063596e-05,7.909362842761704e-05,True
Stat3_Etch_MV_moriInnerCurrent,2024-07-11_09,4,9,9.999628079255585,9.999738988754117,-0.000110909498532763,7.909362842761704e-05,True
Stat3_Etch_MV_moriInnerCurrent,2024-07-11_10,4,10,9.99976481428498,9.999818082382545,-5.326809756489581e-05,7.909362842761704e-05,True
Stat3_Etch_MV_moriInnerCurrent,2024-07-19_01,5,1,9.997717488492786,9.998892958827263,-0.001175470334477069,0.00012671159987024365,True
Stat3_Etch_MV_moriInnerCurrent,2024-07-19_02,5,2,9.999035080703528,9.999019670427133,1.5410276395400047e-05,0.00012671159987024365,True
Stat3_Etch_MV_moriInnerCurrent,2024-07-19_03,5,3,9.999779362297504,9.999146382027003,0.0006329802705007381,0.00012671159987024365,True
Stat3_Etch_MV_moriInnerCurrent,2024-07-19_04,5,4,9.999651327568998,9.999273093626874,0.0003782339421238845,0.00012671159987024365,True
Stat3_Etch_MV_moriInnerCurrent,2024-07-19_05,5,5,10.000111877160728,9.999399805226743,0.0007120719339859249,0.00012671159987024365,True
Stat3_Etch_MV_moriInnerCurrent,2024-07-19_06,5,6,9.999560509187168,9.999526516826613,3.3992360554790935e-05,0.00012671159987024365,True
Stat3_Etch_MV_moriInnerCurrent,2024-07-19_07,5,7,9.999863555063891,9.999653228426483,0.00021032663740783164,0.00012671159987024365,True
Stat3_Etch_MV_moriInnerCurrent,2024-07-19_08,5,8,9.99952076924999,9.999779940026354,-0.0002591707763635043,0.00012671159987024365,True
Stat3_Etch_MV_moriInnerCurrent,2024-07-19_09,5,9,9.999853369407605,9.999906651626224,-5.328221861944371e-05,0.00012671159987024365,True
Stat3_Etch_MV_moriInnerCurrent,2024-07-19_10,5,10,9.999538271134613,10.000033363226095,-0.0004950920914819079,0.00012671159987024365,True
Stat3_Etch_MV_moriInnerCurrent,2024-08-01_01,6,1,9.99846623373288,9.999192464034286,-0.0007262303014048399,7.869773404757516e-05,True
Stat3_Etch_MV_moriInnerCurrent,2024-08-01_02,6,2,9.999496853231983,9.999271161768334,0.00022569146364936898,7.869773404757516e-05,True
Stat3_Etch_MV_moriInnerCurrent,2024-08-01_03,6,3,9.999359157323758,9.99934985950238,9.297821376819115e-06,7.869773404757516e-05,True
Stat3_Etch_MV_moriInnerCurrent,2024-08-01_04,6,4,10.000085769150816,9.99942855723643,0.0006572119143868349,7.869773404757516e-05,True
Stat3_Etch_MV_moriInnerCurrent,2024-08-01_05,6,5,9.999521443613476,9.999507254970476,1.4188643000068168e-05,7.869773404757516e-05,True
Stat3_Etch_MV_moriInnerCurrent,2024-08-01_06,6,6,9.999907603544347,9.999585952704525,0.000321650839822496,7.869773404757516e-05,True
Stat3_Etch_MV_moriInnerCurrent,2024-08-01_07,6,7,9.999492568649163,9.999664650438572,-0.00017208178940819607,7.869773404757516e-05,True
Stat3_Etch_MV_moriInnerCurrent,2024-08-01_08,6,8,9.999782743361514,9.99974334817262,3.93951888941757e-05,7.869773404757516e-05,True
Stat3_Etch_MV_moriInnerCurrent,2024-08-01_09,6,9,9.999624139090445,9.999822045906667,-0.00019790681622211537,7.869773404757516e-05,True
Stat3_Etch_MV_moriInnerCurrent,2024-08-01_10,6,10,9.99972952667665,9.999900743640714,-0.00017121696406441345,7.869773404757516e-05,True
Stat3_Etch_MV_moriInnerCurrent,2024-08-05_01,7,1,9.99793129860358,9.998404465130896,-0.0004731665273158825,0.00035606767470136244,True
Stat3_Etch_MV_moriInnerCurrent,2024-08-05_02,7,2,9.999293150052065,9.998760532805598,0.0005326172464670265,0.00035606767470136244,True
Stat3_Etch_MV_moriInnerCurrent,2024-08-05_03,7,3,9.999197179271327,9.9991166004803,8.057879102807419e-05,0.00035606767470136244,True
Stat3_Etch_MV_moriInnerCurrent,2024-08-05_04,7,4,9.999600226167292,9.999472668155,0.00012755801229147323,0.00035606767470136244,True
Stat3_Etch_MV_moriInnerCurrent,2024-08-05_05,7,5,9.99956724708274,9.999828735829702,-0.0002614887469611915,0.00035606767470136244,True
Stat3_Etch_MV_moriInnerCurrent,2024-08-05_06,7,6,10.000178704728892,10.000184803504403,-6.098775511276244e-06,0.00035606767470136244,True
Stat3_Etch_MV_moriInnerCurrent,2024-08-07_01,8,1,9.998397199376935,9.999489573642888,-0.001092374265953211,-6.734886861594488e-05,True
Stat3_Etch_MV_moriInnerCurrent,2024-08-07_02,8,2,9.99966860410546,9.999422224774271,0.000246379331189317,-6.734886861594488e-05,True
Stat3_Etch_MV_moriInnerCurrent,2024-08-07_03,8,3,9.999590748057646,9.999354875905656,0.00023587215198972444,-6.734886861594488e-05,True
Stat3_Etch_MV_moriInnerCurrent,2024-08-07_04,8,4,9.999790165504857,9.99928752703704,0.0005026384678163964,-6.734886861594488e-05,True
Stat3_Etch_MV_moriInnerCurrent,2024-08-07_05,8,5,9.999460825510385,9.999220178168423,0.00024064734196116433,-6.734886861594488e-05,True
Stat3_Etch_MV_moriInnerCurrent,2024-08-07_06,8,6,9.999556788313749,9.999152829299808,0.0004039590139406357,-6.734886861594488e-05,True
Stat3_Etch_MV_moriInnerCurrent,2024-08-07_07,8,7,9.999676991369922,9.999085480431193,0.0005915109387295558,-6.734886861594488e-05,True
Stat3_Etch_MV_moriInnerCurrent,2024-08-07_08,8,8,9.998623611997504,9.999018131562575,-0.00039451956507186026,-6.734886861594488e-05,True
Stat3_Etch_MV_moriInnerCurrent,2024-08-07_09,8,9,9.998339614115682,9.99895078269396,-0.0006111685782776988,-6.734886861594488e-05,True
Stat3_Etch_MV_moriInnerCurrent,2024-08-07_10,8,10,9.998760488989042,9.998883433825345,-0.00012294483630270747,-6.734886861594488e-05,True
Stat3_Etch_MV_moriInnerCurrent,2024-08-21_01,9,1,9.998274849091086,9.99893142467129,-0.0006565755802050433,0.00014236458261464847,True
Stat3_Etch_MV_moriInnerCurrent,2024-08-21_02,9,2,9.998922211190928,9.999073789253906,-0.0001515780629777197,0.00014236458261464847,True
Stat3_Etch_MV_moriInnerCurrent,2024-08-21_03,9,3,9.999700566989768,9.99921615383652,0.00048441315324865286,0.00014236458261464847,True
Stat3_Etch_MV_moriInnerCurrent,2024-08-21_04,9,4,9.999515383269866,9.999358518419134,0.00015686485073196366,0.00014236458261464847,True
Stat3_Etch_MV_moriInnerCurrent,2024-08-21_05,9,5,9.999935610244124,9.99950088300175,0.0004347272423750326,0.00014236458261464847,True
Stat3_Etch_MV_moriInnerCurrent,2024-08-21_06,9,6,9.999621538705725,9.999643247584364,-2.170887863961468e-05,0.00014236458261464847,True
Stat3_Etch_MV_moriInnerCurrent,2024-08-21_07,9,7,10.000083771887052,9.999785612166978,0.00029815972007440905,0.00014236458261464847,True
Stat3_Etch_MV_moriInnerCurrent,2024-08-21_08,9,8,9.999801585364208,9.999927976749593,-0.00012639138538439454,0.00014236458261464847,True
Stat3_Etch_MV_moriInnerCurrent,2024-08-21_09,9,9,10.000131567794172,10.000070341332208,6.122646196438097e-05,0.00014236458261464847,True
Stat3_Etch_MV_moriInnerCurrent,2024-08-21_10,9,10,9.999733568393678,10.000212705914823,-0.0004791375211450344,0.00014236458261464847,True
Stat3_Etch_MV_moriInnerCurrent,2024-08-22_01,10,1,9.998042307118569,9.998932113419878,-0.0008898063013091928,8.026662210757558e-05,True
Stat3_Etch_MV_moriInnerCurrent,2024-08-22_02,10,2,9.999235096798149,9.999012380041984,0.00022271675616458708,8.026662210757558e-05,True
Stat3_Etch_MV_moriInnerCurrent,2024-08-22_03,10,3,9.999280359146388,9.999092646664092,0.00018771248229576543,8.026662210757558e-05,True
Stat3_Etch_MV_moriInnerCurrent,2024-08-22_04,10,4,9.999693838978484,9.9991729132862,0.0005209256922835692,8.026662210757558e-05,True
Stat3_Etch_MV_moriInnerCurrent,2024-08-22_05,10,5,9.999451262209597,9.999253179908308,0.0001980823012885935,8.026662210757558e-05,True
Stat3_Etch_MV_moriInnerCurrent,2024-08-22_06,10,6,9.99965065012696,9.999333446530414,0.0003172035965448572,8.026662210757558e-05,True
Stat3_Etch_MV_moriInnerCurrent,2024-08-22_07,10,7,9.999390060222275,9.999413713152522,-2.3652930247308745e-05,8.026662210757558e-05,True
Stat3_Etch_MV_moriInnerCurrent,2024-08-22_08,10,8,9.99955610720591,9.99949397977463,6.212743127953502e-05,8.026662210757558e-05,True
Stat3_Etch_MV_moriInnerCurrent,2024-08-22_09,10,9,9.999048705564936,9.999574246396739,-0.0005255408318021182,8.026662210757558e-05,True
Stat3_Etch_MV_moriInnerCurrent,2024-08-22_10,10,10,9.999584744822338,9.999654513018845,-6.976819650716948e-05,8.026662210757558e-05,True
