feature,lot_number,previous_experiment_key,previous_wafer_number,experiment_key,wafer_number,moving_range,mr_ucl,is_mr_violation,mr_ratio_to_ucl
Stat3_Etch_MV_ForeLinePressure,1,2024-07-02_01,1,2024-07-02_02,2,0.39038237177828705,0.37092171343112834,True,1.0524656757544395
Stat3_Etch_MV_ForeLinePressure,1,2024-07-02_02,2,2024-07-02_03,3,0.030664798561616635,0.37092171343112834,False,0.0826718885717387
Stat3_Etch_MV_ForeLinePressure,1,2024-07-02_03,3,2024-07-02_04,4,0.21291172872631137,0.37092171343112834,False,0.574007185389119
Stat3_Etch_MV_ForeLinePressure,1,2024-07-02_04,4,2024-07-02_05,5,0.010468969270590378,0.37092171343112834,False,0.02822420174259824
Stat3_Etch_MV_ForeLinePressure,1,2024-07-02_05,5,2024-07-02_06,6,0.29570298527374916,0.37092171343112834,False,0.7972113105442517
Stat3_Etch_MV_ForeLinePressure,1,2024-07-02_06,6,2024-07-02_07,7,0.14465044603281285,0.37092171343112834,False,0.38997567625458285
Stat3_Etch_MV_ForeLinePressure,1,2024-07-02_07,7,2024-07-02_08,8,0.11619228641848167,0.37092171343112834,False,0.31325285689983184
Stat3_Etch_MV_ForeLinePressure,1,2024-07-02_08,8,2024-07-02_09,9,0.47103461974947436,0.37092171343112834,True,1.269903062272289
Stat3_Etch_MV_ForeLinePressure,1,2024-07-02_09,9,2024-07-02_10,10,0.19719824649800444,0.37092171343112834,False,0.5316438465515166
Stat3_Etch_MV_ForeLinePressure,2,2024-07-05_01,1,2024-07-05_02,2,0.31647743038067233,0.37092171343112834,False,0.8532189379078637
Stat3_Etch_MV_ForeLinePressure,2,2024-07-05_02,2,2024-07-05_03,3,0.09831653292630449,0.37092171343112834,False,0.26506006352890316
Stat3_Etch_MV_ForeLinePressure,2,2024-07-05_03,3,2024-07-05_04,4,0.03193623747318952,0.37092171343112834,False,0.08609967094611556
Stat3_Etch_MV_ForeLinePressure,2,2024-07-05_04,4,2024-07-05_05,5,0.05692292635905005,0.37092171343112834,False,0.1534634514450428
Stat3_Etch_MV_ForeLinePressure,2,2024-07-05_05,5,2024-07-05_06,6,0.0965821261639519,0.37092171343112834,False,0.2603841259939747
Stat3_Etch_MV_ForeLinePressure,2,2024-07-05_06,6,2024-07-05_07,7,0.17095251689895008,0.37092171343112834,False,0.46088570905594084
Stat3_Etch_MV_ForeLinePressure,2,2024-07-05_07,7,2024-07-05_08,8,0.1421241695473725,0.37092171343112834,False,0.3831648684912098
Stat3_Etch_MV_ForeLinePressure,2,2024-07-05_08,8,2024-07-05_09,9,0.21882971770330073,0.37092171343112834,False,0.5899620048636823
Stat3_Etch_MV_ForeLinePressure,2,2024-07-05_09,9,2024-07-05_10,10,0.019952778495479606,0.37092171343112834,False,0.05379242512095313
Stat3_Etch_MV_ForeLinePressure,3,2024-07-09_01,1,2024-07-09_02,2,0.2135188574150959,0.37092171343112834,False,0.5756439962492017
Stat3_Etch_MV_ForeLinePressure,3,2024-07-09_02,2,2024-07-09_03,3,0.08132969785188493,0.37092171343112834,False,0.21926378237489186
Stat3_Etch_MV_ForeLinePressure,3,2024-07-09_03,3,2024-07-09_04,4,0.06707231450735662,0.37092171343112834,False,0.18082606673769291
Stat3_Etch_MV_ForeLinePressure,3,2024-07-09_04,4,2024-07-09_05,5,0.028809456589044657,0.37092171343112834,False,0.07766991132050272
Stat3_Etch_MV_ForeLinePressure,3,2024-07-09_05,5,2024-07-09_06,6,0.03152401154471818,0.37092171343112834,False,0.0849883153323982
Stat3_Etch_MV_ForeLinePressure,3,2024-07-09_06,6,2024-07-09_07,7,0.08056359742809605,0.37092171343112834,False,0.21719838583419804
Stat3_Etch_MV_ForeLinePressure,3,2024-07-09_07,7,2024-07-09_08,8,0.009312199163218793,0.37092171343112834,False,0.025105564937351273
Stat3_Etch_MV_ForeLinePressure,3,2024-07-09_08,8,2024-07-09_09,9,0.03649286010684705,0.37092171343112834,False,0.09838426488780613
Stat3_Etch_MV_ForeLinePressure,3,2024-07-09_09,9,2024-07-09_10,10,0.09223114696763446,0.37092171343112834,False,0.24865394402088478
Stat3_Etch_MV_ForeLinePressure,4,2024-07-11_01,1,2024-07-11_02,2,0.26484041351497467,0.37092171343112834,False,0.7140062280666388
Stat3_Etch_MV_ForeLinePressure,4,2024-07-11_02,2,2024-07-11_03,3,0.16847209478220293,0.37092171343112834,False,0.4541985240599411
Stat3_Etch_MV_ForeLinePressure,4,2024-07-11_03,3,2024-07-11_04,4,0.02878000380172807,0.37092171343112834,False,0.07759050699810773
Stat3_Etch_MV_ForeLinePressure,4,2024-07-11_04,4,2024-07-11_05,5,0.02410693787894047,0.37092171343112834,False,0.06499198349954936
Stat3_Etch_MV_ForeLinePressure,4,2024-07-11_05,5,2024-07-11_06,6,0.23621717248502705,0.37092171343112834,False,0.6368383514137065
Stat3_Etch_MV_ForeLinePressure,4,2024-07-11_06,6,2024-07-11_07,7,0.06569856825217357,0.37092171343112834,False,0.17712246512732743
Stat3_Etch_MV_ForeLinePressure,4,2024-07-11_07,7,2024-07-11_08,8,0.0005666448863905771,0.37092171343112834,False,0.0015276670679345119
Stat3_Etch_MV_ForeLinePressure,4,2024-07-11_08,8,2024-07-11_09,9,0.012810653708498876,0.37092171343112834,False,0.034537351803960975
Stat3_Etch_MV_ForeLinePressure,4,2024-07-11_09,9,2024-07-11_10,10,0.1933699151428243,0.37092171343112834,False,0.5213227161982489
Stat3_Etch_MV_ForeLinePressure,5,2024-07-19_01,1,2024-07-19_02,2,0.1837600342538792,0.37092171343112834,False,0.4954146052924433
Stat3_Etch_MV_ForeLinePressure,5,2024-07-19_02,2,2024-07-19_03,3,0.05468501748646304,0.37092171343112834,False,0.14743007892585072
Stat3_Etch_MV_ForeLinePressure,5,2024-07-19_03,3,2024-07-19_04,4,0.025748614251256186,0.37092171343112834,False,0.06941792113779048
Stat3_Etch_MV_ForeLinePressure,5,2024-07-19_04,4,2024-07-19_05,5,0.021944518351261877,0.37092171343112834,False,0.05916212924897014
Stat3_Etch_MV_ForeLinePressure,5,2024-07-19_05,5,2024-07-19_06,6,0.020321331447860302,0.37092171343112834,False,0.054786038972704974
Stat3_Etch_MV_ForeLinePressure,5,2024-07-19_06,6,2024-07-19_07,7,0.09742811105613214,0.37092171343112834,False,0.26266488999766335
Stat3_Etch_MV_ForeLinePressure,5,2024-07-19_07,7,2024-07-19_08,8,0.055287544458877846,0.37092171343112834,False,0.14905448361987975
Stat3_Etch_MV_ForeLinePressure,5,2024-07-19_08,8,2024-07-19_09,9,0.14155407820604182,0.37092171343112834,False,0.3816279098266518
Stat3_Etch_MV_ForeLinePressure,5,2024-07-19_09,9,2024-07-19_10,10,0.20182649838051248,0.37092171343112834,False,0.5441215519942513
Stat3_Etch_MV_ForeLinePressure,6,2024-08-01_01,1,2024-08-01_02,2,0.20116705341547458,0.37092171343112834,False,0.5423436971500637
Stat3_Etch_MV_ForeLinePressure,6,2024-08-01_02,2,2024-08-01_03,3,0.0730467029023032,0.37092171343112834,False,0.19693293829202127
Stat3_Etch_MV_ForeLinePressure,6,2024-08-01_03,3,2024-08-01_04,4,0.08273441662697678,0.37092171343112834,False,0.2230508854864833
Stat3_Etch_MV_ForeLinePressure,6,2024-08-01_04,4,2024-08-01_05,5,0.10184586114792182,0.37092171343112834,False,0.2745750854157862
Stat3_Etch_MV_ForeLinePressure,6,2024-08-01_05,5,2024-08-01_06,6,0.17766503183682403,0.37092171343112834,False,0.47898255994067696
Stat3_Etch_MV_ForeLinePressure,6,2024-08-01_06,6,2024-08-01_07,7,0.1444246202869124,0.37092171343112834,False,0.38936685305086277
Stat3_Etch_MV_ForeLinePressure,6,2024-08-01_07,7,2024-08-01_08,8,0.06716253138480965,0.37092171343112834,False,0.18106929023792562
Stat3_Etch_MV_ForeLinePressure,6,2024-08-01_08,8,2024-08-01_09,9,0.004520943516837406,0.37092171343112834,False,0.012188403517867501
Stat3_Etch_MV_ForeLinePressure,6,2024-08-01_09,9,2024-08-01_10,10,0.21219218389060757,0.37092171343112834,False,0.5720673020939412
Stat3_Etch_MV_ForeLinePressure,7,2024-08-05_01,1,2024-08-05_02,2,0.22067436584359257,0.37092171343112834,False,0.5949351516854964
Stat3_Etch_MV_ForeLinePressure,7,2024-08-05_02,2,2024-08-05_03,3,0.04343004189368571,0.37092171343112834,False,0.11708681460555605
Stat3_Etch_MV_ForeLinePressure,7,2024-08-05_03,3,2024-08-05_04,4,0.011319231897971349,0.37092171343112834,False,0.030516498463423254
Stat3_Etch_MV_ForeLinePressure,7,2024-08-05_04,4,2024-08-05_05,5,0.16087902726945913,0.37092171343112834,False,0.43372771515930864
Stat3_Etch_MV_ForeLinePressure,7,2024-08-05_05,5,2024-08-05_06,6,0.05313060665869784,0.37092171343112834,False,0.14323940803363883
Stat3_Etch_MV_ForeLinePressure,8,2024-08-07_01,1,2024-08-07_02,2,0.3749915771315102,0.37092171343112834,True,1.010972298339546
Stat3_Etch_MV_ForeLinePressure,8,2024-08-07_02,2,2024-08-07_03,3,0.0926232837525447,0.37092171343112834,False,0.24971113957108018
Stat3_Etch_MV_ForeLinePressure,8,2024-08-07_03,3,2024-08-07_04,4,0.017609611182137996,0.37092171343112834,False,0.047475277247169566
Stat3_Etch_MV_ForeLinePressure,8,2024-08-07_04,4,2024-08-07_05,5,0.1086355368072418,0.37092171343112834,False,0.2928799605780235
Stat3_Etch_MV_ForeLinePressure,8,2024-08-07_05,5,2024-08-07_06,6,0.001409920330758041,0.37092171343112834,False,0.0038011264364005235
Stat3_Etch_MV_ForeLinePressure,8,2024-08-07_06,6,2024-08-07_07,7,0.1550111068986837,0.37092171343112834,False,0.4179078799803552
Stat3_Etch_MV_ForeLinePressure,8,2024-08-07_07,7,2024-08-07_08,8,0.18474854018322162,0.37092171343112834,False,0.49807960411442775
Stat3_Etch_MV_ForeLinePressure,8,2024-08-07_08,8,2024-08-07_09,9,0.01041098817722741,0.37092171343112834,False,0.028067885487001804
Stat3_Etch_MV_ForeLinePressure,8,2024-08-07_09,9,2024-08-07_10,10,0.21199633241531046,0.37092171343112834,False,0.5715392891246128
Stat3_Etch_MV_ForeLinePressure,9,2024-08-21_01,1,2024-08-21_02,2,0.27194180084404707,0.37092171343112834,False,0.7331514737395939
Stat3_Etch_MV_ForeLinePressure,9,2024-08-21_02,2,2024-08-21_03,3,0.15788612836345806,0.37092171343112834,False,0.4256588995639208
Stat3_Etch_MV_ForeLinePressure,9,2024-08-21_03,3,2024-08-21_04,4,0.025493162591629925,0.37092171343112834,False,0.06872922686518168
Stat3_Etch_MV_ForeLinePressure,9,2024-08-21_04,4,2024-08-21_05,5,0.006137637554218145,0.37092171343112834,False,0.01654698911380329
Stat3_Etch_MV_ForeLinePressure,9,2024-08-21_05,5,2024-08-21_06,6,0.06360945606459723,0.37092171343112834,False,0.17149024648946048
Stat3_Etch_MV_ForeLinePressure,9,2024-08-21_06,6,2024-08-21_07,7,0.0243572959059577,0.37092171343112834,False,0.065666945406474
Stat3_Etch_MV_ForeLinePressure,9,2024-08-21_07,7,2024-08-21_08,8,0.07375528140656229,0.37092171343112834,False,0.1988432565036583
Stat3_Etch_MV_ForeLinePressure,9,2024-08-21_08,8,2024-08-21_09,9,0.017456015234728284,0.37092171343112834,False,0.04706118461832638
Stat3_Etch_MV_ForeLinePressure,9,2024-08-21_09,9,2024-08-21_10,10,0.19464252168035046,0.37092171343112834,False,0.5247536464766469
Stat3_Etch_MV_ForeLinePressure,10,2024-08-22_01,1,2024-08-22_02,2,0.20946280698726127,0.37092171343112834,False,0.5647089383084976
Stat3_Etch_MV_ForeLinePressure,10,2024-08-22_02,2,2024-08-22_03,3,0.05115849437271436,0.37092171343112834,False,0.13792261957242716
Stat3_Etch_MV_ForeLinePressure,10,2024-08-22_03,3,2024-08-22_04,4,0.01866652552268988,0.37092171343112834,False,0.05032470423480837
Stat3_Etch_MV_ForeLinePressure,10,2024-08-22_04,4,2024-08-22_05,5,0.12822403022241247,0.37092171343112834,False,0.3456902779734968
Stat3_Etch_MV_ForeLinePressure,10,2024-08-22_05,5,2024-08-22_06,6,0.051674083991656516,0.37092171343112834,False,0.1393126423192025
Stat3_Etch_MV_ForeLinePressure,10,2024-08-22_06,6,2024-08-22_07,7,0.06121344176997923,0.37092171343112834,False,0.16503062385789707
Stat3_Etch_MV_ForeLinePressure,10,2024-08-22_07,7,2024-08-22_08,8,0.004732923128074162,0.37092171343112834,False,0.012759897726917402
Stat3_Etch_MV_ForeLinePressure,10,2024-08-22_08,8,2024-08-22_09,9,0.09075095740311667,0.37092171343112834,False,0.24466337266601418
Stat3_Etch_MV_ForeLinePressure,10,2024-08-22_09,9,2024-08-22_10,10,0.14172024746429202,0.37092171343112834,False,0.38207589993408736
Stat3_Etch_MV_Gas1Flow,1,2024-07-02_01,1,2024-07-02_02,2,0.006189202357743673,0.29927050820564205,False,0.020680963168916055
Stat3_Etch_MV_Gas1Flow,1,2024-07-02_02,2,2024-07-02_03,3,0.028611100912422027,0.29927050820564205,False,0.09560280792106006
Stat3_Etch_MV_Gas1Flow,1,2024-07-02_03,3,2024-07-02_04,4,0.04351388645573212,0.29927050820564205,False,0.14539984817291718
Stat3_Etch_MV_Gas1Flow,1,2024-07-02_04,4,2024-07-02_05,5,0.03164837187692737,0.29927050820564205,False,0.1057517229702446
Stat3_Etch_MV_Gas1Flow,1,2024-07-02_05,5,2024-07-02_06,6,0.03091615235729933,0.29927050820564205,False,0.10330504179200801
Stat3_Etch_MV_Gas1Flow,1,2024-07-02_06,6,2024-07-02_07,7,0.0007522458850745539,0.29927050820564205,False,0.002513598448389884
Stat3_Etch_MV_Gas1Flow,1,2024-07-02_07,7,2024-07-02_08,8,0.016282088439990322,0.29927050820564205,False,0.05440592371635289
Stat3_Etch_MV_Gas1Flow,1,2024-07-02_08,8,2024-07-02_09,9,0.04267810300367106,0.29927050820564205,False,0.14260711240662927
Stat3_Etch_MV_Gas1Flow,1,2024-07-02_09,9,2024-07-02_10,10,0.06049482980391488,0.29927050820564205,False,0.20214096660118008
Stat3_Etch_MV_Gas1Flow,2,2024-07-05_01,1,2024-07-05_02,2,0.0035557077074681864,0.29927050820564205,False,0.011881249939352198
Stat3_Etch_MV_Gas1Flow,2,2024-07-05_02,2,2024-07-05_03,3,0.011247404781189019,0.29927050820564205,False,0.037582736931299716
Stat3_Etch_MV_Gas1Flow,2,2024-07-05_03,3,2024-07-05_04,4,0.05086613331954229,0.29927050820564205,False,0.16996707635685207
Stat3_Etch_MV_Gas1Flow,2,2024-07-05_04,4,2024-07-05_05,5,0.03016002359096459,0.29927050820564205,False,0.10077846885681198
Stat3_Etch_MV_Gas1Flow,2,2024-07-05_05,5,2024-07-05_06,6,0.027496151083923837,0.29927050820564205,False,0.0918772492778674
Stat3_Etch_MV_Gas1Flow,2,2024-07-05_06,6,2024-07-05_07,7,0.016463050909198196,0.29927050820564205,False,0.05501060230728015
Stat3_Etch_MV_Gas1Flow,2,2024-07-05_07,7,2024-07-05_08,8,0.021996958843329473,0.29927050820564205,False,0.07350192631816024
Stat3_Etch_MV_Gas1Flow,2,2024-07-05_08,8,2024-07-05_09,9,0.03243948245954764,0.29927050820564205,False,0.10839518619474871
Stat3_Etch_MV_Gas1Flow,2,2024-07-05_09,9,2024-07-05_10,10,0.06598383161280219,0.29927050820564205,False,0.22048223865567726
Stat3_Etch_MV_Gas1Flow,3,2024-07-09_01,1,2024-07-09_02,2,0.1870467352588593,0.29927050820564205,False,0.6250089137761987
Stat3_Etch_MV_Gas1Flow,3,2024-07-09_02,2,2024-07-09_03,3,0.008746008648342574,0.29927050820564205,False,0.029224425422944792
Stat3_Etch_MV_Gas1Flow,3,2024-07-09_03,3,2024-07-09_04,4,0.02687437561347117,0.29927050820564205,False,0.08979961231263253
Stat3_Etch_MV_Gas1Flow,3,2024-07-09_04,4,2024-07-09_05,5,0.34771746920551433,0.29927050820564205,True,1.1618835123124869
Stat3_Etch_MV_Gas1Flow,3,2024-07-09_05,5,2024-07-09_06,6,0.31650967327064844,0.29927050820564205,True,1.0576039555931138
Stat3_Etch_MV_Gas1Flow,3,2024-07-09_06,6,2024-07-09_07,7,0.04207624964765222,0.29927050820564205,False,0.14059604436110945
Stat3_Etch_MV_Gas1Flow,3,2024-07-09_07,7,2024-07-09_08,8,0.013494675900131814,0.29927050820564205,False,0.04509190023782438
Stat3_Etch_MV_Gas1Flow,3,2024-07-09_08,8,2024-07-09_09,9,0.0628757132495652,0.29927050820564205,False,0.2100965899598784
Stat3_Etch_MV_Gas1Flow,3,2024-07-09_09,9,2024-07-09_10,10,0.02967506083945154,0.29927050820564205,False,0.09915798592175507
Stat3_Etch_MV_Gas1Flow,4,2024-07-11_01,1,2024-07-11_02,2,0.011505733658334183,0.29927050820564205,False,0.03844593216792375
Stat3_Etch_MV_Gas1Flow,4,2024-07-11_02,2,2024-07-11_03,3,0.2707578869107405,0.29927050820564205,False,0.9047262576394287
Stat3_Etch_MV_Gas1Flow,4,2024-07-11_03,3,2024-07-11_04,4,0.27139402858183254,0.29927050820564205,False,0.9068518986686976
Stat3_Etch_MV_Gas1Flow,4,2024-07-11_04,4,2024-07-11_05,5,0.2950718534719299,0.29927050820564205,False,0.9859703692191845
Stat3_Etch_MV_Gas1Flow,4,2024-07-11_05,5,2024-07-11_06,6,0.3107330704002847,0.29927050820564205,True,1.0383016765112258
Stat3_Etch_MV_Gas1Flow,4,2024-07-11_06,6,2024-07-11_07,7,0.02549915665887148,0.29927050820564205,False,0.08520437517134123
Stat3_Etch_MV_Gas1Flow,4,2024-07-11_07,7,2024-07-11_08,8,0.06771494025843561,0.29927050820564205,False,0.22626666644982493
Stat3_Etch_MV_Gas1Flow,4,2024-07-11_08,8,2024-07-11_09,9,0.06766436712894863,0.29927050820564205,False,0.22609767843363116
Stat3_Etch_MV_Gas1Flow,4,2024-07-11_09,9,2024-07-11_10,10,0.24697721909459736,0.29927050820564205,False,0.8252641417138515
Stat3_Etch_MV_Gas1Flow,5,2024-07-19_01,1,2024-07-19_02,2,0.3362152532374342,0.29927050820564205,True,1.1234493343607574
Stat3_Etch_MV_Gas1Flow,5,2024-07-19_02,2,2024-07-19_03,3,0.03196587583393151,0.29927050820564205,False,0.10681264928372541
Stat3_Etch_MV_Gas1Flow,5,2024-07-19_03,3,2024-07-19_04,4,0.023057600146183493,0.29927050820564205,False,0.07704601527371215
Stat3_Etch_MV_Gas1Flow,5,2024-07-19_04,4,2024-07-19_05,5,0.04967984671247691,0.29927050820564205,False,0.16600314882460682
Stat3_Etch_MV_Gas1Flow,5,2024-07-19_05,5,2024-07-19_06,6,0.04236860044744045,0.29927050820564205,False,0.14157292244221775
Stat3_Etch_MV_Gas1Flow,5,2024-07-19_06,6,2024-07-19_07,7,0.12538814398425346,0.29927050820564205,False,0.4189792864524215
Stat3_Etch_MV_Gas1Flow,5,2024-07-19_07,7,2024-07-19_08,8,0.01636440649072335,0.29927050820564205,False,0.05468098607123238
Stat3_Etch_MV_Gas1Flow,5,2024-07-19_08,8,2024-07-19_09,9,0.35368947094681547,0.29927050820564205,True,1.1818387086233693
Stat3_Etch_MV_Gas1Flow,5,2024-07-19_09,9,2024-07-19_10,10,0.41797503621411225,0.29927050820564205,True,1.3966462606696382
Stat3_Etch_MV_Gas1Flow,6,2024-08-01_01,1,2024-08-01_02,2,0.08163873910577424,0.29927050820564205,False,0.2727924632308795
Stat3_Etch_MV_Gas1Flow,6,2024-08-01_02,2,2024-08-01_03,3,0.042884217814949555,0.29927050820564205,False,0.14329583650615485
Stat3_Etch_MV_Gas1Flow,6,2024-08-01_03,3,2024-08-01_04,4,0.0010256976910252291,0.29927050820564205,False,0.0034273263248526535
Stat3_Etch_MV_Gas1Flow,6,2024-08-01_04,4,2024-08-01_05,5,0.010575773062311167,0.29927050820564205,False,0.03533850737822814
Stat3_Etch_MV_Gas1Flow,6,2024-08-01_05,5,2024-08-01_06,6,0.03955517908642431,0.29927050820564205,False,0.13217199156571816
Stat3_Etch_MV_Gas1Flow,6,2024-08-01_06,6,2024-08-01_07,7,0.08007671490738127,0.29927050820564205,False,0.26757302410953576
Stat3_Etch_MV_Gas1Flow,6,2024-08-01_07,7,2024-08-01_08,8,0.03839061469580357,0.29927050820564205,False,0.12828064791945246
Stat3_Etch_MV_Gas1Flow,6,2024-08-01_08,8,2024-08-01_09,9,0.04138286769020294,0.29927050820564205,False,0.13827913728728303
Stat3_Etch_MV_Gas1Flow,6,2024-08-01_09,9,2024-08-01_10,10,0.06724521333075006,0.29927050820564205,False,0.22469709338864388
Stat3_Etch_MV_Gas1Flow,7,2024-08-05_01,1,2024-08-05_02,2,0.009778704520259862,0.29927050820564205,False,0.03267513587921093
Stat3_Etch_MV_Gas1Flow,7,2024-08-05_02,2,2024-08-05_03,3,0.008039345807815956,0.29927050820564205,False,0.02686314082873734
Stat3_Etch_MV_Gas1Flow,7,2024-08-05_03,3,2024-08-05_04,4,0.010225987585515739,0.29927050820564205,False,0.03416971370426186
Stat3_Etch_MV_Gas1Flow,7,2024-08-05_04,4,2024-08-05_05,5,0.004914703329625791,0.29927050820564205,False,0.016422277487659027
Stat3_Etch_MV_Gas1Flow,7,2024-08-05_05,5,2024-08-05_06,6,0.007459003554281363,0.29927050820564205,False,0.024923951240647977
Stat3_Etch_MV_Gas1Flow,8,2024-08-07_01,1,2024-08-07_02,2,0.04464789115074458,0.29927050820564205,False,0.14918907786284452
Stat3_Etch_MV_Gas1Flow,8,2024-08-07_02,2,2024-08-07_03,3,0.006579369934255341,0.29927050820564205,False,0.021984691955461124
Stat3_Etch_MV_Gas1Flow,8,2024-08-07_03,3,2024-08-07_04,4,0.011924892138761078,0.29927050820564205,False,0.039846532858382945
Stat3_Etch_MV_Gas1Flow,8,2024-08-07_04,4,2024-08-07_05,5,0.049386701636598695,0.29927050820564205,False,0.16502361670286236
Stat3_Etch_MV_Gas1Flow,8,2024-08-07_05,5,2024-08-07_06,6,0.013987072404937517,0.29927050820564205,False,0.04673722275141919
Stat3_Etch_MV_Gas1Flow,8,2024-08-07_06,6,2024-08-07_07,7,0.03801267805468095,0.29927050820564205,False,0.1270177882966027
Stat3_Etch_MV_Gas1Flow,8,2024-08-07_07,7,2024-08-07_08,8,0.46883115045781637,0.29927050820564205,True,1.5665798586998143
Stat3_Etch_MV_Gas1Flow,8,2024-08-07_08,8,2024-08-07_09,9,0.2975644382555783,0.29927050820564205,False,0.9942992379693778
Stat3_Etch_MV_Gas1Flow,8,2024-08-07_09,9,2024-08-07_10,10,0.2322419320542381,0.29927050820564205,False,0.7760267907676835
Stat3_Etch_MV_Gas1Flow,9,2024-08-21_01,1,2024-08-21_02,2,0.015642349435466885,0.29927050820564205,False,0.05226826234651338
Stat3_Etch_MV_Gas1Flow,9,2024-08-21_02,2,2024-08-21_03,3,0.00717778516525186,0.29927050820564205,False,0.023984271648710823
Stat3_Etch_MV_Gas1Flow,9,2024-08-21_03,3,2024-08-21_04,4,0.022498740012161234,0.29927050820564205,False,0.07517860729765377
Stat3_Etch_MV_Gas1Flow,9,2024-08-21_04,4,2024-08-21_05,5,0.02861040799407233,0.29927050820564205,False,0.09560049256311233
Stat3_Etch_MV_Gas1Flow,9,2024-08-21_05,5,2024-08-21_06,6,0.00838757481509439,0.29927050820564205,False,0.02802673362431996
Stat3_Etch_MV_Gas1Flow,9,2024-08-21_06,6,2024-08-21_07,7,0.01931802866232163,0.29927050820564205,False,0.06455039214571505
Stat3_Etch_MV_Gas1Flow,9,2024-08-21_07,7,2024-08-21_08,8,0.005542050282401401,0.29927050820564205,False,0.018518531330167728
Stat3_Etch_MV_Gas1Flow,9,2024-08-21_08,8,2024-08-21_09,9,0.28644759444203666,0.29927050820564205,False,0.9571527651004148
Stat3_Etch_MV_Gas1Flow,9,2024-08-21_09,9,2024-08-21_10,10,0.3214484176546654,0.29927050820564205,True,1.0741065652676471
Stat3_Etch_MV_Gas1Flow,10,2024-08-22_01,1,2024-08-22_02,2,0.2662874354924791,0.29927050820564205,False,0.8897884295017174
Stat3_Etch_MV_Gas1Flow,10,2024-08-22_02,2,2024-08-22_03,3,0.021258354318097916,0.29927050820564205,False,0.071033909908324
Stat3_Etch_MV_Gas1Flow,10,2024-08-22_03,3,2024-08-22_04,4,0.010517859521818579,0.29927050820564205,False,0.03514499168288006
Stat3_Etch_MV_Gas1Flow,10,2024-08-22_04,4,2024-08-22_05,5,0.0753715073254064,0.29927050820564205,False,0.2518507679801689
Stat3_Etch_MV_Gas1Flow,10,2024-08-22_05,5,2024-08-22_06,6,0.009360251101799444,0.29927050820564205,False,0.031276891124091655
Stat3_Etch_MV_Gas1Flow,10,2024-08-22_06,6,2024-08-22_07,7,0.0395510484188874,0.29927050820564205,False,0.13215818911133775
Stat3_Etch_MV_Gas1Flow,10,2024-08-22_07,7,2024-08-22_08,8,0.2499563211617905,0.29927050820564205,False,0.8352186878034584
Stat3_Etch_MV_Gas1Flow,10,2024-08-22_08,8,2024-08-22_09,9,0.2869688478098116,0.29927050820564205,False,0.9588945116256579
Stat3_Etch_MV_Gas1Flow,10,2024-08-22_09,9,2024-08-22_10,10,0.0769036840409544,0.29927050820564205,False,0.25697047297460557
Stat3_Etch_MV_Gas2Flow,1,2024-07-02_01,1,2024-07-02_02,2,0.2014444013189851,0.2177896891681657,False,0.9249492117298554
Stat3_Etch_MV_Gas2Flow,1,2024-07-02_02,2,2024-07-02_03,3,0.006816320893696215,0.2177896891681657,False,0.031297720841288366
Stat3_Etch_MV_Gas2Flow,1,2024-07-02_03,3,2024-07-02_04,4,0.01683752374521763,0.2177896891681657,False,0.07731093152080576
Stat3_Etch_MV_Gas2Flow,1,2024-07-02_04,4,2024-07-02_05,5,0.07270583231180838,0.2177896891681657,False,0.33383505247426465
Stat3_Etch_MV_Gas2Flow,1,2024-07-02_05,5,2024-07-02_06,6,0.18325345286683792,0.2177896891681657,False,0.8414239148178373
Stat3_Etch_MV_Gas2Flow,1,2024-07-02_06,6,2024-07-02_07,7,0.1512374136086203,0.2177896891681657,False,0.6944195300808881
Stat3_Etch_MV_Gas2Flow,1,2024-07-02_07,7,2024-07-02_08,8,0.05278438652283235,0.2177896891681657,False,0.2423640289144957
Stat3_Etch_MV_Gas2Flow,1,2024-07-02_08,8,2024-07-02_09,9,0.019761289734663734,0.2177896891681657,False,0.09073565332748654
Stat3_Etch_MV_Gas2Flow,1,2024-07-02_09,9,2024-07-02_10,10,0.02613806474689273,0.2177896891681657,False,0.12001516163012793
Stat3_Etch_MV_Gas2Flow,2,2024-07-05_01,1,2024-07-05_02,2,0.013353050002597122,0.2177896891681657,False,0.06131167207041928
Stat3_Etch_MV_Gas2Flow,2,2024-07-05_02,2,2024-07-05_03,3,0.05578857132743398,0.2177896891681657,False,0.2561580005945873
Stat3_Etch_MV_Gas2Flow,2,2024-07-05_03,3,2024-07-05_04,4,0.035155754063415756,0.2177896891681657,False,0.16142065401576627
Stat3_Etch_MV_Gas2Flow,2,2024-07-05_04,4,2024-07-05_05,5,0.008925575569246114,0.2177896891681657,False,0.0409825442303389
Stat3_Etch_MV_Gas2Flow,2,2024-07-05_05,5,2024-07-05_06,6,0.025478557568816118,0.2177896891681657,False,0.11698697797003108
Stat3_Etch_MV_Gas2Flow,2,2024-07-05_06,6,2024-07-05_07,7,0.08759066067487753,0.2177896891681657,False,0.40218001600270725
Stat3_Etch_MV_Gas2Flow,2,2024-07-05_07,7,2024-07-05_08,8,0.01038519128379134,0.2177896891681657,False,0.04768449472267001
Stat3_Etch_MV_Gas2Flow,2,2024-07-05_08,8,2024-07-05_09,9,0.18999912898941806,0.2177896891681657,False,0.8723972641455526
Stat3_Etch_MV_Gas2Flow,2,2024-07-05_09,9,2024-07-05_10,10,0.019157341826922636,0.2177896891681657,False,0.08796257481285236
Stat3_Etch_MV_Gas2Flow,3,2024-07-09_01,1,2024-07-09_02,2,0.07640945851404979,0.2177896891681657,False,0.35084056920183415
Stat3_Etch_MV_Gas2Flow,3,2024-07-09_02,2,2024-07-09_03,3,0.1613273188740978,0.2177896891681657,False,0.7407481937748179
Stat3_Etch_MV_Gas2Flow,3,2024-07-09_03,3,2024-07-09_04,4,0.056345591543764506,0.2177896891681657,False,0.2587156065972316
Stat3_Etch_MV_Gas2Flow,3,2024-07-09_04,4,2024-07-09_05,5,0.08902288056818808,0.2177896891681657,False,0.4087561762368342
Stat3_Etch_MV_Gas2Flow,3,2024-07-09_05,5,2024-07-09_06,6,0.1096734069410159,0.2177896891681657,False,0.5035748357046044
Stat3_Etch_MV_Gas2Flow,3,2024-07-09_06,6,2024-07-09_07,7,0.13345073194659562,0.2177896891681657,False,0.6127504587398167
Stat3_Etch_MV_Gas2Flow,3,2024-07-09_07,7,2024-07-09_08,8,0.009551369460441439,0.2177896891681657,False,0.043855930447957873
Stat3_Etch_MV_Gas2Flow,3,2024-07-09_08,8,2024-07-09_09,9,0.043176300975785065,0.2177896891681657,False,0.19824768170014972
Stat3_Etch_MV_Gas2Flow,3,2024-07-09_09,9,2024-07-09_10,10,0.10122228893236374,0.2177896891681657,False,0.46477080397596426
Stat3_Etch_MV_Gas2Flow,4,2024-07-11_01,1,2024-07-11_02,2,0.03046458894716597,0.2177896891681657,False,0.13988076783397593
Stat3_Etch_MV_Gas2Flow,4,2024-07-11_02,2,2024-07-11_03,3,0.0017601575485097776,0.2177896891681657,False,0.008081914048514376
Stat3_Etch_MV_Gas2Flow,4,2024-07-11_03,3,2024-07-11_04,4,0.02048945028716531,0.2177896891681657,False,0.09407906483279123
Stat3_Etch_MV_Gas2Flow,4,2024-07-11_04,4,2024-07-11_05,5,0.017973191718785753,0.2177896891681657,False,0.0825254482314257
Stat3_Etch_MV_Gas2Flow,4,2024-07-11_05,5,2024-07-11_06,6,0.07124325538484033,0.2177896891681657,False,0.32711950532162265
Stat3_Etch_MV_Gas2Flow,4,2024-07-11_06,6,2024-07-11_07,7,0.17038505362818945,0.2177896891681657,False,0.7823375582148294
Stat3_Etch_MV_Gas2Flow,4,2024-07-11_07,7,2024-07-11_08,8,0.16639735503942887,0.2177896891681657,False,0.7640276988087604
Stat3_Etch_MV_Gas2Flow,4,2024-07-11_08,8,2024-07-11_09,9,0.016697465703137127,0.2177896891681657,False,0.07666784303201896
Stat3_Etch_MV_Gas2Flow,4,2024-07-11_09,9,2024-07-11_10,10,0.020958748323038456,0.2177896891681657,False,0.09623388693509369
Stat3_Etch_MV_Gas2Flow,5,2024-07-19_01,1,2024-07-19_02,2,0.07889736830038174,0.2177896891681657,False,0.36226401994385216
Stat3_Etch_MV_Gas2Flow,5,2024-07-19_02,2,2024-07-19_03,3,0.02024059390340671,0.2177896891681657,False,0.09293641944535763
Stat3_Etch_MV_Gas2Flow,5,2024-07-19_03,3,2024-07-19_04,4,0.01601855248295081,0.2177896891681657,False,0.07355055486847281
Stat3_Etch_MV_Gas2Flow,5,2024-07-19_04,4,2024-07-19_05,5,0.017751935003542663,0.2177896891681657,False,0.08150952908443501
Stat3_Etch_MV_Gas2Flow,5,2024-07-19_05,5,2024-07-19_06,6,0.04372223404876774,0.2177896891681657,False,0.20075438013508407
Stat3_Etch_MV_Gas2Flow,5,2024-07-19_06,6,2024-07-19_07,7,0.014275126892217216,0.2177896891681657,False,0.06554546703629627
Stat3_Etch_MV_Gas2Flow,5,2024-07-19_07,7,2024-07-19_08,8,0.04844764238511701,0.2177896891681657,False,0.22245149699308442
Stat3_Etch_MV_Gas2Flow,5,2024-07-19_08,8,2024-07-19_09,9,0.11975164004258865,0.2177896891681657,False,0.5498499056588613
Stat3_Etch_MV_Gas2Flow,5,2024-07-19_09,9,2024-07-19_10,10,0.029504819011942907,0.2177896891681657,False,0.1354739020227943
Stat3_Etch_MV_Gas2Flow,6,2024-08-01_01,1,2024-08-01_02,2,0.07872432040834632,0.2177896891681657,False,0.361469455735159
Stat3_Etch_MV_Gas2Flow,6,2024-08-01_02,2,2024-08-01_03,3,0.003261635393051243,0.2177896891681657,False,0.014976078094003708
Stat3_Etch_MV_Gas2Flow,6,2024-08-01_03,3,2024-08-01_04,4,0.04660925302852448,0.2177896891681657,False,0.21401037490133554
Stat3_Etch_MV_Gas2Flow,6,2024-08-01_04,4,2024-08-01_05,5,0.0766928525049071,0.2177896891681657,False,0.3521417969685834
Stat3_Etch_MV_Gas2Flow,6,2024-08-01_05,5,2024-08-01_06,6,0.05846213302673409,0.2177896891681657,False,0.26843388798627976
Stat3_Etch_MV_Gas2Flow,6,2024-08-01_06,6,2024-08-01_07,7,0.025488999131077605,0.2177896891681657,False,0.11703492129692304
Stat3_Etch_MV_Gas2Flow,6,2024-08-01_07,7,2024-08-01_08,8,0.020530686440241475,0.2177896891681657,False,0.09426840415933907
Stat3_Etch_MV_Gas2Flow,6,2024-08-01_08,8,2024-08-01_09,9,0.044742796863644685,0.2177896891681657,False,0.20544038165689588
Stat3_Etch_MV_Gas2Flow,6,2024-08-01_09,9,2024-08-01_10,10,0.11746982372745762,0.2177896891681657,False,0.5393727507308834
Stat3_Etch_MV_Gas2Flow,7,2024-08-05_01,1,2024-08-05_02,2,0.04768720453115449,0.2177896891681657,False,0.2189598814952757
Stat3_Etch_MV_Gas2Flow,7,2024-08-05_02,2,2024-08-05_03,3,0.01888065899693636,0.2177896891681657,False,0.08669216191569892
Stat3_Etch_MV_Gas2Flow,7,2024-08-05_03,3,2024-08-05_04,4,0.017195609415193935,0.2177896891681657,False,0.07895511252562738
Stat3_Etch_MV_Gas2Flow,7,2024-08-05_04,4,2024-08-05_05,5,0.010066161774821225,0.2177896891681657,False,0.04621964342420575
Stat3_Etch_MV_Gas2Flow,7,2024-08-05_05,5,2024-08-05_06,6,0.0026319120284217234,0.2177896891681657,False,0.012084649362759776
Stat3_Etch_MV_Gas2Flow,8,2024-08-07_01,1,2024-08-07_02,2,0.2123617869543546,0.2177896891681657,False,0.975077322372135
Stat3_Etch_MV_Gas2Flow,8,2024-08-07_02,2,2024-08-07_03,3,0.004456405873167313,0.2177896891681657,False,0.02046196902244675
Stat3_Etch_MV_Gas2Flow,8,2024-08-07_03,3,2024-08-07_04,4,0.006961164182825996,0.2177896891681657,False,0.031962781201505606
Stat3_Etch_MV_Gas2Flow,8,2024-08-07_04,4,2024-08-07_05,5,0.13357853855462043,0.2177896891681657,False,0.6133372937204484
Stat3_Etch_MV_Gas2Flow,8,2024-08-07_05,5,2024-08-07_06,6,0.09916345716639796,0.2177896891681657,False,0.4553175016923284
Stat3_Etch_MV_Gas2Flow,8,2024-08-07_06,6,2024-08-07_07,7,0.000961190874111395,0.2177896891681657,False,0.004413390173715773
Stat3_Etch_MV_Gas2Flow,8,2024-08-07_07,7,2024-08-07_08,8,0.2909274226018974,0.2177896891681657,True,1.3358181634450959
Stat3_Etch_MV_Gas2Flow,8,2024-08-07_08,8,2024-08-07_09,9,0.03235735776742388,0.2177896891681657,False,0.14857157788787342
Stat3_Etch_MV_Gas2Flow,8,2024-08-07_09,9,2024-08-07_10,10,0.3339463271678813,0.2177896891681657,True,1.533343146056954
Stat3_Etch_MV_Gas2Flow,9,2024-08-21_01,1,2024-08-21_02,2,0.15007616434152915,0.2177896891681657,False,0.6890875546713704
Stat3_Etch_MV_Gas2Flow,9,2024-08-21_02,2,2024-08-21_03,3,0.027181159350152306,0.2177896891681657,False,0.12480461978695626
Stat3_Etch_MV_Gas2Flow,9,2024-08-21_03,3,2024-08-21_04,4,0.0023068276819788736,0.2177896891681657,False,0.01059199675976241
Stat3_Etch_MV_Gas2Flow,9,2024-08-21_04,4,2024-08-21_05,5,0.017555905192910615,0.2177896891681657,False,0.08060944142931795
Stat3_Etch_MV_Gas2Flow,9,2024-08-21_05,5,2024-08-21_06,6,0.09571573947223744,0.2177896891681657,False,0.4394870107846602
Stat3_Etch_MV_Gas2Flow,9,2024-08-21_06,6,2024-08-21_07,7,0.0013792255257492059,0.2177896891681657,False,0.006332832059300295
Stat3_Etch_MV_Gas2Flow,9,2024-08-21_07,7,2024-08-21_08,8,0.04328662462815114,0.2177896891681657,False,0.19875424219338267
Stat3_Etch_MV_Gas2Flow,9,2024-08-21_08,8,2024-08-21_09,9,0.029008632535563628,0.2177896891681657,False,0.1331956193443331
Stat3_Etch_MV_Gas2Flow,9,2024-08-21_09,9,2024-08-21_10,10,0.15767789282081957,0.2177896891681657,False,0.7239915416705931
Stat3_Etch_MV_Gas2Flow,10,2024-08-22_01,1,2024-08-22_02,2,0.1606577732478378,0.2177896891681657,False,0.7376739177206243
Stat3_Etch_MV_Gas2Flow,10,2024-08-22_02,2,2024-08-22_03,3,0.0669076275123821,0.2177896891681657,False,0.3072120988276886
Stat3_Etch_MV_Gas2Flow,10,2024-08-22_03,3,2024-08-22_04,4,0.011577572850037576,0.2177896891681657,False,0.05315941674859541
Stat3_Etch_MV_Gas2Flow,10,2024-08-22_04,4,2024-08-22_05,5,0.024181584383655697,0.2177896891681657,False,0.11103181457311302
Stat3_Etch_MV_Gas2Flow,10,2024-08-22_05,5,2024-08-22_06,6,0.02882048639139434,0.2177896891681657,False,0.13233173021859948
Stat3_Etch_MV_Gas2Flow,10,2024-08-22_06,6,2024-08-22_07,7,0.02058351083444787,0.2177896891681657,False,0.09451095188695718
Stat3_Etch_MV_Gas2Flow,10,2024-08-22_07,7,2024-08-22_08,8,0.15308072307512965,0.2177896891681657,False,0.7028832432784676
Stat3_Etch_MV_Gas2Flow,10,2024-08-22_08,8,2024-08-22_09,9,0.009173274366724549,0.2177896891681657,False,0.042119874461280994
Stat3_Etch_MV_Gas2Flow,10,2024-08-22_09,9,2024-08-22_10,10,0.18876244651195773,0.2177896891681657,False,0.8667189306937544
Stat3_Etch_MV_Gas4Flow,1,2024-07-02_01,1,2024-07-02_02,2,0.38273032973098964,1.0979938863133176,False,0.348572368664151
Stat3_Etch_MV_Gas4Flow,1,2024-07-02_02,2,2024-07-02_03,3,0.42466619733689015,1.0979938863133176,False,0.38676553907123457
Stat3_Etch_MV_Gas4Flow,1,2024-07-02_03,3,2024-07-02_04,4,0.07484464771377475,1.0979938863133176,False,0.06816490387307811
Stat3_Etch_MV_Gas4Flow,1,2024-07-02_04,4,2024-07-02_05,5,0.37631443604308856,1.0979938863133176,False,0.3427290814037424
Stat3_Etch_MV_Gas4Flow,1,2024-07-02_05,5,2024-07-02_06,6,0.47361619164580304,1.0979938863133176,False,0.43134683858399414
Stat3_Etch_MV_Gas4Flow,1,2024-07-02_06,6,2024-07-02_07,7,0.16716818026661429,1.0979938863133176,False,0.15224873503431519
Stat3_Etch_MV_Gas4Flow,1,2024-07-02_07,7,2024-07-02_08,8,0.4075542388361697,1.0979938863133176,False,0.371180790636818
Stat3_Etch_MV_Gas4Flow,1,2024-07-02_08,8,2024-07-02_09,9,0.45596598623419027,1.0979938863133176,False,0.4152718807617097
Stat3_Etch_MV_Gas4Flow,1,2024-07-02_09,9,2024-07-02_10,10,0.07644584980866398,1.0979938863133176,False,0.06962320169681692
Stat3_Etch_MV_Gas4Flow,2,2024-07-05_01,1,2024-07-05_02,2,0.23941115199355067,1.0979938863133176,False,0.21804415760219778
Stat3_Etch_MV_Gas4Flow,2,2024-07-05_02,2,2024-07-05_03,3,0.27084062997263914,1.0979938863133176,False,0.24666861386817732
Stat3_Etch_MV_Gas4Flow,2,2024-07-05_03,3,2024-07-05_04,4,0.4957238924015286,1.0979938863133176,False,0.4514814686864946
Stat3_Etch_MV_Gas4Flow,2,2024-07-05_04,4,2024-07-05_05,5,0.556816701023763,1.0979938863133176,False,0.5071218592057559
Stat3_Etch_MV_Gas4Flow,2,2024-07-05_05,5,2024-07-05_06,6,0.30189747491427,1.0979938863133176,False,0.27495369389344865
Stat3_Etch_MV_Gas4Flow,2,2024-07-05_06,6,2024-07-05_07,7,0.3263470222373286,1.0979938863133176,False,0.29722116516794883
Stat3_Etch_MV_Gas4Flow,2,2024-07-05_07,7,2024-07-05_08,8,0.49711018731404977,1.0979938863133176,False,0.4527440393891201
Stat3_Etch_MV_Gas4Flow,2,2024-07-05_08,8,2024-07-05_09,9,0.37521242068555694,1.0979938863133176,False,0.34172541884125607
Stat3_Etch_MV_Gas4Flow,2,2024-07-05_09,9,2024-07-05_10,10,0.10901391710793007,1.0979938863133176,False,0.09928463033064872
Stat3_Etch_MV_Gas4Flow,3,2024-07-09_01,1,2024-07-09_02,2,0.34958844981514403,1.0979938863133176,False,0.3183883391090097
Stat3_Etch_MV_Gas4Flow,3,2024-07-09_02,2,2024-07-09_03,3,0.49665303465687316,1.0979938863133176,False,0.45232768674556256
Stat3_Etch_MV_Gas4Flow,3,2024-07-09_03,3,2024-07-09_04,4,0.1142878461311625,1.0979938863133176,False,0.10408787112185243
Stat3_Etch_MV_Gas4Flow,3,2024-07-09_04,4,2024-07-09_05,5,0.9251205401678106,1.0979938863133176,False,0.8425552743959662
Stat3_Etch_MV_Gas4Flow,3,2024-07-09_05,5,2024-07-09_06,6,0.8934425356197409,1.0979938863133176,False,0.8137044720891943
Stat3_Etch_MV_Gas4Flow,3,2024-07-09_06,6,2024-07-09_07,7,0.07672119052651283,1.0979938863133176,False,0.06987396877419415
Stat3_Etch_MV_Gas4Flow,3,2024-07-09_07,7,2024-07-09_08,8,0.17575808011967808,1.0979938863133176,False,0.16007200250432424
Stat3_Etch_MV_Gas4Flow,3,2024-07-09_08,8,2024-07-09_09,9,0.047898493562215094,1.0979938863133176,False,0.0436236432272329
Stat3_Etch_MV_Gas4Flow,3,2024-07-09_09,9,2024-07-09_10,10,0.009189871443041397,1.0979938863133176,False,0.00836969272561052
Stat3_Etch_MV_Gas4Flow,4,2024-07-11_01,1,2024-07-11_02,2,0.14381590276350664,1.0979938863133176,False,0.13098060431501174
Stat3_Etch_MV_Gas4Flow,4,2024-07-11_02,2,2024-07-11_03,3,0.758145069814347,1.0979938863133176,False,0.6904820502780166
Stat3_Etch_MV_Gas4Flow,4,2024-07-11_03,3,2024-07-11_04,4,0.9982635216177442,1.0979938863133176,False,0.9091703825142111
Stat3_Etch_MV_Gas4Flow,4,2024-07-11_04,4,2024-07-11_05,5,0.7409916983145592,1.0979938863133176,False,0.6748595848766993
Stat3_Etch_MV_Gas4Flow,4,2024-07-11_05,5,2024-07-11_06,6,0.7484889431614903,1.0979938863133176,False,0.6816877147418884
Stat3_Etch_MV_Gas4Flow,4,2024-07-11_06,6,2024-07-11_07,7,0.3197629115446148,1.0979938863133176,False,0.29122467395357515
Stat3_Etch_MV_Gas4Flow,4,2024-07-11_07,7,2024-07-11_08,8,0.09506308904124694,1.0979938863133176,False,0.08657888739293057
Stat3_Etch_MV_Gas4Flow,4,2024-07-11_08,8,2024-07-11_09,9,0.490921391353524,1.0979938863133176,False,0.4471075818116507
Stat3_Etch_MV_Gas4Flow,4,2024-07-11_09,9,2024-07-11_10,10,0.739044449586487,1.0979938863133176,False,0.67308612443002
Stat3_Etch_MV_Gas4Flow,5,2024-07-19_01,1,2024-07-19_02,2,0.9218369960518515,1.0979938863133176,False,0.8395647804078948
Stat3_Etch_MV_Gas4Flow,5,2024-07-19_02,2,2024-07-19_03,3,0.09052844066258103,1.0979938863133176,False,0.0824489478411798
Stat3_Etch_MV_Gas4Flow,5,2024-07-19_03,3,2024-07-19_04,4,0.36251769467145323,1.0979938863133176,False,0.330163673213757
Stat3_Etch_MV_Gas4Flow,5,2024-07-19_04,4,2024-07-19_05,5,0.23762528341069356,1.0979938863133176,False,0.21641767442672816
Stat3_Etch_MV_Gas4Flow,5,2024-07-19_05,5,2024-07-19_06,6,0.058063328718958473,1.0979938863133176,False,0.05288128599141383
Stat3_Etch_MV_Gas4Flow,5,2024-07-19_06,6,2024-07-19_07,7,0.1551999260453698,1.0979938863133176,False,0.14134862496045156
Stat3_Etch_MV_Gas4Flow,5,2024-07-19_07,7,2024-07-19_08,8,0.05172432748067024,1.0979938863133176,False,0.04710802867431492
Stat3_Etch_MV_Gas4Flow,5,2024-07-19_08,8,2024-07-19_09,9,0.9264452922203503,1.0979938863133176,False,0.8437617948229494
Stat3_Etch_MV_Gas4Flow,5,2024-07-19_09,9,2024-07-19_10,10,0.966434157542551,1.0979938863133176,False,0.8801817292330302
Stat3_Etch_MV_Gas4Flow,6,2024-08-01_01,1,2024-08-01_02,2,0.14989726036424145,1.0979938863133176,False,0.13651921220394445
Stat3_Etch_MV_Gas4Flow,6,2024-08-01_02,2,2024-08-01_03,3,0.17627299381928196,1.0979938863133176,False,0.16054096112606372
Stat3_Etch_MV_Gas4Flow,6,2024-08-01_03,3,2024-08-01_04,4,0.034770450034244504,1.0979938863133176,False,0.031667252857838404
Stat3_Etch_MV_Gas4Flow,6,2024-08-01_04,4,2024-08-01_05,5,0.10117413050606672,1.0979938863133176,False,0.09214452991698736
Stat3_Etch_MV_Gas4Flow,6,2024-08-01_05,5,2024-08-01_06,6,0.4244173407286098,1.0979938863133176,False,0.38653889244652895
Stat3_Etch_MV_Gas4Flow,6,2024-08-01_06,6,2024-08-01_07,7,0.144601033827513,1.0979938863133176,False,0.13169566391032747
Stat3_Etch_MV_Gas4Flow,6,2024-08-01_07,7,2024-08-01_08,8,0.5234335597947961,1.0979938863133176,False,0.4767181004552806
Stat3_Etch_MV_Gas4Flow,6,2024-08-01_08,8,2024-08-01_09,9,0.16538655733401697,1.0979938863133176,False,0.15062611859281624
Stat3_Etch_MV_Gas4Flow,6,2024-08-01_09,9,2024-08-01_10,10,0.3626105476409833,1.0979938863133176,False,0.33024823923064245
Stat3_Etch_MV_Gas4Flow,7,2024-08-05_01,1,2024-08-05_02,2,0.05774348726242806,1.0979938863133176,False,0.052589989782466505
Stat3_Etch_MV_Gas4Flow,7,2024-08-05_02,2,2024-08-05_03,3,0.2614653664966937,1.0979938863133176,False,0.23813007499941888
Stat3_Etch_MV_Gas4Flow,7,2024-08-05_03,3,2024-08-05_04,4,0.20673222693949356,1.0979938863133176,False,0.18828176505939265
Stat3_Etch_MV_Gas4Flow,7,2024-08-05_04,4,2024-08-05_05,5,0.1692133527796642,1.0979938863133176,False,0.15411137975259945
Stat3_Etch_MV_Gas4Flow,7,2024-08-05_05,5,2024-08-05_06,6,0.16677129928143586,1.0979938863133176,False,0.15188727492954993
Stat3_Etch_MV_Gas4Flow,8,2024-08-07_01,1,2024-08-07_02,2,0.01631736371922443,1.0979938863133176,False,0.014861069740572486
Stat3_Etch_MV_Gas4Flow,8,2024-08-07_02,2,2024-08-07_03,3,0.12591572250779848,1.0979938863133176,False,0.11467798143264693
Stat3_Etch_MV_Gas4Flow,8,2024-08-07_03,3,2024-08-07_04,4,0.2507610454624398,1.0979938863133176,False,0.22838109445618898
Stat3_Etch_MV_Gas4Flow,8,2024-08-07_04,4,2024-08-07_05,5,0.26295506753614006,1.0979938863133176,False,0.23948682302690402
Stat3_Etch_MV_Gas4Flow,8,2024-08-07_05,5,2024-08-07_06,6,0.005463539274998652,1.0979938863133176,False,0.0049759286851253064
Stat3_Etch_MV_Gas4Flow,8,2024-08-07_06,6,2024-08-07_07,7,0.18135406532741172,1.0979938863133176,False,0.16516855657214607
Stat3_Etch_MV_Gas4Flow,8,2024-08-07_07,7,2024-08-07_08,8,0.838792806052524,1.0979938863133176,False,0.7639321279546457
Stat3_Etch_MV_Gas4Flow,8,2024-08-07_08,8,2024-08-07_09,9,0.7624364774933952,1.0979938863133176,False,0.6943904579044535
Stat3_Etch_MV_Gas4Flow,8,2024-08-07_09,9,2024-08-07_10,10,0.021738116446073263,1.0979938863133176,False,0.019798030496383102
Stat3_Etch_MV_Gas4Flow,9,2024-08-21_01,1,2024-08-21_02,2,0.024989891044683077,1.0979938863133176,False,0.022759590336691636
Stat3_Etch_MV_Gas4Flow,9,2024-08-21_02,2,2024-08-21_03,3,0.07088567506707477,1.0979938863133176,False,0.06455926207848411
Stat3_Etch_MV_Gas4Flow,9,2024-08-21_03,3,2024-08-21_04,4,0.10037453558011578,1.0979938863133176,False,0.09141629733216332
Stat3_Etch_MV_Gas4Flow,9,2024-08-21_04,4,2024-08-21_05,5,0.06972919208881478,1.0979938863133176,False,0.06350599302783115
Stat3_Etch_MV_Gas4Flow,9,2024-08-21_05,5,2024-08-21_06,6,0.056630446192116324,1.0979938863133176,False,0.051576285531299004
Stat3_Etch_MV_Gas4Flow,9,2024-08-21_06,6,2024-08-21_07,7,0.26768707475186204,1.0979938863133176,False,0.24379650751122334
Stat3_Etch_MV_Gas4Flow,9,2024-08-21_07,7,2024-08-21_08,8,0.09621192629961683,1.0979938863133176,False,0.08762519308979314
Stat3_Etch_MV_Gas4Flow,9,2024-08-21_08,8,2024-08-21_09,9,0.5215937736766136,1.0979938863133176,False,0.4750425117829613
Stat3_Etch_MV_Gas4Flow,9,2024-08-21_09,9,2024-08-21_10,10,0.6480132596106927,1.0979938863133176,False,0.5901792967049173
Stat3_Etch_MV_Gas4Flow,10,2024-08-22_01,1,2024-08-22_02,2,0.4954450228592293,1.0979938863133176,False,0.45122748772560267
Stat3_Etch_MV_Gas4Flow,10,2024-08-22_02,2,2024-08-22_03,3,0.4003353923396986,1.0979938863133176,False,0.3646062125936656
Stat3_Etch_MV_Gas4Flow,10,2024-08-22_03,3,2024-08-22_04,4,0.040178270113685244,1.0979938863133176,False,0.03659243518066383
Stat3_Etch_MV_Gas4Flow,10,2024-08-22_04,4,2024-08-22_05,5,0.5277568361141647,1.0979938863133176,False,0.4806555325059131
Stat3_Etch_MV_Gas4Flow,10,2024-08-22_05,5,2024-08-22_06,6,0.12947227091922286,1.0979938863133176,False,0.11791711459700911
Stat3_Etch_MV_Gas4Flow,10,2024-08-22_06,6,2024-08-22_07,7,0.25654524493944564,1.0979938863133176,False,0.23364906502424665
Stat3_Etch_MV_Gas4Flow,10,2024-08-22_07,7,2024-08-22_08,8,0.7080062668736247,1.0979938863133176,False,0.6448180410647494
Stat3_Etch_MV_Gas4Flow,10,2024-08-22_08,8,2024-08-22_09,9,1.0064221777743683,1.0979938863133176,False,0.9166008939754525
Stat3_Etch_MV_Gas4Flow,10,2024-08-22_09,9,2024-08-22_10,10,0.16770734329456616,1.0979938863133176,False,0.15273977877752054
Stat3_Etch_MV_Gas5Flow,1,2024-07-02_01,1,2024-07-02_02,2,0.9971537114988678,2.158372790470634,False,0.46199327377613864
Stat3_Etch_MV_Gas5Flow,1,2024-07-02_02,2,2024-07-02_03,3,0.8841546412521666,2.158372790470634,False,0.4096394492905817
Stat3_Etch_MV_Gas5Flow,1,2024-07-02_03,3,2024-07-02_04,4,0.11632901404595941,2.158372790470634,False,0.053896627385018984
Stat3_Etch_MV_Gas5Flow,1,2024-07-02_04,4,2024-07-02_05,5,0.9342149958114305,2.158372790470634,False,0.43283301195050955
Stat3_Etch_MV_Gas5Flow,1,2024-07-02_05,5,2024-07-02_06,6,1.1304665046275773,2.158372790470634,False,0.5237586897030326
Stat3_Etch_MV_Gas5Flow,1,2024-07-02_06,6,2024-07-02_07,7,0.19143466218878302,2.158372790470634,False,0.08869397493981596
Stat3_Etch_MV_Gas5Flow,1,2024-07-02_07,7,2024-07-02_08,8,0.988872721542009,2.158372790470634,False,0.4581565918121054
Stat3_Etch_MV_Gas5Flow,1,2024-07-02_08,8,2024-07-02_09,9,1.0487086846226816,2.158372790470634,False,0.48587931114254385
Stat3_Etch_MV_Gas5Flow,1,2024-07-02_09,9,2024-07-02_10,10,0.0013039792394806682,2.158372790470634,False,0.0006041492207638214
Stat3_Etch_MV_Gas5Flow,2,2024-07-05_01,1,2024-07-05_02,2,0.604140044960559,2.158372790470634,False,0.27990532850853167
Stat3_Etch_MV_Gas5Flow,2,2024-07-05_02,2,2024-07-05_03,3,0.33466855666432593,2.158372790470634,False,0.1550559561081899
Stat3_Etch_MV_Gas5Flow,2,2024-07-05_03,3,2024-07-05_04,4,0.8395070347656883,2.158372790470634,False,0.38895367772989464
Stat3_Etch_MV_Gas5Flow,2,2024-07-05_04,4,2024-07-05_05,5,1.0197604057083254,2.158372790470634,False,0.4724672263339487
Stat3_Etch_MV_Gas5Flow,2,2024-07-05_05,5,2024-07-05_06,6,0.4842984615237924,2.158372790470634,False,0.2243812855971887
Stat3_Etch_MV_Gas5Flow,2,2024-07-05_06,6,2024-07-05_07,7,0.32343467560315275,2.158372790470634,False,0.1498511642803965
Stat3_Etch_MV_Gas5Flow,2,2024-07-05_07,7,2024-07-05_08,8,0.5087382153431008,2.158372790470634,False,0.23570451665681455
Stat3_Etch_MV_Gas5Flow,2,2024-07-05_08,8,2024-07-05_09,9,0.6134949267611205,2.158372790470634,False,0.28423955744334034
Stat3_Etch_MV_Gas5Flow,2,2024-07-05_09,9,2024-07-05_10,10,0.17215838791781835,2.158372790470634,False,0.07976304588248592
Stat3_Etch_MV_Gas5Flow,3,2024-07-09_01,1,2024-07-09_02,2,0.5427028932951998,2.158372790470634,False,0.2514407593031523
Stat3_Etch_MV_Gas5Flow,3,2024-07-09_02,2,2024-07-09_03,3,0.7041501818890765,2.158372790470634,False,0.3262412244066218
Stat3_Etch_MV_Gas5Flow,3,2024-07-09_03,3,2024-07-09_04,4,0.09137711031314666,2.158372790470634,False,0.04233611112806044
Stat3_Etch_MV_Gas5Flow,3,2024-07-09_04,4,2024-07-09_05,5,2.0732228972887015,2.158372790470634,False,0.9605490332541834
Stat3_Etch_MV_Gas5Flow,3,2024-07-09_05,5,2024-07-09_06,6,1.79573288876486,2.158372790470634,False,0.831984584263268
Stat3_Etch_MV_Gas5Flow,3,2024-07-09_06,6,2024-07-09_07,7,0.3210885011807818,2.158372790470634,False,0.14876415353196162
Stat3_Etch_MV_Gas5Flow,3,2024-07-09_07,7,2024-07-09_08,8,0.461948646471285,2.158372790470634,False,0.21402634823364175
Stat3_Etch_MV_Gas5Flow,3,2024-07-09_08,8,2024-07-09_09,9,0.1280241832036495,2.158372790470634,False,0.05931513952032994
Stat3_Etch_MV_Gas5Flow,3,2024-07-09_09,9,2024-07-09_10,10,0.06735728971972321,2.158372790470634,False,0.031207440168403874
Stat3_Etch_MV_Gas5Flow,4,2024-07-11_01,1,2024-07-11_02,2,0.33512479258803296,2.158372790470634,False,0.15526733568345202
Stat3_Etch_MV_Gas5Flow,4,2024-07-11_02,2,2024-07-11_03,3,1.5054198058755333,2.158372790470634,False,0.6974790511268797
Stat3_Etch_MV_Gas5Flow,4,2024-07-11_03,3,2024-07-11_04,4,1.963562150091036,2.158372790470634,False,0.909741893875006
Stat3_Etch_MV_Gas5Flow,4,2024-07-11_04,4,2024-07-11_05,5,1.5423616436899579,2.158372790470634,False,0.7145946476436286
Stat3_Etch_MV_Gas5Flow,4,2024-07-11_05,5,2024-07-11_06,6,1.5532791952159073,2.158372790470634,False,0.719652880203894
Stat3_Etch_MV_Gas5Flow,4,2024-07-11_06,6,2024-07-11_07,7,0.8309479314740429,2.158372790470634,False,0.38498814252233715
Stat3_Etch_MV_Gas5Flow,4,2024-07-11_07,7,2024-07-11_08,8,0.34535152104723466,2.158372790470634,False,0.16000550163159288
Stat3_Etch_MV_Gas5Flow,4,2024-07-11_08,8,2024-07-11_09,9,0.5173540161502501,2.158372790470634,False,0.2396963205032996
Stat3_Etch_MV_Gas5Flow,4,2024-07-11_09,9,2024-07-11_10,10,1.2816179334967615,2.158372790470634,False,0.5937889595139422
Stat3_Etch_MV_Gas5Flow,5,2024-07-19_01,1,2024-07-19_02,2,1.665754967913756,2.158372790470634,False,0.7717642546589636
Stat3_Etch_MV_Gas5Flow,5,2024-07-19_02,2,2024-07-19_03,3,0.005860812319440356,2.158372790470634,False,0.002715384638518541
Stat3_Etch_MV_Gas5Flow,5,2024-07-19_03,3,2024-07-19_04,4,1.0017719564484082,2.158372790470634,False,0.4641329620496057
Stat3_Etch_MV_Gas5Flow,5,2024-07-19_04,4,2024-07-19_05,5,0.8846499235057195,2.158372790470634,False,0.40986891949875875
Stat3_Etch_MV_Gas5Flow,5,2024-07-19_05,5,2024-07-19_06,6,0.23876026053943633,2.158372790470634,False,0.11062049224933687
Stat3_Etch_MV_Gas5Flow,5,2024-07-19_06,6,2024-07-19_07,7,0.3318373120031879,2.158372790470634,False,0.1537442065005048
Stat3_Etch_MV_Gas5Flow,5,2024-07-19_07,7,2024-07-19_08,8,0.11288678401632524,2.158372790470634,False,0.052301800928332795
Stat3_Etch_MV_Gas5Flow,5,2024-07-19_08,8,2024-07-19_09,9,1.8555364460969486,2.158372790470634,False,0.8596922896217332
Stat3_Etch_MV_Gas5Flow,5,2024-07-19_09,9,2024-07-19_10,10,1.6426846489163722,2.158372790470634,False,0.7610754991764812
Stat3_Etch_MV_Gas5Flow,6,2024-08-01_01,1,2024-08-01_02,2,0.4634361709632344,2.158372790470634,False,0.21471553617120145
Stat3_Etch_MV_Gas5Flow,6,2024-08-01_02,2,2024-08-01_03,3,0.17953896718586293,2.158372790470634,False,0.08318255677542821
Stat3_Etch_MV_Gas5Flow,6,2024-08-01_03,3,2024-08-01_04,4,0.039802988584369814,2.158372790470634,False,0.01844120198331946
Stat3_Etch_MV_Gas5Flow,6,2024-08-01_04,4,2024-08-01_05,5,0.020575172538940478,2.158372790470634,False,0.009532724203057645
Stat3_Etch_MV_Gas5Flow,6,2024-08-01_05,5,2024-08-01_06,6,0.9847862450503158,2.158372790470634,False,0.4562632782428576
Stat3_Etch_MV_Gas5Flow,6,2024-08-01_06,6,2024-08-01_07,7,0.18391475852644135,2.158372790470634,False,0.08520991338402606
Stat3_Etch_MV_Gas5Flow,6,2024-08-01_07,7,2024-08-01_08,8,1.0332353354002635,2.158372790470634,False,0.47871032287011284
Stat3_Etch_MV_Gas5Flow,6,2024-08-01_08,8,2024-08-01_09,9,0.4669378761117855,2.158372790470634,False,0.21633791816378928
Stat3_Etch_MV_Gas5Flow,6,2024-08-01_09,9,2024-08-01_10,10,0.7148287100473567,2.158372790470634,False,0.33118871457394905
Stat3_Etch_MV_Gas5Flow,7,2024-08-05_01,1,2024-08-05_02,2,0.4568249853200541,2.158372790470634,False,0.2116524945722853
Stat3_Etch_MV_Gas5Flow,7,2024-08-05_02,2,2024-08-05_03,3,0.19957301182745368,2.158372790470634,False,0.09246456993369377
Stat3_Etch_MV_Gas5Flow,7,2024-08-05_03,3,2024-08-05_04,4,0.31101478594365517,2.158372790470634,False,0.14409688044475316
Stat3_Etch_MV_Gas5Flow,7,2024-08-05_04,4,2024-08-05_05,5,0.2270026467117532,2.158372790470634,False,0.10517304874949578
Stat3_Etch_MV_Gas5Flow,7,2024-08-05_05,5,2024-08-05_06,6,0.1468890451932907,2.158372790470634,False,0.06805545633350091
Stat3_Etch_MV_Gas5Flow,8,2024-08-07_01,1,2024-08-07_02,2,0.0633943493606921,2.158372790470634,False,0.029371362371033667
Stat3_Etch_MV_Gas5Flow,8,2024-08-07_02,2,2024-08-07_03,3,0.3144956526801934,2.158372790470634,False,0.14570960775113254
Stat3_Etch_MV_Gas5Flow,8,2024-08-07_03,3,2024-08-07_04,4,0.7365737735389075,2.158372790470634,False,0.34126346328629237
Stat3_Etch_MV_Gas5Flow,8,2024-08-07_04,4,2024-08-07_05,5,0.06085360417057473,2.158372790470634,False,0.02819420465234163
Stat3_Etch_MV_Gas5Flow,8,2024-08-07_05,5,2024-08-07_06,6,0.10936301014510263,2.158372790470634,False,0.05066919423185278
Stat3_Etch_MV_Gas5Flow,8,2024-08-07_06,6,2024-08-07_07,7,0.2563651290610096,2.158372790470634,False,0.1187770389771774
Stat3_Etch_MV_Gas5Flow,8,2024-08-07_07,7,2024-08-07_08,8,1.6204068329323036,2.158372790470634,False,0.7507539198448537
Stat3_Etch_MV_Gas5Flow,8,2024-08-07_08,8,2024-08-07_09,9,1.592940070746522,2.158372790470634,False,0.7380282395049934
Stat3_Etch_MV_Gas5Flow,8,2024-08-07_09,9,2024-08-07_10,10,0.07045933846546859,2.158372790470634,False,0.03264465655634257
Stat3_Etch_MV_Gas5Flow,9,2024-08-21_01,1,2024-08-21_02,2,0.45183138485128893,2.158372790470634,False,0.20933889958498178
Stat3_Etch_MV_Gas5Flow,9,2024-08-21_02,2,2024-08-21_03,3,0.2498578509234335,2.158372790470634,False,0.11576213897180937
Stat3_Etch_MV_Gas5Flow,9,2024-08-21_03,3,2024-08-21_04,4,0.39380928526315984,2.158372790470634,False,0.18245656496498439
Stat3_Etch_MV_Gas5Flow,9,2024-08-21_04,4,2024-08-21_05,5,0.5641275908146781,2.158372790470634,False,0.26136707861836506
Stat3_Etch_MV_Gas5Flow,9,2024-08-21_05,5,2024-08-21_06,6,0.11318075635733749,2.158372790470634,False,0.05243800183964439
Stat3_Etch_MV_Gas5Flow,9,2024-08-21_06,6,2024-08-21_07,7,0.6757176976069559,2.158372790470634,False,0.31306811343726004
Stat3_Etch_MV_Gas5Flow,9,2024-08-21_07,7,2024-08-21_08,8,0.1369960844134539,2.158372790470634,False,0.06347192895421086
Stat3_Etch_MV_Gas5Flow,9,2024-08-21_08,8,2024-08-21_09,9,0.9646450468350167,2.158372790470634,False,0.44693161954876
Stat3_Etch_MV_Gas5Flow,9,2024-08-21_09,9,2024-08-21_10,10,1.124871447616556,2.158372790470634,False,0.5211664326862078
Stat3_Etch_MV_Gas5Flow,10,2024-08-22_01,1,2024-08-22_02,2,1.1446702442793253,2.158372790470634,False,0.530339452634468
Stat3_Etch_MV_Gas5Flow,10,2024-08-22_02,2,2024-08-22_03,3,0.5071681876236198,2.158372790470634,False,0.2349771039844473
Stat3_Etch_MV_Gas5Flow,10,2024-08-22_03,3,2024-08-22_04,4,0.13163585475291484,2.158372790470634,False,0.06098847026523699
Stat3_Etch_MV_Gas5Flow,10,2024-08-22_04,4,2024-08-22_05,5,1.0361009823942595,2.158372790470634,False,0.4800380114912111
Stat3_Etch_MV_Gas5Flow,10,2024-08-22_05,5,2024-08-22_06,6,0.14649768298426125,2.158372790470634,False,0.0678741335283037
Stat3_Etch_MV_Gas5Flow,10,2024-08-22_06,6,2024-08-22_07,7,0.5409081198317836,2.158372790470634,False,0.2506092192321598
Stat3_Etch_MV_Gas5Flow,10,2024-08-22_07,7,2024-08-22_08,8,1.3210295402237762,2.158372790470634,False,0.6120488295887595
Stat3_Etch_MV_Gas5Flow,10,2024-08-22_08,8,2024-08-22_09,9,1.849645982029017,2.158372790470634,False,0.8569631669725141
Stat3_Etch_MV_Gas5Flow,10,2024-08-22_09,9,2024-08-22_10,10,0.21755720470423512,2.158372790470634,False,0.10079686218468159
Stat3_Etch_MV_Gas7Flow,1,2024-07-02_01,1,2024-07-02_02,2,0.033356406467104804,0.07651564312666947,False,0.4359423132846733
Stat3_Etch_MV_Gas7Flow,1,2024-07-02_02,2,2024-07-02_03,3,0.00022987779669580988,0.07651564312666947,False,0.0030043241787206013
Stat3_Etch_MV_Gas7Flow,1,2024-07-02_03,3,2024-07-02_04,4,0.00340337977624916,0.07651564312666947,False,0.04447952911556872
Stat3_Etch_MV_Gas7Flow,1,2024-07-02_04,4,2024-07-02_05,5,0.0004873949686050594,0.07651564312666947,False,0.0063698735145987185
Stat3_Etch_MV_Gas7Flow,1,2024-07-02_05,5,2024-07-02_06,6,0.003265415720626219,0.07651564312666947,False,0.042676446112076924
Stat3_Etch_MV_Gas7Flow,1,2024-07-02_06,6,2024-07-02_07,7,0.02059860801485991,0.07651564312666947,False,0.2692078008252443
Stat3_Etch_MV_Gas7Flow,1,2024-07-02_07,7,2024-07-02_08,8,0.03539993867781854,0.07651564312666947,False,0.46264969137376194
Stat3_Etch_MV_Gas7Flow,1,2024-07-02_08,8,2024-07-02_09,9,0.056232113268550155,0.07651564312666947,False,0.7349100258552292
Stat3_Etch_MV_Gas7Flow,1,2024-07-02_09,9,2024-07-02_10,10,0.011915899969713983,0.07651564312666947,False,0.1557315534809993
Stat3_Etch_MV_Gas7Flow,2,2024-07-05_01,1,2024-07-05_02,2,0.12215048448428645,0.07651564312666947,True,1.5964119164766057
Stat3_Etch_MV_Gas7Flow,2,2024-07-05_02,2,2024-07-05_03,3,0.02271793478379136,0.07651564312666947,False,0.29690575489488424
Stat3_Etch_MV_Gas7Flow,2,2024-07-05_03,3,2024-07-05_04,4,0.006853105693090722,0.07651564312666947,False,0.08956476627590518
Stat3_Etch_MV_Gas7Flow,2,2024-07-05_04,4,2024-07-05_05,5,0.0037768073683337455,0.07651564312666947,False,0.049359937576180964
Stat3_Etch_MV_Gas7Flow,2,2024-07-05_05,5,2024-07-05_06,6,0.013433828246782742,0.07651564312666947,False,0.1755696965722868
Stat3_Etch_MV_Gas7Flow,2,2024-07-05_06,6,2024-07-05_07,7,0.006583281211925307,0.07651564312666947,False,0.08603836997131256
Stat3_Etch_MV_Gas7Flow,2,2024-07-05_07,7,2024-07-05_08,8,0.024381517640517103,0.07651564312666947,False,0.3186474901629487
Stat3_Etch_MV_Gas7Flow,2,2024-07-05_08,8,2024-07-05_09,9,0.010549101032095276,0.07651564312666947,False,0.13786855342288032
Stat3_Etch_MV_Gas7Flow,2,2024-07-05_09,9,2024-07-05_10,10,0.02610305910713251,0.07651564312666947,False,0.3411466994261505
Stat3_Etch_MV_Gas7Flow,3,2024-07-09_01,1,2024-07-09_02,2,0.046301336472818866,0.07651564312666947,False,0.6051224897393638
Stat3_Etch_MV_Gas7Flow,3,2024-07-09_02,2,2024-07-09_03,3,0.05909126144390964,0.07651564312666947,False,0.7722768708365391
Stat3_Etch_MV_Gas7Flow,3,2024-07-09_03,3,2024-07-09_04,4,0.06655373053966263,0.07651564312666947,False,0.869805543285898
Stat3_Etch_MV_Gas7Flow,3,2024-07-09_04,4,2024-07-09_05,5,0.012310650165426873,0.07651564312666947,False,0.16089063180253144
Stat3_Etch_MV_Gas7Flow,3,2024-07-09_05,5,2024-07-09_06,6,0.0035862839620210973,0.07651564312666947,False,0.04686994469985838
Stat3_Etch_MV_Gas7Flow,3,2024-07-09_06,6,2024-07-09_07,7,0.02020738029564928,0.07651564312666947,False,0.2640947585344939
Stat3_Etch_MV_Gas7Flow,3,2024-07-09_07,7,2024-07-09_08,8,0.04571549090974791,0.07651564312666947,False,0.5974659434550816
Stat3_Etch_MV_Gas7Flow,3,2024-07-09_08,8,2024-07-09_09,9,0.0259704632132296,0.07651564312666947,False,0.3394137741250666
Stat3_Etch_MV_Gas7Flow,3,2024-07-09_09,9,2024-07-09_10,10,0.030182794831984605,0.07651564312666947,False,0.39446567523477316
Stat3_Etch_MV_Gas7Flow,4,2024-07-11_01,1,2024-07-11_02,2,0.040651746650196774,0.07651564312666947,False,0.5312867407112943
Stat3_Etch_MV_Gas7Flow,4,2024-07-11_02,2,2024-07-11_03,3,0.0036578349375790964,0.07651564312666947,False,0.04780506035247792
Stat3_Etch_MV_Gas7Flow,4,2024-07-11_03,3,2024-07-11_04,4,0.011006197365951209,0.07651564312666947,False,0.1438424473245394
Stat3_Etch_MV_Gas7Flow,4,2024-07-11_04,4,2024-07-11_05,5,0.003874196423700571,0.07651564312666947,False,0.05063273685469714
Stat3_Etch_MV_Gas7Flow,4,2024-07-11_05,5,2024-07-11_06,6,0.001803185417746711,0.07651564312666947,False,0.023566232263925284
Stat3_Etch_MV_Gas7Flow,4,2024-07-11_06,6,2024-07-11_07,7,0.003926154529599657,0.07651564312666947,False,0.05131178892530537
Stat3_Etch_MV_Gas7Flow,4,2024-07-11_07,7,2024-07-11_08,8,0.027886182424750494,0.07651564312666947,False,0.36445073563043456
Stat3_Etch_MV_Gas7Flow,4,2024-07-11_08,8,2024-07-11_09,9,0.02093263279516666,0.07651564312666947,False,0.2735732451534555
Stat3_Etch_MV_Gas7Flow,4,2024-07-11_09,9,2024-07-11_10,10,0.04732156566767065,0.07651564312666947,False,0.6184560925578465
Stat3_Etch_MV_Gas7Flow,5,2024-07-19_01,1,2024-07-19_02,2,0.04894753256194573,0.07651564312666947,False,0.6397062164257638
Stat3_Etch_MV_Gas7Flow,5,2024-07-19_02,2,2024-07-19_03,3,0.003451729570086215,0.07651564312666947,False,0.04511142335132667
Stat3_Etch_MV_Gas7Flow,5,2024-07-19_03,3,2024-07-19_04,4,0.010248725075411969,0.07651564312666947,False,0.1339428730729675
Stat3_Etch_MV_Gas7Flow,5,2024-07-19_04,4,2024-07-19_05,5,0.009016325663730118,0.07651564312666947,False,0.11783637038512304
Stat3_Etch_MV_Gas7Flow,5,2024-07-19_05,5,2024-07-19_06,6,0.0012976858804991664,0.07651564312666947,False,0.016959746105131526
Stat3_Etch_MV_Gas7Flow,5,2024-07-19_06,6,2024-07-19_07,7,0.01634516521001972,0.07651564312666947,False,0.21361860845841368
Stat3_Etch_MV_Gas7Flow,5,2024-07-19_07,7,2024-07-19_08,8,0.010046276998116888,0.07651564312666947,False,0.13129703401284312
Stat3_Etch_MV_Gas7Flow,5,2024-07-19_08,8,2024-07-19_09,9,0.013279594446977239,0.07651564312666947,False,0.17355398065456037
Stat3_Etch_MV_Gas7Flow,5,2024-07-19_09,9,2024-07-19_10,10,0.00792916210791672,0.07651564312666947,False,0.10362798747950426
Stat3_Etch_MV_Gas7Flow,6,2024-08-01_01,1,2024-08-01_02,2,0.12114465599452817,0.07651564312666947,True,1.5832665196837807
Stat3_Etch_MV_Gas7Flow,6,2024-08-01_02,2,2024-08-01_03,3,0.022833044999322816,0.07651564312666947,False,0.29841015596671333
Stat3_Etch_MV_Gas7Flow,6,2024-08-01_03,3,2024-08-01_04,4,0.043611230023842706,0.07651564312666947,False,0.5699648887698108
Stat3_Etch_MV_Gas7Flow,6,2024-08-01_04,4,2024-08-01_05,5,0.0461688649724501,0.07651564312666947,False,0.6033911901651124
Stat3_Etch_MV_Gas7Flow,6,2024-08-01_05,5,2024-08-01_06,6,0.01181747118113341,0.07651564312666947,False,0.15444516569729305
Stat3_Etch_MV_Gas7Flow,6,2024-08-01_06,6,2024-08-01_07,7,0.01158352099183002,0.07651564312666947,False,0.1513876185116007
Stat3_Etch_MV_Gas7Flow,6,2024-08-01_07,7,2024-08-01_08,8,0.019009219990383297,0.07651564312666947,False,0.2484357343623718
Stat3_Etch_MV_Gas7Flow,6,2024-08-01_08,8,2024-08-01_09,9,0.024775678812982704,0.07651564312666947,False,0.323798870408333
Stat3_Etch_MV_Gas7Flow,6,2024-08-01_09,9,2024-08-01_10,10,0.05398651659419196,0.07651564312666947,False,0.7055618222383468
Stat3_Etch_MV_Gas7Flow,7,2024-08-05_01,1,2024-08-05_02,2,0.006952957965116635,0.07651564312666947,False,0.09086975788213936
Stat3_Etch_MV_Gas7Flow,7,2024-08-05_02,2,2024-08-05_03,3,0.011423655505811592,0.07651564312666947,False,0.14929830083111312
Stat3_Etch_MV_Gas7Flow,7,2024-08-05_03,3,2024-08-05_04,4,0.001827235328290655,0.07651564312666947,False,0.023880545907007784
Stat3_Etch_MV_Gas7Flow,7,2024-08-05_04,4,2024-08-05_05,5,0.006356929031794412,0.07651564312666947,False,0.08308012286155259
Stat3_Etch_MV_Gas7Flow,7,2024-08-05_05,5,2024-08-05_06,6,0.0021352191976125035,0.07651564312666947,False,0.027905655763458836
Stat3_Etch_MV_Gas7Flow,8,2024-08-07_01,1,2024-08-07_02,2,0.05646190105341198,0.07651564312666947,False,0.7379131736492224
Stat3_Etch_MV_Gas7Flow,8,2024-08-07_02,2,2024-08-07_03,3,0.021166271534996284,0.07651564312666947,False,0.27662672193653426
Stat3_Etch_MV_Gas7Flow,8,2024-08-07_03,3,2024-08-07_04,4,0.019924831480827354,0.07651564312666947,False,0.2604020650763186
Stat3_Etch_MV_Gas7Flow,8,2024-08-07_04,4,2024-08-07_05,5,0.014540160714318517,0.07651564312666947,False,0.19002860225911836
Stat3_Etch_MV_Gas7Flow,8,2024-08-07_05,5,2024-08-07_06,6,0.00991240252499015,0.07651564312666947,False,0.12954739867481016
Stat3_Etch_MV_Gas7Flow,8,2024-08-07_06,6,2024-08-07_07,7,0.024664410144846993,0.07651564312666947,False,0.32234467537593275
Stat3_Etch_MV_Gas7Flow,8,2024-08-07_07,7,2024-08-07_08,8,0.1726791277505193,0.07651564312666947,True,2.256782021222169
Stat3_Etch_MV_Gas7Flow,8,2024-08-07_08,8,2024-08-07_09,9,0.01617272188792085,0.07651564312666947,False,0.2113649082338283
Stat3_Etch_MV_Gas7Flow,8,2024-08-07_09,9,2024-08-07_10,10,0.10150438374126924,0.07651564312666947,True,1.3265834225980642
Stat3_Etch_MV_Gas7Flow,9,2024-08-21_01,1,2024-08-21_02,2,0.03213063112902681,0.07651564312666947,False,0.4199223820916654
Stat3_Etch_MV_Gas7Flow,9,2024-08-21_02,2,2024-08-21_03,3,0.0019229239037552581,0.07651564312666947,False,0.0251311212345417
Stat3_Etch_MV_Gas7Flow,9,2024-08-21_03,3,2024-08-21_04,4,0.0047395739283526694,0.07651564312666947,False,0.06194254840812668
Stat3_Etch_MV_Gas7Flow,9,2024-08-21_04,4,2024-08-21_05,5,0.00037578197810805847,0.07651564312666947,False,0.00491117845648846
Stat3_Etch_MV_Gas7Flow,9,2024-08-21_05,5,2024-08-21_06,6,0.0011921268558001685,0.07651564312666947,False,0.015580171675831521
Stat3_Etch_MV_Gas7Flow,9,2024-08-21_06,6,2024-08-21_07,7,0.012207830089460803,0.07651564312666947,False,0.15954685330489984
Stat3_Etch_MV_Gas7Flow,9,2024-08-21_07,7,2024-08-21_08,8,0.011639593339215715,0.07651564312666947,False,0.15212044052151139
Stat3_Etch_MV_Gas7Flow,9,2024-08-21_08,8,2024-08-21_09,9,0.024965279674983964,0.07651564312666947,False,0.32627680634735895
Stat3_Etch_MV_Gas7Flow,9,2024-08-21_09,9,2024-08-21_10,10,0.02674993851623597,0.07651564312666947,False,0.3496009106523774
Stat3_Etch_MV_Gas7Flow,10,2024-08-22_01,1,2024-08-22_02,2,0.012978074683068552,0.07651564312666947,False,0.16961335163299507
Stat3_Etch_MV_Gas7Flow,10,2024-08-22_02,2,2024-08-22_03,3,0.016412662514832643,0.07651564312666947,False,0.21450074578425676
Stat3_Etch_MV_Gas7Flow,10,2024-08-22_03,3,2024-08-22_04,4,0.0015954728928142536,0.07651564312666947,False,0.020851590963863343
Stat3_Etch_MV_Gas7Flow,10,2024-08-22_04,4,2024-08-22_05,5,0.005294009824803769,0.07651564312666947,False,0.06918859475623418
Stat3_Etch_MV_Gas7Flow,10,2024-08-22_05,5,2024-08-22_06,6,0.007765637776536938,0.07651564312666947,False,0.1014908515332106
Stat3_Etch_MV_Gas7Flow,10,2024-08-22_06,6,2024-08-22_07,7,0.021748393780039788,0.07651564312666947,False,0.28423460734736217
Stat3_Etch_MV_Gas7Flow,10,2024-08-22_07,7,2024-08-22_08,8,0.007943653069534928,0.07651564312666947,False,0.10381737308780685
Stat3_Etch_MV_Gas7Flow,10,2024-08-22_08,8,2024-08-22_09,9,0.006760741721382857,0.07651564312666947,False,0.08835764093612389
Stat3_Etch_MV_Gas7Flow,10,2024-08-22_09,9,2024-08-22_10,10,0.004131715027185567,0.07651564312666947,False,0.053998304900157876
Stat3_Etch_MV_Heater1Temp,1,2024-07-02_01,1,2024-07-02_02,2,0.0004195181877548748,0.00925170111020459,False,0.04534497848100042
Stat3_Etch_MV_Heater1Temp,1,2024-07-02_02,2,2024-07-02_03,3,0.0005514701742868056,0.00925170111020459,False,0.059607435186004455
Stat3_Etch_MV_Heater1Temp,1,2024-07-02_03,3,2024-07-02_04,4,0.0007489567565244215,0.00925170111020459,False,0.08095341036237381
Stat3_Etch_MV_Heater1Temp,1,2024-07-02_04,4,2024-07-02_05,5,0.002374914800611805,0.00925170111020459,False,0.25670033784298146
Stat3_Etch_MV_Heater1Temp,1,2024-07-02_05,5,2024-07-02_06,6,0.0014996198212884337,0.00925170111020459,False,0.16209125256266213
Stat3_Etch_MV_Heater1Temp,1,2024-07-02_06,6,2024-07-02_07,7,0.0019188482667686912,0.00925170111020459,False,0.2074049133139644
Stat3_Etch_MV_Heater1Temp,1,2024-07-02_07,7,2024-07-02_08,8,0.003244875901600608,0.00925170111020459,False,0.3507328936536355
Stat3_Etch_MV_Heater1Temp,1,2024-07-02_08,8,2024-07-02_09,9,0.0027038356395223673,0.00925170111020459,False,0.2922528092201387
Stat3_Etch_MV_Heater1Temp,1,2024-07-02_09,9,2024-07-02_10,10,0.002493314001185354,0.00925170111020459,False,0.2694978978984998
Stat3_Etch_MV_Heater1Temp,2,2024-07-05_01,1,2024-07-05_02,2,0.003512758448778186,0.00925170111020459,False,0.37968784409859796
Stat3_Etch_MV_Heater1Temp,2,2024-07-05_02,2,2024-07-05_03,3,0.0026090104968261585,0.00925170111020459,False,0.2820033273608926
Stat3_Etch_MV_Heater1Temp,2,2024-07-05_03,3,2024-07-05_04,4,0.000631710289098919,0.00925170111020459,False,0.06828044719280274
Stat3_Etch_MV_Heater1Temp,2,2024-07-05_04,4,2024-07-05_05,5,0.0017044253272615606,0.00925170111020459,False,0.18422831725309266
Stat3_Etch_MV_Heater1Temp,2,2024-07-05_05,5,2024-07-05_06,6,0.006185535971553691,0.00925170111020459,False,0.6685836364440123
Stat3_Etch_MV_Heater1Temp,2,2024-07-05_06,6,2024-07-05_07,7,0.007017525360652144,0.00925170111020459,False,0.758511897116071
Stat3_Etch_MV_Heater1Temp,2,2024-07-05_07,7,2024-07-05_08,8,0.004865061363034329,0.00925170111020459,False,0.5258558728911146
Stat3_Etch_MV_Heater1Temp,2,2024-07-05_08,8,2024-07-05_09,9,0.0027509140231813944,0.00925170111020459,False,0.29734142839387095
Stat3_Etch_MV_Heater1Temp,2,2024-07-05_09,9,2024-07-05_10,10,3.6296986536399345e-05,0.00925170111020459,False,0.003923277038896546
Stat3_Etch_MV_Heater1Temp,3,2024-07-09_01,1,2024-07-09_02,2,0.0026385979670067172,0.00925170111020459,False,0.28520138465091077
Stat3_Etch_MV_Heater1Temp,3,2024-07-09_02,2,2024-07-09_03,3,0.002389779045643081,0.00925170111020459,False,0.2583069877827294
Stat3_Etch_MV_Heater1Temp,3,2024-07-09_03,3,2024-07-09_04,4,0.0010937481406472216,0.00925170111020459,False,0.11822130088496069
Stat3_Etch_MV_Heater1Temp,3,2024-07-09_04,4,2024-07-09_05,5,0.0010080282092985726,0.00925170111020459,False,0.10895598520651747
Stat3_Etch_MV_Heater1Temp,3,2024-07-09_05,5,2024-07-09_06,6,0.003121889665408162,0.00925170111020459,False,0.33743952903587965
Stat3_Etch_MV_Heater1Temp,3,2024-07-09_06,6,2024-07-09_07,7,0.0034050580256916874,0.00925170111020459,False,0.3680466959677201
Stat3_Etch_MV_Heater1Temp,3,2024-07-09_07,7,2024-07-09_08,8,0.0027934948632264422,0.00925170111020459,False,0.30194391603780074
Stat3_Etch_MV_Heater1Temp,3,2024-07-09_08,8,2024-07-09_09,9,0.004588582052974743,0.00925170111020459,False,0.49597171356017494
Stat3_Etch_MV_Heater1Temp,3,2024-07-09_09,9,2024-07-09_10,10,0.0029769798707093287,0.00925170111020459,False,0.3217764857779216
Stat3_Etch_MV_Heater1Temp,4,2024-07-11_01,1,2024-07-11_02,2,0.004920737450220258,0.00925170111020459,False,0.5318738026234662
Stat3_Etch_MV_Heater1Temp,4,2024-07-11_02,2,2024-07-11_03,3,0.005129972194936272,0.00925170111020459,False,0.5544896158910638
Stat3_Etch_MV_Heater1Temp,4,2024-07-11_03,3,2024-07-11_04,4,0.000732196139779262,0.00925170111020459,False,0.07914178496013588
Stat3_Etch_MV_Heater1Temp,4,2024-07-11_04,4,2024-07-11_05,5,0.005088730408715492,0.00925170111020459,False,0.5500318642052371
Stat3_Etch_MV_Heater1Temp,4,2024-07-11_05,5,2024-07-11_06,6,0.004740089478673326,0.00925170111020459,False,0.5123478830768783
Stat3_Etch_MV_Heater1Temp,4,2024-07-11_06,6,2024-07-11_07,7,7.694182272643957e-05,0.00925170111020459,False,0.008316505452340332
Stat3_Etch_MV_Heater1Temp,4,2024-07-11_07,7,2024-07-11_08,8,0.002929024109562306,0.00925170111020459,False,0.31659303242423215
Stat3_Etch_MV_Heater1Temp,4,2024-07-11_08,8,2024-07-11_09,9,0.003961785336286994,0.00925170111020459,False,0.42822236571360484
Stat3_Etch_MV_Heater1Temp,4,2024-07-11_09,9,2024-07-11_10,10,0.002091329069344283,0.00925170111020459,False,0.22604805802011432
Stat3_Etch_MV_Heater1Temp,5,2024-07-19_01,1,2024-07-19_02,2,0.005056745583260636,0.00925170111020459,False,0.5465746810262888
Stat3_Etch_MV_Heater1Temp,5,2024-07-19_02,2,2024-07-19_03,3,0.00047516067752439994,0.00925170111020459,False,0.05135927672807108
Stat3_Etch_MV_Heater1Temp,5,2024-07-19_03,3,2024-07-19_04,4,0.004514887235472997,0.00925170111020459,False,0.48800617115625305
Stat3_Etch_MV_Heater1Temp,5,2024-07-19_04,4,2024-07-19_05,5,0.004027406998602601,0.00925170111020459,False,0.43531529506075234
Stat3_Etch_MV_Heater1Temp,5,2024-07-19_05,5,2024-07-19_06,6,0.001939808920951691,0.00925170111020459,False,0.20967051332993125
Stat3_Etch_MV_Heater1Temp,5,2024-07-19_06,6,2024-07-19_07,7,0.0009316564487562573,0.00925170111020459,False,0.10070109676680367
Stat3_Etch_MV_Heater1Temp,5,2024-07-19_07,7,2024-07-19_08,8,0.0013747011000759812,0.00925170111020459,False,0.14858900905906822
Stat3_Etch_MV_Heater1Temp,5,2024-07-19_08,8,2024-07-19_09,9,0.004614550829955988,0.00925170111020459,False,0.49877863270638484
Stat3_Etch_MV_Heater1Temp,5,2024-07-19_09,9,2024-07-19_10,10,0.006762294540294533,0.00925170111020459,False,0.7309244494329534
Stat3_Etch_MV_Heater1Temp,6,2024-08-01_01,1,2024-08-01_02,2,0.002131199049017596,0.00925170111020459,False,0.23035753356395092
Stat3_Etch_MV_Heater1Temp,6,2024-08-01_02,2,2024-08-01_03,3,0.00429564072624089,0.00925170111020459,False,0.4643082039802189
Stat3_Etch_MV_Heater1Temp,6,2024-08-01_03,3,2024-08-01_04,4,0.0059712444440265244,0.00925170111020459,False,0.6454212444714914
Stat3_Etch_MV_Heater1Temp,6,2024-08-01_04,4,2024-08-01_05,5,0.00592822349153721,0.00925170111020459,False,0.6407711858523405
Stat3_Etch_MV_Heater1Temp,6,2024-08-01_05,5,2024-08-01_06,6,0.0018647876079285197,0.00925170111020459,False,0.20156159237263582
Stat3_Etch_MV_Heater1Temp,6,2024-08-01_06,6,2024-08-01_07,7,0.0032141879460141354,0.00925170111020459,False,0.3474158868436529
Stat3_Etch_MV_Heater1Temp,6,2024-08-01_07,7,2024-08-01_08,8,0.00441278563312153,0.00925170111020459,False,0.47697018965023036
Stat3_Etch_MV_Heater1Temp,6,2024-08-01_08,8,2024-08-01_09,9,0.00430550450573719,0.00925170111020459,False,0.46537436244975916
Stat3_Etch_MV_Heater1Temp,6,2024-08-01_09,9,2024-08-01_10,10,0.0037276760051554447,0.00925170111020459,False,0.4029179024216242
Stat3_Etch_MV_Heater1Temp,7,2024-08-05_01,1,2024-08-05_02,2,0.00843298910831436,0.00925170111020459,False,0.9115068686139034
Stat3_Etch_MV_Heater1Temp,7,2024-08-05_02,2,2024-08-05_03,3,0.003680031899648384,0.00925170111020459,False,0.39776813537451217
Stat3_Etch_MV_Heater1Temp,7,2024-08-05_03,3,2024-08-05_04,4,0.0018824787607627513,0.00925170111020459,False,0.20347379777394503
Stat3_Etch_MV_Heater1Temp,7,2024-08-05_04,4,2024-08-05_05,5,0.001767838834439317,0.00925170111020459,False,0.19108257101922563
Stat3_Etch_MV_Heater1Temp,7,2024-08-05_05,5,2024-08-05_06,6,0.003104857703192465,0.00925170111020459,False,0.3355985743819393
Stat3_Etch_MV_Heater1Temp,8,2024-08-07_01,1,2024-08-07_02,2,0.0021407767696928204,0.00925170111020459,False,0.23139277244176773
Stat3_Etch_MV_Heater1Temp,8,2024-08-07_02,2,2024-08-07_03,3,0.003010323620401323,0.00925170111020459,False,0.32538055267273475
Stat3_Etch_MV_Heater1Temp,8,2024-08-07_03,3,2024-08-07_04,4,0.007061023809001199,0.00925170111020459,False,0.7632135674176631
Stat3_Etch_MV_Heater1Temp,8,2024-08-07_04,4,2024-08-07_05,5,0.004966247400261636,0.00925170111020459,False,0.5367928925831689
Stat3_Etch_MV_Heater1Temp,8,2024-08-07_05,5,2024-08-07_06,6,0.0011123479091565969,0.00925170111020459,False,0.12023171694659283
Stat3_Etch_MV_Heater1Temp,8,2024-08-07_06,6,2024-08-07_07,7,0.0004823936440061516,0.00925170111020459,False,0.052141075274694436
Stat3_Etch_MV_Heater1Temp,8,2024-08-07_07,7,2024-08-07_08,8,0.0010101070527070988,0.00925170111020459,False,0.109180683711556
Stat3_Etch_MV_Heater1Temp,8,2024-08-07_08,8,2024-08-07_09,9,4.589807008414937e-05,0.00925170111020459,False,0.004961041168258665
Stat3_Etch_MV_Heater1Temp,8,2024-08-07_09,9,2024-08-07_10,10,0.00018127524595001887,0.00925170111020459,False,0.01959372052671189
Stat3_Etch_MV_Heater1Temp,9,2024-08-21_01,1,2024-08-21_02,2,0.00011211027663193818,0.00925170111020459,False,0.01211780139635953
Stat3_Etch_MV_Heater1Temp,9,2024-08-21_02,2,2024-08-21_03,3,0.004796673371401994,0.00925170111020459,False,0.5184639359037747
Stat3_Etch_MV_Heater1Temp,9,2024-08-21_03,3,2024-08-21_04,4,0.00530274906827799,0.00925170111020459,False,0.5731647623623594
Stat3_Etch_MV_Heater1Temp,9,2024-08-21_04,4,2024-08-21_05,5,0.0006566084982750908,0.00925170111020459,False,0.07097165055957701
Stat3_Etch_MV_Heater1Temp,9,2024-08-21_05,5,2024-08-21_06,6,0.005266910734235353,0.00925170111020459,False,0.569291060259823
Stat3_Etch_MV_Heater1Temp,9,2024-08-21_06,6,2024-08-21_07,7,0.0033378569728483853,0.00925170111020459,False,0.36078305309352704
Stat3_Etch_MV_Heater1Temp,9,2024-08-21_07,7,2024-08-21_08,8,0.0012152179183431144,0.00925170111020459,False,0.13135075418754438
Stat3_Etch_MV_Heater1Temp,9,2024-08-21_08,8,2024-08-21_09,9,0.0018422805599129788,0.00925170111020459,False,0.19912884538400735
Stat3_Etch_MV_Heater1Temp,9,2024-08-21_09,9,2024-08-21_10,10,0.00019480884657241404,0.00925170111020459,False,0.021056543467183636
Stat3_Etch_MV_Heater1Temp,10,2024-08-22_01,1,2024-08-22_02,2,0.003828670808843526,0.00925170111020459,False,0.41383425201885493
Stat3_Etch_MV_Heater1Temp,10,2024-08-22_02,2,2024-08-22_03,3,0.000654062562944091,0.00925170111020459,False,0.07069646491526435
Stat3_Etch_MV_Heater1Temp,10,2024-08-22_03,3,2024-08-22_04,4,0.0005478729231072066,0.00925170111020459,False,0.05921861467216066
Stat3_Etch_MV_Heater1Temp,10,2024-08-22_04,4,2024-08-22_05,5,0.0007744582972009084,0.00925170111020459,False,0.08370982676328399
Stat3_Etch_MV_Heater1Temp,10,2024-08-22_05,5,2024-08-22_06,6,0.0016287221797028906,0.00925170111020459,False,0.1760456980075174
Stat3_Etch_MV_Heater1Temp,10,2024-08-22_06,6,2024-08-22_07,7,0.0038517547930041474,0.00925170111020459,False,0.4163293590143846
Stat3_Etch_MV_Heater1Temp,10,2024-08-22_07,7,2024-08-22_08,8,0.0026001797116350645,0.00925170111020459,False,0.2810488234176822
Stat3_Etch_MV_Heater1Temp,10,2024-08-22_08,8,2024-08-22_09,9,0.0017548865782828216,0.00925170111020459,False,0.18968258457325093
Stat3_Etch_MV_Heater1Temp,10,2024-08-22_09,9,2024-08-22_10,10,0.001791910098063454,0.00925170111020459,False,0.1936843913047498
Stat3_Etch_MV_Heater2Temp,1,2024-07-02_01,1,2024-07-02_02,2,0.015157311648017924,0.034725530732518425,False,0.4364889845678871
Stat3_Etch_MV_Heater2Temp,1,2024-07-02_02,2,2024-07-02_03,3,0.012324662263196728,0.034725530732518425,False,0.35491645493139734
Stat3_Etch_MV_Heater2Temp,1,2024-07-02_03,3,2024-07-02_04,4,0.015598405757003775,0.034725530732518425,False,0.449191284566798
Stat3_Etch_MV_Heater2Temp,1,2024-07-02_04,4,2024-07-02_05,5,0.01259922097607813,0.034725530732518425,False,0.36282299248718747
Stat3_Etch_MV_Heater2Temp,1,2024-07-02_05,5,2024-07-02_06,6,0.002037038926147261,0.034725530732518425,False,0.05866113154145959
Stat3_Etch_MV_Heater2Temp,1,2024-07-02_06,6,2024-07-02_07,7,0.006267515493064479,0.034725530732518425,False,0.18048724845536537
Stat3_Etch_MV_Heater2Temp,1,2024-07-02_07,7,2024-07-02_08,8,0.007963571083699605,0.034725530732518425,False,0.229328995575068
Stat3_Etch_MV_Heater2Temp,1,2024-07-02_08,8,2024-07-02_09,9,0.005446611806640078,0.034725530732518425,False,0.15684747480445693
Stat3_Etch_MV_Heater2Temp,1,2024-07-02_09,9,2024-07-02_10,10,0.013254756564030856,0.034725530732518425,False,0.38170061866379346
Stat3_Etch_MV_Heater2Temp,2,2024-07-05_01,1,2024-07-05_02,2,0.028260665188931,0.034725530732518425,False,0.8138296116081112
Stat3_Etch_MV_Heater2Temp,2,2024-07-05_02,2,2024-07-05_03,3,0.004060703755278894,0.034725530732518425,False,0.11693712578671354
Stat3_Etch_MV_Heater2Temp,2,2024-07-05_03,3,2024-07-05_04,4,0.01765714240817573,0.034725530732518425,False,0.508477251051511
Stat3_Etch_MV_Heater2Temp,2,2024-07-05_04,4,2024-07-05_05,5,0.008551694912952712,0.034725530732518425,False,0.24626534807557457
Stat3_Etch_MV_Heater2Temp,2,2024-07-05_05,5,2024-07-05_06,6,0.021883210496845606,0.034725530732518425,False,0.6301764158885342
Stat3_Etch_MV_Heater2Temp,2,2024-07-05_06,6,2024-07-05_07,7,0.008075573851961337,0.034725530732518425,False,0.23255436797108578
Stat3_Etch_MV_Heater2Temp,2,2024-07-05_07,7,2024-07-05_08,8,0.003169365006328917,0.034725530732518425,False,0.0912690156053106
Stat3_Etch_MV_Heater2Temp,2,2024-07-05_08,8,2024-07-05_09,9,0.006452603468538598,0.034725530732518425,False,0.18581727427699507
Stat3_Etch_MV_Heater2Temp,2,2024-07-05_09,9,2024-07-05_10,10,0.0130865433372378,0.034725530732518425,False,0.37685653930072316
Stat3_Etch_MV_Heater2Temp,3,2024-07-09_01,1,2024-07-09_02,2,0.005342715548167121,0.034725530732518425,False,0.1538555476465038
Stat3_Etch_MV_Heater2Temp,3,2024-07-09_02,2,2024-07-09_03,3,0.018680996152184548,0.034725530732518425,False,0.5379614294761775
Stat3_Etch_MV_Heater2Temp,3,2024-07-09_03,3,2024-07-09_04,4,0.0074478479696011846,0.034725530732518425,False,0.21447758500712305
Stat3_Etch_MV_Heater2Temp,3,2024-07-09_04,4,2024-07-09_05,5,0.0062470500612832325,0.034725530732518425,False,0.17989790017617316
Stat3_Etch_MV_Heater2Temp,3,2024-07-09_05,5,2024-07-09_06,6,5.367228472863417e-05,0.034725530732518425,False,0.00154561452615534
Stat3_Etch_MV_Heater2Temp,3,2024-07-09_06,6,2024-07-09_07,7,0.003318167694061458,0.034725530732518425,False,0.09555412470497357
Stat3_Etch_MV_Heater2Temp,3,2024-07-09_07,7,2024-07-09_08,8,0.002079833518585872,0.034725530732518425,False,0.059893498377498654
Stat3_Etch_MV_Heater2Temp,3,2024-07-09_08,8,2024-07-09_09,9,0.003618341371939948,0.034725530732518425,False,0.10419830296651401
Stat3_Etch_MV_Heater2Temp,3,2024-07-09_09,9,2024-07-09_10,10,0.018989798515839595,0.034725530732518425,False,0.5468540902114064
Stat3_Etch_MV_Heater2Temp,4,2024-07-11_01,1,2024-07-11_02,2,0.019493481174343685,0.034725530732518425,False,0.5613587686966346
Stat3_Etch_MV_Heater2Temp,4,2024-07-11_02,2,2024-07-11_03,3,0.009167432084836946,0.034725530732518425,False,0.26399688907424484
Stat3_Etch_MV_Heater2Temp,4,2024-07-11_03,3,2024-07-11_04,4,0.013950562488844298,0.034725530732518425,False,0.40173792004222453
Stat3_Etch_MV_Heater2Temp,4,2024-07-11_04,4,2024-07-11_05,5,0.02405792831256548,0.034725530732518425,False,0.6928023216657893
Stat3_Etch_MV_Heater2Temp,4,2024-07-11_05,5,2024-07-11_06,6,0.007209800654067067,0.034725530732518425,False,0.20762247550951066
Stat3_Etch_MV_Heater2Temp,4,2024-07-11_06,6,2024-07-11_07,7,0.01036282230482044,0.034725530732518425,False,0.29842084731958507
Stat3_Etch_MV_Heater2Temp,4,2024-07-11_07,7,2024-07-11_08,8,0.013043777216608987,0.034725530732518425,False,0.3756249923746811
Stat3_Etch_MV_Heater2Temp,4,2024-07-11_08,8,2024-07-11_09,9,0.010481365841108925,0.034725530732518425,False,0.30183457588723733
Stat3_Etch_MV_Heater2Temp,4,2024-07-11_09,9,2024-07-11_10,10,0.007452137061356723,0.034725530732518425,False,0.21460109908063213
Stat3_Etch_MV_Heater2Temp,5,2024-07-19_01,1,2024-07-19_02,2,0.004252528100536779,0.034725530732518425,False,0.1224611405738584
Stat3_Etch_MV_Heater2Temp,5,2024-07-19_02,2,2024-07-19_03,3,0.023872408636172793,0.034725530732518425,False,0.6874598640422702
Stat3_Etch_MV_Heater2Temp,5,2024-07-19_03,3,2024-07-19_04,4,0.0016911942037509675,0.034725530732518425,False,0.04870175251683809
Stat3_Etch_MV_Heater2Temp,5,2024-07-19_04,4,2024-07-19_05,5,0.007506365846388974,0.034725530732518425,False,0.216162739288523
Stat3_Etch_MV_Heater2Temp,5,2024-07-19_05,5,2024-07-19_06,6,0.014401618331980615,0.034725530732518425,False,0.4147270906501752
Stat3_Etch_MV_Heater2Temp,5,2024-07-19_06,6,2024-07-19_07,7,0.0035586537556540065,0.034725530732518425,False,0.10247946339727317
Stat3_Etch_MV_Heater2Temp,5,2024-07-19_07,7,2024-07-19_08,8,0.008540494062138748,0.034725530732518425,False,0.2459427943066994
Stat3_Etch_MV_Heater2Temp,5,2024-07-19_08,8,2024-07-19_09,9,0.008731461257909245,0.034725530732518425,False,0.25144212554058226
Stat3_Etch_MV_Heater2Temp,5,2024-07-19_09,9,2024-07-19_10,10,0.004511979562600743,0.034725530732518425,False,0.12993263075963699
Stat3_Etch_MV_Heater2Temp,6,2024-08-01_01,1,2024-08-01_02,2,0.01411754802104781,0.034725530732518425,False,0.40654664516984773
Stat3_Etch_MV_Heater2Temp,6,2024-08-01_02,2,2024-08-01_03,3,0.013852683268147814,0.034725530732518425,False,0.39891926706178715
Stat3_Etch_MV_Heater2Temp,6,2024-08-01_03,3,2024-08-01_04,4,0.011770564181738052,0.034725530732518425,False,0.3389599506024427
Stat3_Etch_MV_Heater2Temp,6,2024-08-01_04,4,2024-08-01_05,5,0.00618720950343743,0.034725530732518425,False,0.1781746563096722
Stat3_Etch_MV_Heater2Temp,6,2024-08-01_05,5,2024-08-01_06,6,0.011040113374939153,0.034725530732518425,False,0.317924971686631
Stat3_Etch_MV_Heater2Temp,6,2024-08-01_06,6,2024-08-01_07,7,0.008571052086630004,0.034725530732518425,False,0.246822781562377
Stat3_Etch_MV_Heater2Temp,6,2024-08-01_07,7,2024-08-01_08,8,0.00418753795978688,0.034725530732518425,False,0.120589602849914
Stat3_Etch_MV_Heater2Temp,6,2024-08-01_08,8,2024-08-01_09,9,0.006650304308891464,0.034725530732518425,False,0.19151051599807065
Stat3_Etch_MV_Heater2Temp,6,2024-08-01_09,9,2024-08-01_10,10,0.003002040370404302,0.034725530732518425,False,0.08645052522100309
Stat3_Etch_MV_Heater2Temp,7,2024-08-05_01,1,2024-08-05_02,2,0.01897803482009408,0.034725530732518425,False,0.5465153280529205
Stat3_Etch_MV_Heater2Temp,7,2024-08-05_02,2,2024-08-05_03,3,0.013477466631343304,0.034725530732518425,False,0.38811405749725364
Stat3_Etch_MV_Heater2Temp,7,2024-08-05_03,3,2024-08-05_04,4,0.014706664046421736,0.034725530732518425,False,0.42351157019609803
Stat3_Etch_MV_Heater2Temp,7,2024-08-05_04,4,2024-08-05_05,5,0.0018923161359083451,0.034725530732518425,False,0.054493512294581055
Stat3_Etch_MV_Heater2Temp,7,2024-08-05_05,5,2024-08-05_06,6,0.017097691964160333,0.034725530732518425,False,0.4923666133675344
Stat3_Etch_MV_Heater2Temp,8,2024-08-07_01,1,2024-08-07_02,2,0.001183912752303229,0.034725530732518425,False,0.03409343866973828
Stat3_Etch_MV_Heater2Temp,8,2024-08-07_02,2,2024-08-07_03,3,0.0035282687030928628,0.034725530732518425,False,0.10160445725855662
Stat3_Etch_MV_Heater2Temp,8,2024-08-07_03,3,2024-08-07_04,4,0.01749615725903908,0.034725530732518425,False,0.5038413204914663
Stat3_Etch_MV_Heater2Temp,8,2024-08-07_04,4,2024-08-07_05,5,0.014307329605365737,0.034725530732518425,False,0.4120118340471543
Stat3_Etch_MV_Heater2Temp,8,2024-08-07_05,5,2024-08-07_06,6,0.024976870556180586,0.034725530732518425,False,0.7192653367509574
Stat3_Etch_MV_Heater2Temp,8,2024-08-07_06,6,2024-08-07_07,7,0.017124194152579264,0.034725530732518425,False,0.49312980367333764
Stat3_Etch_MV_Heater2Temp,8,2024-08-07_07,7,2024-08-07_08,8,0.03126675897450326,0.034725530732518425,False,0.9003968640635858
Stat3_Etch_MV_Heater2Temp,8,2024-08-07_08,8,2024-08-07_09,9,0.04202430891425735,0.034725530732518425,True,1.2101847841566333
Stat3_Etch_MV_Heater2Temp,8,2024-08-07_09,9,2024-08-07_10,10,0.03988416437807274,0.034725530732518425,True,1.1485544939626668
Stat3_Etch_MV_Heater2Temp,9,2024-08-21_01,1,2024-08-21_02,2,0.011683015439551525,0.034725530732518425,False,0.33643878705678254
Stat3_Etch_MV_Heater2Temp,9,2024-08-21_02,2,2024-08-21_03,3,0.019060308565947537,0.034725530732518425,False,0.5488845861785109
Stat3_Etch_MV_Heater2Temp,9,2024-08-21_03,3,2024-08-21_04,4,0.007544739935582356,0.034725530732518425,False,0.21726780776073637
Stat3_Etch_MV_Heater2Temp,9,2024-08-21_04,4,2024-08-21_05,5,0.005895502208090875,0.034725530732518425,False,0.16977428663372687
Stat3_Etch_MV_Heater2Temp,9,2024-08-21_05,5,2024-08-21_06,6,0.005370436952560453,0.034725530732518425,False,0.154653848026903
Stat3_Etch_MV_Heater2Temp,9,2024-08-21_06,6,2024-08-21_07,7,0.0007702559843352219,0.034725530732518425,False,0.02218125880546794
Stat3_Etch_MV_Heater2Temp,9,2024-08-21_07,7,2024-08-21_08,8,0.0019167104658350809,0.034725530732518425,False,0.05519600205966597
Stat3_Etch_MV_Heater2Temp,9,2024-08-21_08,8,2024-08-21_09,9,0.003983828079306306,0.034725530732518425,False,0.11472331726166203
Stat3_Etch_MV_Heater2Temp,9,2024-08-21_09,9,2024-08-21_10,10,0.009723171755616988,0.034725530732518425,False,0.28000066667121687
Stat3_Etch_MV_Heater2Temp,10,2024-08-22_01,1,2024-08-22_02,2,0.0020049709157561324,0.034725530732518425,False,0.057737660835190475
Stat3_Etch_MV_Heater2Temp,10,2024-08-22_02,2,2024-08-22_03,3,0.011687816170152132,0.034725530732518425,False,0.3365770349251186
Stat3_Etch_MV_Heater2Temp,10,2024-08-22_03,3,2024-08-22_04,4,0.004598337600874913,0.034725530732518425,False,0.13241950529985247
Stat3_Etch_MV_Heater2Temp,10,2024-08-22_04,4,2024-08-22_05,5,0.005770769178965907,0.034725530732518425,False,0.16618231765603855
Stat3_Etch_MV_Heater2Temp,10,2024-08-22_05,5,2024-08-22_06,6,0.010661124744487438,0.034725530732518425,False,0.3070111390552174
Stat3_Etch_MV_Heater2Temp,10,2024-08-22_06,6,2024-08-22_07,7,0.0014580074765220274,0.034725530732518425,False,0.04198661462520683
Stat3_Etch_MV_Heater2Temp,10,2024-08-22_07,7,2024-08-22_08,8,0.007234532321376719,0.034725530732518425,False,0.20833467966558689
Stat3_Etch_MV_Heater2Temp,10,2024-08-22_08,8,2024-08-22_09,9,0.00515616231187721,0.034725530732518425,False,0.14848332633398073
Stat3_Etch_MV_Heater2Temp,10,2024-08-22_09,9,2024-08-22_10,10,0.0023555583480359132,0.034725530732518425,False,0.06783361689070085
Stat3_Etch_MV_Heater3Temp,1,2024-07-02_01,1,2024-07-02_02,2,0.0012996600893799837,0.06136261122913932,False,0.021179999731869507
Stat3_Etch_MV_Heater3Temp,1,2024-07-02_02,2,2024-07-02_03,3,0.0007453374944663693,0.06136261122913932,False,0.012146443567780085
Stat3_Etch_MV_Heater3Temp,1,2024-07-02_03,3,2024-07-02_04,4,0.047208790741265716,0.06136261122913932,False,0.7693412942447865
Stat3_Etch_MV_Heater3Temp,1,2024-07-02_04,4,2024-07-02_05,5,0.0002195246978580201,0.06136261122913932,False,0.0035774992859784653
Stat3_Etch_MV_Heater3Temp,1,2024-07-02_05,5,2024-07-02_06,6,0.027599971016584846,0.06136261122913932,False,0.44978481951365235
Stat3_Etch_MV_Heater3Temp,1,2024-07-02_06,6,2024-07-02_07,7,0.034604377974968514,0.06136261122913932,False,0.5639326176284998
Stat3_Etch_MV_Heater3Temp,1,2024-07-02_07,7,2024-07-02_08,8,0.021807944971005355,0.06136261122913932,False,0.35539467004704967
Stat3_Etch_MV_Heater3Temp,1,2024-07-02_08,8,2024-07-02_09,9,0.05030645276710288,0.06136261122913932,False,0.8198225557782947
Stat3_Etch_MV_Heater3Temp,1,2024-07-02_09,9,2024-07-02_10,10,0.013942515028652736,0.06136261122913932,False,0.2272151518550736
Stat3_Etch_MV_Heater3Temp,2,2024-07-05_01,1,2024-07-05_02,2,0.003908952733070237,0.06136261122913932,False,0.0637025161539082
Stat3_Etch_MV_Heater3Temp,2,2024-07-05_02,2,2024-07-05_03,3,0.007544480114745511,0.06136261122913932,False,0.12294913732684923
Stat3_Etch_MV_Heater3Temp,2,2024-07-05_03,3,2024-07-05_04,4,0.049504221097091516,0.06136261122913932,False,0.8067489323789304
Stat3_Etch_MV_Heater3Temp,2,2024-07-05_04,4,2024-07-05_05,5,0.003811633974837747,0.06136261122913932,False,0.06211655433965158
Stat3_Etch_MV_Heater3Temp,2,2024-07-05_05,5,2024-07-05_06,6,0.011790546178536587,0.06136261122913932,False,0.19214544398230562
Stat3_Etch_MV_Heater3Temp,2,2024-07-05_06,6,2024-07-05_07,7,0.03445840135233169,0.06136261122913932,False,0.5615536995917214
Stat3_Etch_MV_Heater3Temp,2,2024-07-05_07,7,2024-07-05_08,8,0.009350843932315556,0.06136261122913932,False,0.15238666909720933
Stat3_Etch_MV_Heater3Temp,2,2024-07-05_08,8,2024-07-05_09,9,0.003276664476889124,0.06136261122913932,False,0.05339838724681148
Stat3_Etch_MV_Heater3Temp,2,2024-07-05_09,9,2024-07-05_10,10,0.011356074365663105,0.06136261122913932,False,0.18506504430291315
Stat3_Etch_MV_Heater3Temp,3,2024-07-09_01,1,2024-07-09_02,2,0.010219900727792108,0.06136261122913932,False,0.16654931273424972
Stat3_Etch_MV_Heater3Temp,3,2024-07-09_02,2,2024-07-09_03,3,0.031199494383535864,0.06136261122913932,False,0.5084446987927419
Stat3_Etch_MV_Heater3Temp,3,2024-07-09_03,3,2024-07-09_04,4,0.026521118363332263,0.06136261122913932,False,0.43220322329989364
Stat3_Etch_MV_Heater3Temp,3,2024-07-09_04,4,2024-07-09_05,5,0.041090593298694245,0.06136261122913932,False,0.6696356702496636
Stat3_Etch_MV_Heater3Temp,3,2024-07-09_05,5,2024-07-09_06,6,0.007170491522236588,0.06136261122913932,False,0.11685440659395424
Stat3_Etch_MV_Heater3Temp,3,2024-07-09_06,6,2024-07-09_07,7,0.01435949533863834,0.06136261122913932,False,0.2340105000586975
Stat3_Etch_MV_Heater3Temp,3,2024-07-09_07,7,2024-07-09_08,8,0.005784238968022493,0.06136261122913932,False,0.09426324682342926
Stat3_Etch_MV_Heater3Temp,3,2024-07-09_08,8,2024-07-09_09,9,0.014468267998474005,0.06136261122913932,False,0.23578312116553873
Stat3_Etch_MV_Heater3Temp,3,2024-07-09_09,9,2024-07-09_10,10,0.0037027089413363967,0.06136261122913932,False,0.060341450064923044
Stat3_Etch_MV_Heater3Temp,4,2024-07-11_01,1,2024-07-11_02,2,0.007263158741146469,0.06136261122913932,False,0.11836456427879989
Stat3_Etch_MV_Heater3Temp,4,2024-07-11_02,2,2024-07-11_03,3,0.004496674504490983,0.06136261122913932,False,0.07328036428729491
Stat3_Etch_MV_Heater3Temp,4,2024-07-11_03,3,2024-07-11_04,4,0.00802466334136831,0.06136261122913932,False,0.13077447619369936
Stat3_Etch_MV_Heater3Temp,4,2024-07-11_04,4,2024-07-11_05,5,0.027645951108297595,0.06136261122913932,False,0.4505341372299576
Stat3_Etch_MV_Heater3Temp,4,2024-07-11_05,5,2024-07-11_06,6,0.026466585594040026,0.06136261122913932,False,0.4313145262871703
Stat3_Etch_MV_Heater3Temp,4,2024-07-11_06,6,2024-07-11_07,7,0.043230630057014,0.06136261122913932,False,0.7045109259705856
Stat3_Etch_MV_Heater3Temp,4,2024-07-11_07,7,2024-07-11_08,8,0.024067777804718915,0.06136261122913932,False,0.39222219072205694
Stat3_Etch_MV_Heater3Temp,4,2024-07-11_08,8,2024-07-11_09,9,0.003285952494048061,0.06136261122913932,False,0.053549750055089856
Stat3_Etch_MV_Heater3Temp,4,2024-07-11_09,9,2024-07-11_10,10,0.0010978382953084065,0.06136261122913932,False,0.017890997030893543
Stat3_Etch_MV_Heater3Temp,5,2024-07-19_01,1,2024-07-19_02,2,0.02155439779905599,0.06136261122913932,False,0.3512627211799688
Stat3_Etch_MV_Heater3Temp,5,2024-07-19_02,2,2024-07-19_03,3,0.01921606870205217,0.06136261122913932,False,0.3131559807697202
Stat3_Etch_MV_Heater3Temp,5,2024-07-19_03,3,2024-07-19_04,4,0.029393472850975044,0.06136261122913932,False,0.47901274509349656
Stat3_Etch_MV_Heater3Temp,5,2024-07-19_04,4,2024-07-19_05,5,0.01273413168255999,0.06136261122913932,False,0.2075226498267551
Stat3_Etch_MV_Heater3Temp,5,2024-07-19_05,5,2024-07-19_06,6,0.049575426397060696,0.06136261122913932,False,0.8079093344306503
Stat3_Etch_MV_Heater3Temp,5,2024-07-19_06,6,2024-07-19_07,7,0.011169381057195338,0.06136261122913932,False,0.18202258400456275
Stat3_Etch_MV_Heater3Temp,5,2024-07-19_07,7,2024-07-19_08,8,0.030789584396094583,0.06136261122913932,False,0.5017645725850972
Stat3_Etch_MV_Heater3Temp,5,2024-07-19_08,8,2024-07-19_09,9,0.03617460469872391,0.06136261122913932,False,0.5895219250634764
Stat3_Etch_MV_Heater3Temp,5,2024-07-19_09,9,2024-07-19_10,10,0.00030650026655898444,0.06136261122913932,False,0.004994902603059961
Stat3_Etch_MV_Heater3Temp,6,2024-08-01_01,1,2024-08-01_02,2,0.002728231966912631,0.06136261122913932,False,0.04446081925563612
Stat3_Etch_MV_Heater3Temp,6,2024-08-01_02,2,2024-08-01_03,3,0.007178191956738189,0.06136261122913932,False,0.11697989725263637
Stat3_Etch_MV_Heater3Temp,6,2024-08-01_03,3,2024-08-01_04,4,0.05217608480742442,0.06136261122913932,False,0.850291142477449
Stat3_Etch_MV_Heater3Temp,6,2024-08-01_04,4,2024-08-01_05,5,0.013152905716907526,0.06136261122913932,False,0.2143472295823942
Stat3_Etch_MV_Heater3Temp,6,2024-08-01_05,5,2024-08-01_06,6,0.0265268049434475,0.06136261122913932,False,0.43229589504252863
Stat3_Etch_MV_Heater3Temp,6,2024-08-01_06,6,2024-08-01_07,7,0.007068035443845488,0.06136261122913932,False,0.11518472408959486
Stat3_Etch_MV_Heater3Temp,6,2024-08-01_07,7,2024-08-01_08,8,0.0014841110446557337,0.06136261122913932,False,0.024185917367723957
Stat3_Etch_MV_Heater3Temp,6,2024-08-01_08,8,2024-08-01_09,9,0.0032890387971189483,0.06136261122913932,False,0.053600046204635425
Stat3_Etch_MV_Heater3Temp,6,2024-08-01_09,9,2024-08-01_10,10,0.0003154750922220728,0.06136261122913932,False,0.005141161464658513
Stat3_Etch_MV_Heater3Temp,7,2024-08-05_01,1,2024-08-05_02,2,0.035702976627939975,0.06136261122913932,False,0.581836005880168
Stat3_Etch_MV_Heater3Temp,7,2024-08-05_02,2,2024-08-05_03,3,0.05487396657863286,0.06136261122913932,False,0.8942573576884356
Stat3_Etch_MV_Heater3Temp,7,2024-08-05_03,3,2024-08-05_04,4,0.054519786836394246,0.06136261122913932,False,0.8884854432417697
Stat3_Etch_MV_Heater3Temp,7,2024-08-05_04,4,2024-08-05_05,5,0.05452315134936825,0.06136261122913932,False,0.8885402732580713
Stat3_Etch_MV_Heater3Temp,7,2024-08-05_05,5,2024-08-05_06,6,0.04119679575135571,0.06136261122913932,False,0.6713664057991154
Stat3_Etch_MV_Heater3Temp,8,2024-08-07_01,1,2024-08-07_02,2,0.07110569319037019,0.06136261122913932,True,1.15877880302141
Stat3_Etch_MV_Heater3Temp,8,2024-08-07_02,2,2024-08-07_03,3,0.014157860690419355,0.06136261122913932,False,0.23072454719293625
Stat3_Etch_MV_Heater3Temp,8,2024-08-07_03,3,2024-08-07_04,4,0.0034623103345694517,0.06136261122913932,False,0.056423777691606794
Stat3_Etch_MV_Heater3Temp,8,2024-08-07_04,4,2024-08-07_05,5,0.027595880904083714,0.06136261122913932,False,0.4497181647149206
Stat3_Etch_MV_Heater3Temp,8,2024-08-07_05,5,2024-08-07_06,6,0.01780012294378608,0.06136261122913932,False,0.2900809236640392
Stat3_Etch_MV_Heater3Temp,8,2024-08-07_06,6,2024-08-07_07,7,0.023363336026145376,0.06136261122913932,False,0.38074220699152395
Stat3_Etch_MV_Heater3Temp,8,2024-08-07_07,7,2024-08-07_08,8,0.04118516604474287,0.06136261122913932,False,0.6711768814881404
Stat3_Etch_MV_Heater3Temp,8,2024-08-07_08,8,2024-08-07_09,9,0.0016068412144818467,0.06136261122913932,False,0.026185997992842984
Stat3_Etch_MV_Heater3Temp,8,2024-08-07_09,9,2024-08-07_10,10,0.03311238463891897,0.06136261122913932,False,0.5396182459587844
Stat3_Etch_MV_Heater3Temp,9,2024-08-21_01,1,2024-08-21_02,2,0.0071718355976369,0.06136261122913932,False,0.11687631041084515
Stat3_Etch_MV_Heater3Temp,9,2024-08-21_02,2,2024-08-21_03,3,0.015477441133748826,0.06136261122913932,False,0.2522291803383856
Stat3_Etch_MV_Heater3Temp,9,2024-08-21_03,3,2024-08-21_04,4,0.012181914482807699,0.06136261122913932,False,0.19852340437922664
Stat3_Etch_MV_Heater3Temp,9,2024-08-21_04,4,2024-08-21_05,5,0.007610703179857126,0.06136261122913932,False,0.12402834604670512
Stat3_Etch_MV_Heater3Temp,9,2024-08-21_05,5,2024-08-21_06,6,0.004120003974593445,0.06136261122913932,False,0.06714192717791277
Stat3_Etch_MV_Heater3Temp,9,2024-08-21_06,6,2024-08-21_07,7,0.004147231270390961,0.06136261122913932,False,0.06758563867017382
Stat3_Etch_MV_Heater3Temp,9,2024-08-21_07,7,2024-08-21_08,8,0.00045593650913389183,0.06136261122913932,False,0.00743020057329928
Stat3_Etch_MV_Heater3Temp,9,2024-08-21_08,8,2024-08-21_09,9,0.007112683427690669,0.06136261122913932,False,0.11591233301872692
Stat3_Etch_MV_Heater3Temp,9,2024-08-21_09,9,2024-08-21_10,10,0.006604183883558434,0.06136261122913932,False,0.10762553534264035
Stat3_Etch_MV_Heater3Temp,10,2024-08-22_01,1,2024-08-22_02,2,0.008182747924591283,0.06136261122913932,False,0.13335071244011099
Stat3_Etch_MV_Heater3Temp,10,2024-08-22_02,2,2024-08-22_03,3,0.021038959089036524,0.06136261122913932,False,0.3428628389113554
Stat3_Etch_MV_Heater3Temp,10,2024-08-22_03,3,2024-08-22_04,4,0.01915745683053416,0.06136261122913932,False,0.3122008083879722
Stat3_Etch_MV_Heater3Temp,10,2024-08-22_04,4,2024-08-22_05,5,0.020657525681899713,0.06136261122913932,False,0.3366467832465717
Stat3_Etch_MV_Heater3Temp,10,2024-08-22_05,5,2024-08-22_06,6,0.025634982751858715,0.06136261122913932,False,0.41776225356728963
Stat3_Etch_MV_Heater3Temp,10,2024-08-22_06,6,2024-08-22_07,7,0.003982987734197252,0.06136261122913932,False,0.06490903262450876
Stat3_Etch_MV_Heater3Temp,10,2024-08-22_07,7,2024-08-22_08,8,0.003577057533702188,0.06136261122913932,False,0.05829376328762795
Stat3_Etch_MV_Heater3Temp,10,2024-08-22_08,8,2024-08-22_09,9,0.0015380278044041518,0.06136261122913932,False,0.02506457553869199
Stat3_Etch_MV_Heater3Temp,10,2024-08-22_09,9,2024-08-22_10,10,0.014777502407634202,0.06136261122913932,False,0.24082258091091135
Stat3_Etch_MV_Heater4Temp,1,2024-07-02_01,1,2024-07-02_02,2,0.002076094112936744,0.026367823271749514,False,0.07873589304434815
Stat3_Etch_MV_Heater4Temp,1,2024-07-02_02,2,2024-07-02_03,3,0.0037291042206959446,0.026367823271749514,False,0.1414263203398859
Stat3_Etch_MV_Heater4Temp,1,2024-07-02_03,3,2024-07-02_04,4,0.0015764591513303117,0.026367823271749514,False,0.05978723139499081
Stat3_Etch_MV_Heater4Temp,1,2024-07-02_04,4,2024-07-02_05,5,0.003956497809042503,0.026367823271749514,False,0.1500502247859608
Stat3_Etch_MV_Heater4Temp,1,2024-07-02_05,5,2024-07-02_06,6,0.005604725291625812,0.026367823271749514,False,0.21255927096684976
Stat3_Etch_MV_Heater4Temp,1,2024-07-02_06,6,2024-07-02_07,7,0.003371755446885061,0.026367823271749514,False,0.12787386399458917
Stat3_Etch_MV_Heater4Temp,1,2024-07-02_07,7,2024-07-02_08,8,0.0026858541650867096,0.026367823271749514,False,0.10186105001562012
Stat3_Etch_MV_Heater4Temp,1,2024-07-02_08,8,2024-07-02_09,9,0.006119334003365395,0.026367823271749514,False,0.2320758122617444
Stat3_Etch_MV_Heater4Temp,1,2024-07-02_09,9,2024-07-02_10,10,0.013612358312037998,0.026367823271749514,False,0.5162488451074487
Stat3_Etch_MV_Heater4Temp,2,2024-07-05_01,1,2024-07-05_02,2,0.025359428859012212,0.026367823271749514,False,0.96175663033142
Stat3_Etch_MV_Heater4Temp,2,2024-07-05_02,2,2024-07-05_03,3,0.010331796173666419,0.026367823271749514,False,0.39183348838415133
Stat3_Etch_MV_Heater4Temp,2,2024-07-05_03,3,2024-07-05_04,4,0.00899355535783286,0.026367823271749514,False,0.34108069009505826
Stat3_Etch_MV_Heater4Temp,2,2024-07-05_04,4,2024-07-05_05,5,0.006651682910614909,0.026367823271749514,False,0.2522651506748197
Stat3_Etch_MV_Heater4Temp,2,2024-07-05_05,5,2024-07-05_06,6,0.007389620035880284,0.026367823271749514,False,0.28025142461408725
Stat3_Etch_MV_Heater4Temp,2,2024-07-05_06,6,2024-07-05_07,7,0.0029413913087026344,0.026367823271749514,False,0.11155229911807096
Stat3_Etch_MV_Heater4Temp,2,2024-07-05_07,7,2024-07-05_08,8,0.006878951419480472,0.026367823271749514,False,0.26088431148014335
Stat3_Etch_MV_Heater4Temp,2,2024-07-05_08,8,2024-07-05_09,9,0.0011274565303125428,0.026367823271749514,False,0.04275880184317299
Stat3_Etch_MV_Heater4Temp,2,2024-07-05_09,9,2024-07-05_10,10,0.0036407755893677063,0.026367823271749514,False,0.13807645598370016
Stat3_Etch_MV_Heater4Temp,3,2024-07-09_01,1,2024-07-09_02,2,0.004602568070808388,0.026367823271749514,False,0.17455244687336705
Stat3_Etch_MV_Heater4Temp,3,2024-07-09_02,2,2024-07-09_03,3,0.0029011943065810897,0.026367823271749514,False,0.11002782735158231
Stat3_Etch_MV_Heater4Temp,3,2024-07-09_03,3,2024-07-09_04,4,0.006710757308418636,0.026367823271749514,False,0.2545055478890645
Stat3_Etch_MV_Heater4Temp,3,2024-07-09_04,4,2024-07-09_05,5,0.00728150830913421,0.026367823271749514,False,0.276151286137283
Stat3_Etch_MV_Heater4Temp,3,2024-07-09_05,5,2024-07-09_06,6,0.0010440819612469454,0.026367823271749514,False,0.039596820355117246
Stat3_Etch_MV_Heater4Temp,3,2024-07-09_06,6,2024-07-09_07,7,0.0028050474556735594,0.026367823271749514,False,0.10638145692818289
Stat3_Etch_MV_Heater4Temp,3,2024-07-09_07,7,2024-07-09_08,8,0.004395207062351858,0.026367823271749514,False,0.1666882782493799
Stat3_Etch_MV_Heater4Temp,3,2024-07-09_08,8,2024-07-09_09,9,0.00860177294387654,0.026367823271749514,False,0.32622233755231816
Stat3_Etch_MV_Heater4Temp,3,2024-07-09_09,9,2024-07-09_10,10,0.009165844649324129,0.026367823271749514,False,0.3476147634508919
Stat3_Etch_MV_Heater4Temp,4,2024-07-11_01,1,2024-07-11_02,2,0.013244028011143882,0.026367823271749514,False,0.5022799142215707
Stat3_Etch_MV_Heater4Temp,4,2024-07-11_02,2,2024-07-11_03,3,0.001033499248912051,0.026367823271749514,False,0.039195470868440704
Stat3_Etch_MV_Heater4Temp,4,2024-07-11_03,3,2024-07-11_04,4,0.008881408326089968,0.026367823271749514,False,0.3368275126299678
Stat3_Etch_MV_Heater4Temp,4,2024-07-11_04,4,2024-07-11_05,5,0.007296638986346693,0.026367823271749514,False,0.2767251172441038
Stat3_Etch_MV_Heater4Temp,4,2024-07-11_05,5,2024-07-11_06,6,0.0015370943853625363,0.026367823271749514,False,0.05829432219417897
Stat3_Etch_MV_Heater4Temp,4,2024-07-11_06,6,2024-07-11_07,7,0.004668257357252514,0.026367823271749514,False,0.17704371381516673
Stat3_Etch_MV_Heater4Temp,4,2024-07-11_07,7,2024-07-11_08,8,0.0006878432367543041,0.026367823271749514,False,0.026086462642946315
Stat3_Etch_MV_Heater4Temp,4,2024-07-11_08,8,2024-07-11_09,9,0.009228898633239169,0.026367823271749514,False,0.350006086514051
Stat3_Etch_MV_Heater4Temp,4,2024-07-11_09,9,2024-07-11_10,10,0.007192794187510287,0.026367823271749514,False,0.2727868020572122
Stat3_Etch_MV_Heater4Temp,5,2024-07-19_01,1,2024-07-19_02,2,0.011779986860375402,0.026367823271749514,False,0.44675613678723647
Stat3_Etch_MV_Heater4Temp,5,2024-07-19_02,2,2024-07-19_03,3,0.005504390647438129,0.026367823271749514,False,0.20875407843526975
Stat3_Etch_MV_Heater4Temp,5,2024-07-19_03,3,2024-07-19_04,4,0.0021951019693631224,0.026367823271749514,False,0.08324926736424826
Stat3_Etch_MV_Heater4Temp,5,2024-07-19_04,4,2024-07-19_05,5,0.003146886395846593,0.026367823271749514,False,0.11934570265487812
Stat3_Etch_MV_Heater4Temp,5,2024-07-19_05,5,2024-07-19_06,6,0.0037553798707534725,0.026367823271749514,False,0.14242282466967937
Stat3_Etch_MV_Heater4Temp,5,2024-07-19_06,6,2024-07-19_07,7,0.00042867215726261065,0.026367823271749514,False,0.016257396480728464
Stat3_Etch_MV_Heater4Temp,5,2024-07-19_07,7,2024-07-19_08,8,0.011929647709656876,0.026367823271749514,False,0.4524320262127326
Stat3_Etch_MV_Heater4Temp,5,2024-07-19_08,8,2024-07-19_09,9,0.008105370144384949,0.026367823271749514,False,0.3073962556882366
Stat3_Etch_MV_Heater4Temp,5,2024-07-19_09,9,2024-07-19_10,10,0.003914155849749079,0.026367823271749514,False,0.1484444054941276
Stat3_Etch_MV_Heater4Temp,6,2024-08-01_01,1,2024-08-01_02,2,0.01340489695694913,0.026367823271749514,False,0.5083808708362794
Stat3_Etch_MV_Heater4Temp,6,2024-08-01_02,2,2024-08-01_03,3,0.0027840696855037095,0.026367823271749514,False,0.10558587475389225
Stat3_Etch_MV_Heater4Temp,6,2024-08-01_03,3,2024-08-01_04,4,0.0009111323512058789,0.026367823271749514,False,0.03455470486947878
Stat3_Etch_MV_Heater4Temp,6,2024-08-01_04,4,2024-08-01_05,5,0.002800232660163715,0.026367823271749514,False,0.10619885575325
Stat3_Etch_MV_Heater4Temp,6,2024-08-01_05,5,2024-08-01_06,6,0.013971299660383352,0.026367823271749514,False,0.5298616998602309
Stat3_Etch_MV_Heater4Temp,6,2024-08-01_06,6,2024-08-01_07,7,0.010499072447551328,0.026367823271749514,False,0.39817744298976826
Stat3_Etch_MV_Heater4Temp,6,2024-08-01_07,7,2024-08-01_08,8,0.005519830672177761,0.026367823271749514,False,0.20933964155060567
Stat3_Etch_MV_Heater4Temp,6,2024-08-01_08,8,2024-08-01_09,9,0.008247667956595706,0.026367823271749514,False,0.3127929018483773
Stat3_Etch_MV_Heater4Temp,6,2024-08-01_09,9,2024-08-01_10,10,0.003717443948985988,0.026367823271749514,False,0.14098410440155132
Stat3_Etch_MV_Heater4Temp,7,2024-08-05_01,1,2024-08-05_02,2,0.013330910107072214,0.026367823271749514,False,0.5055749187061244
Stat3_Etch_MV_Heater4Temp,7,2024-08-05_02,2,2024-08-05_03,3,0.016332500492822533,0.026367823271749514,False,0.6194102685116664
Stat3_Etch_MV_Heater4Temp,7,2024-08-05_03,3,2024-08-05_04,4,0.009450242691826816,0.026367823271749514,False,0.35840056247463575
Stat3_Etch_MV_Heater4Temp,7,2024-08-05_04,4,2024-08-05_05,5,0.0006159100289622188,0.026367823271749514,False,0.023358394912412237
Stat3_Etch_MV_Heater4Temp,7,2024-08-05_05,5,2024-08-05_06,6,0.0032238901174892476,0.026367823271749514,False,0.12226606968134998
Stat3_Etch_MV_Heater4Temp,8,2024-08-07_01,1,2024-08-07_02,2,0.013408560123778557,0.026367823271749514,False,0.5085197964802991
Stat3_Etch_MV_Heater4Temp,8,2024-08-07_02,2,2024-08-07_03,3,0.0071929118255908975,0.026367823271749514,False,0.27279126348276855
Stat3_Etch_MV_Heater4Temp,8,2024-08-07_03,3,2024-08-07_04,4,0.016160481287933237,0.026367823271749514,False,0.6128864381933103
Stat3_Etch_MV_Heater4Temp,8,2024-08-07_04,4,2024-08-07_05,5,0.0015948128324296817,0.026367823271749514,False,0.06048329496118719
Stat3_Etch_MV_Heater4Temp,8,2024-08-07_05,5,2024-08-07_06,6,0.011607520344199429,0.026367823271749514,False,0.44021534218320274
Stat3_Etch_MV_Heater4Temp,8,2024-08-07_06,6,2024-08-07_07,7,0.005764528842966854,0.026367823271749514,False,0.2186198224842841
Stat3_Etch_MV_Heater4Temp,8,2024-08-07_07,7,2024-08-07_08,8,0.07636487238102774,0.026367823271749514,True,2.896138660897544
Stat3_Etch_MV_Heater4Temp,8,2024-08-07_08,8,2024-08-07_09,9,0.017207531252878994,0.026367823271749514,False,0.6525958201227458
Stat3_Etch_MV_Heater4Temp,8,2024-08-07_09,9,2024-08-07_10,10,0.06714455243950113,0.026367823271749514,True,2.546457921365083
Stat3_Etch_MV_Heater4Temp,9,2024-08-21_01,1,2024-08-21_02,2,0.006254238353832875,0.026367823271749514,False,0.237192061300474
Stat3_Etch_MV_Heater4Temp,9,2024-08-21_02,2,2024-08-21_03,3,0.004752505464601597,0.026367823271749514,False,0.18023882425264248
Stat3_Etch_MV_Heater4Temp,9,2024-08-21_03,3,2024-08-21_04,4,0.0006351818037799717,0.026367823271749514,False,0.02408927719340813
Stat3_Etch_MV_Heater4Temp,9,2024-08-21_04,4,2024-08-21_05,5,0.001838760969768316,0.026367823271749514,False,0.06973503086765469
Stat3_Etch_MV_Heater4Temp,9,2024-08-21_05,5,2024-08-21_06,6,0.005093818882706103,0.026367823271749514,False,0.19318313954886143
Stat3_Etch_MV_Heater4Temp,9,2024-08-21_06,6,2024-08-21_07,7,0.008036012147528027,0.026367823271749514,False,0.3047658528619543
Stat3_Etch_MV_Heater4Temp,9,2024-08-21_07,7,2024-08-21_08,8,0.003243009573729694,0.026367823271749514,False,0.12299117527855453
Stat3_Etch_MV_Heater4Temp,9,2024-08-21_08,8,2024-08-21_09,9,0.005986685583259543,0.026367823271749514,False,0.22704511940785338
Stat3_Etch_MV_Heater4Temp,9,2024-08-21_09,9,2024-08-21_10,10,0.009129231623418832,0.026367823271749514,False,0.3462262140235099
Stat3_Etch_MV_Heater4Temp,10,2024-08-22_01,1,2024-08-22_02,2,0.025017491544438997,0.026367823271749514,False,0.9487886537544696
Stat3_Etch_MV_Heater4Temp,10,2024-08-22_02,2,2024-08-22_03,3,0.004192439969919803,0.026367823271749514,False,0.15899833394330976
Stat3_Etch_MV_Heater4Temp,10,2024-08-22_03,3,2024-08-22_04,4,0.00017817685242960124,0.026367823271749514,False,0.006757359171945753
Stat3_Etch_MV_Heater4Temp,10,2024-08-22_04,4,2024-08-22_05,5,4.617518963812017e-05,0.026367823271749514,False,0.0017511945966200506
Stat3_Etch_MV_Heater4Temp,10,2024-08-22_05,5,2024-08-22_06,6,0.003372709202473345,0.026367823271749514,False,0.12791003518621372
Stat3_Etch_MV_Heater4Temp,10,2024-08-22_06,6,2024-08-22_07,7,0.009525466849780173,0.026367823271749514,False,0.3612534395277808
Stat3_Etch_MV_Heater4Temp,10,2024-08-22_07,7,2024-08-22_08,8,0.007060927035084319,0.026367823271749514,False,0.26778573878904127
Stat3_Etch_MV_Heater4Temp,10,2024-08-22_08,8,2024-08-22_09,9,0.0038358455379920997,0.026367823271749514,False,0.14547448602258437
Stat3_Etch_MV_Heater4Temp,10,2024-08-22_09,9,2024-08-22_10,10,0.006564055323217133,0.026367823271749514,False,0.24894187341773721
Stat3_Etch_MV_HeliumBPFlow,1,2024-07-02_01,1,2024-07-02_02,2,0.00667495862483114,0.12345383802685721,False,0.05406845774514529
Stat3_Etch_MV_HeliumBPFlow,1,2024-07-02_02,2,2024-07-02_03,3,0.014308823870752718,0.12345383802685721,False,0.1159042448533666
Stat3_Etch_MV_HeliumBPFlow,1,2024-07-02_03,3,2024-07-02_04,4,0.046361988570173596,0.12345383802685721,False,0.37554108735029856
Stat3_Etch_MV_HeliumBPFlow,1,2024-07-02_04,4,2024-07-02_05,5,0.002453065561095702,0.12345383802685721,False,0.01987030618328805
Stat3_Etch_MV_HeliumBPFlow,1,2024-07-02_05,5,2024-07-02_06,6,0.03305855408341163,0.12345383802685721,False,0.2677806912428254
Stat3_Etch_MV_HeliumBPFlow,1,2024-07-02_06,6,2024-07-02_07,7,0.005657631642558503,0.12345383802685721,False,0.04582791214095501
Stat3_Etch_MV_HeliumBPFlow,1,2024-07-02_07,7,2024-07-02_08,8,0.0018066630336812661,0.12345383802685721,False,0.014634320508433519
Stat3_Etch_MV_HeliumBPFlow,1,2024-07-02_08,8,2024-07-02_09,9,0.02193303890927356,0.12345383802685721,False,0.17766186341247697
Stat3_Etch_MV_HeliumBPFlow,1,2024-07-02_09,9,2024-07-02_10,10,0.032247812653374286,0.12345383802685721,False,0.2612135286256456
Stat3_Etch_MV_HeliumBPFlow,2,2024-07-05_01,1,2024-07-05_02,2,0.040565158544360935,0.12345383802685721,False,0.3285856413434149
Stat3_Etch_MV_HeliumBPFlow,2,2024-07-05_02,2,2024-07-05_03,3,0.005486203311795723,0.12345383802685721,False,0.044439309457533493
Stat3_Etch_MV_HeliumBPFlow,2,2024-07-05_03,3,2024-07-05_04,4,0.0665820271199089,0.12345383802685721,False,0.539327316056582
Stat3_Etch_MV_HeliumBPFlow,2,2024-07-05_04,4,2024-07-05_05,5,0.08841457120308727,0.12345383802685721,False,0.7161751519126752
Stat3_Etch_MV_HeliumBPFlow,2,2024-07-05_05,5,2024-07-05_06,6,0.04792720593596389,0.12345383802685721,False,0.3882196511827959
Stat3_Etch_MV_HeliumBPFlow,2,2024-07-05_06,6,2024-07-05_07,7,0.058076398043915844,0.12345383802685721,False,0.4704300730713727
Stat3_Etch_MV_HeliumBPFlow,2,2024-07-05_07,7,2024-07-05_08,8,0.01767795266649852,0.12345383802685721,False,0.143194840671156
Stat3_Etch_MV_HeliumBPFlow,2,2024-07-05_08,8,2024-07-05_09,9,0.06802248145543821,0.12345383802685721,False,0.5509952751784033
Stat3_Etch_MV_HeliumBPFlow,2,2024-07-05_09,9,2024-07-05_10,10,0.009705609487180133,0.12345383802685721,False,0.07861731674205781
Stat3_Etch_MV_HeliumBPFlow,3,2024-07-09_01,1,2024-07-09_02,2,0.06537306352931105,0.12345383802685721,False,0.5295344768065391
Stat3_Etch_MV_HeliumBPFlow,3,2024-07-09_02,2,2024-07-09_03,3,0.0969044172877267,0.12345383802685721,False,0.784944549610886
Stat3_Etch_MV_HeliumBPFlow,3,2024-07-09_03,3,2024-07-09_04,4,0.05633983523842301,0.12345383802685721,False,0.4563635779890971
Stat3_Etch_MV_HeliumBPFlow,3,2024-07-09_04,4,2024-07-09_05,5,0.016688546800033288,0.12345383802685721,False,0.13518046151309382
Stat3_Etch_MV_HeliumBPFlow,3,2024-07-09_05,5,2024-07-09_06,6,0.05024742756596612,0.12345383802685721,False,0.40701389579346137
Stat3_Etch_MV_HeliumBPFlow,3,2024-07-09_06,6,2024-07-09_07,7,0.04835481381112938,0.12345383802685721,False,0.39168335779572816
Stat3_Etch_MV_HeliumBPFlow,3,2024-07-09_07,7,2024-07-09_08,8,0.018694739640920277,0.12345383802685721,False,0.15143101210715915
Stat3_Etch_MV_HeliumBPFlow,3,2024-07-09_08,8,2024-07-09_09,9,0.10285163817162335,0.12345383802685721,False,0.8331181906977094
Stat3_Etch_MV_HeliumBPFlow,3,2024-07-09_09,9,2024-07-09_10,10,0.129911683103884,0.12345383802685721,True,1.0523097959548402
Stat3_Etch_MV_HeliumBPFlow,4,2024-07-11_01,1,2024-07-11_02,2,0.014878021682727338,0.12345383802685721,False,0.12051485737924686
Stat3_Etch_MV_HeliumBPFlow,4,2024-07-11_02,2,2024-07-11_03,3,0.023014582407821393,0.12345383802685721,False,0.18642257523670186
Stat3_Etch_MV_HeliumBPFlow,4,2024-07-11_03,3,2024-07-11_04,4,0.013796446925906203,0.12345383802685721,False,0.11175389235695374
Stat3_Etch_MV_HeliumBPFlow,4,2024-07-11_04,4,2024-07-11_05,5,0.024541601145765313,0.12345383802685721,False,0.1987917227848868
Stat3_Etch_MV_HeliumBPFlow,4,2024-07-11_05,5,2024-07-11_06,6,0.006723458952356154,0.12345383802685721,False,0.05446131979220828
Stat3_Etch_MV_HeliumBPFlow,4,2024-07-11_06,6,2024-07-11_07,7,0.03668714538979234,0.12345383802685721,False,0.2971729836524897
Stat3_Etch_MV_HeliumBPFlow,4,2024-07-11_07,7,2024-07-11_08,8,0.0038678417027520062,0.12345383802685721,False,0.031330266961085186
Stat3_Etch_MV_HeliumBPFlow,4,2024-07-11_08,8,2024-07-11_09,9,0.02138616778303537,0.12345383802685721,False,0.17323210136555528
Stat3_Etch_MV_HeliumBPFlow,4,2024-07-11_09,9,2024-07-11_10,10,0.008318078611403434,0.12345383802685721,False,0.06737804789506704
Stat3_Etch_MV_HeliumBPFlow,5,2024-07-19_01,1,2024-07-19_02,2,0.16792529930815392,0.12345383802685721,True,1.3602274501309712
Stat3_Etch_MV_HeliumBPFlow,5,2024-07-19_02,2,2024-07-19_03,3,0.036551560801192595,0.12345383802685721,False,0.2960747222232237
Stat3_Etch_MV_HeliumBPFlow,5,2024-07-19_03,3,2024-07-19_04,4,0.003684639882500562,0.12345383802685721,False,0.029846296732378413
Stat3_Etch_MV_HeliumBPFlow,5,2024-07-19_04,4,2024-07-19_05,5,0.022561478474710572,0.12345383802685721,False,0.18275234561603793
Stat3_Etch_MV_HeliumBPFlow,5,2024-07-19_05,5,2024-07-19_06,6,0.02517072311365065,0.12345383802685721,False,0.20388773258045484
Stat3_Etch_MV_HeliumBPFlow,5,2024-07-19_06,6,2024-07-19_07,7,0.06900575792309316,0.12345383802685721,False,0.5589600050188885
Stat3_Etch_MV_HeliumBPFlow,5,2024-07-19_07,7,2024-07-19_08,8,0.008931027308369144,0.12345383802685721,False,0.07234305106355796
Stat3_Etch_MV_HeliumBPFlow,5,2024-07-19_08,8,2024-07-19_09,9,0.04341734266033059,0.12345383802685721,False,0.35168888512712915
Stat3_Etch_MV_HeliumBPFlow,5,2024-07-19_09,9,2024-07-19_10,10,0.018112082639645033,0.12345383802685721,False,0.1467113775410107
Stat3_Etch_MV_HeliumBPFlow,6,2024-08-01_01,1,2024-08-01_02,2,0.06171573633509864,0.12345383802685721,False,0.49990941813953543
Stat3_Etch_MV_HeliumBPFlow,6,2024-08-01_02,2,2024-08-01_03,3,0.030785165923803204,0.12345383802685721,False,0.24936580681360376
Stat3_Etch_MV_HeliumBPFlow,6,2024-08-01_03,3,2024-08-01_04,4,0.013518250134035181,0.12345383802685721,False,0.10950044445839185
Stat3_Etch_MV_HeliumBPFlow,6,2024-08-01_04,4,2024-08-01_05,5,0.04729859998536701,0.12345383802685721,False,0.38312782122721256
Stat3_Etch_MV_HeliumBPFlow,6,2024-08-01_05,5,2024-08-01_06,6,0.003024464792181103,0.12345383802685721,False,0.024498750630362217
Stat3_Etch_MV_HeliumBPFlow,6,2024-08-01_06,6,2024-08-01_07,7,0.021830070522721012,0.12345383802685721,False,0.1768277995372806
Stat3_Etch_MV_HeliumBPFlow,6,2024-08-01_07,7,2024-08-01_08,8,0.015810066894542008,0.12345383802685721,False,0.12806460412435738
Stat3_Etch_MV_HeliumBPFlow,6,2024-08-01_08,8,2024-08-01_09,9,0.024616783063313497,0.12345383802685721,False,0.19940071087913971
Stat3_Etch_MV_HeliumBPFlow,6,2024-08-01_09,9,2024-08-01_10,10,0.08923829287470753,0.12345383802685721,False,0.7228474570008415
Stat3_Etch_MV_HeliumBPFlow,7,2024-08-05_01,1,2024-08-05_02,2,0.028048227575130813,0.12345383802685721,False,0.2271960760671447
Stat3_Etch_MV_HeliumBPFlow,7,2024-08-05_02,2,2024-08-05_03,3,0.01364475198405879,0.12345383802685721,False,0.11052513394594013
Stat3_Etch_MV_HeliumBPFlow,7,2024-08-05_03,3,2024-08-05_04,4,0.010727684440289265,0.12345383802685721,False,0.08689632182966618
Stat3_Etch_MV_HeliumBPFlow,7,2024-08-05_04,4,2024-08-05_05,5,0.009632423860462147,0.12345383802685721,False,0.07802449899019444
Stat3_Etch_MV_HeliumBPFlow,7,2024-08-05_05,5,2024-08-05_06,6,0.0023186705848559086,0.12345383802685721,False,0.01878168084455572
Stat3_Etch_MV_HeliumBPFlow,8,2024-08-07_01,1,2024-08-07_02,2,0.09743770258069984,0.12345383802685721,False,0.7892642637768977
Stat3_Etch_MV_HeliumBPFlow,8,2024-08-07_02,2,2024-08-07_03,3,4.575088668357097e-06,0.12345383802685721,False,3.7059104370346044e-05
Stat3_Etch_MV_HeliumBPFlow,8,2024-08-07_03,3,2024-08-07_04,4,0.001857969303596052,0.12345383802685721,False,0.015049911232341383
Stat3_Etch_MV_HeliumBPFlow,8,2024-08-07_04,4,2024-08-07_05,5,0.0395545550223102,0.12345383802685721,False,0.3203995570693004
Stat3_Etch_MV_HeliumBPFlow,8,2024-08-07_05,5,2024-08-07_06,6,0.07708307807619863,0.12345383802685721,False,0.6243878627688295
Stat3_Etch_MV_HeliumBPFlow,8,2024-08-07_06,6,2024-08-07_07,7,0.05252517294278514,0.12345383802685721,False,0.4254640745260456
Stat3_Etch_MV_HeliumBPFlow,8,2024-08-07_07,7,2024-08-07_08,8,0.06116180827015749,0.12345383802685721,False,0.49542249352224943
Stat3_Etch_MV_HeliumBPFlow,8,2024-08-07_08,8,2024-08-07_09,9,0.04579516590260102,0.12345383802685721,False,0.37094971395412063
Stat3_Etch_MV_HeliumBPFlow,8,2024-08-07_09,9,2024-08-07_10,10,0.12296528515627259,0.12345383802685721,False,0.9960426271196337
Stat3_Etch_MV_HeliumBPFlow,9,2024-08-21_01,1,2024-08-21_02,2,0.05445087488556677,0.12345383802685721,False,0.44106263325503947
Stat3_Etch_MV_HeliumBPFlow,9,2024-08-21_02,2,2024-08-21_03,3,0.021470117304223546,0.12345383802685721,False,0.1739121087475041
Stat3_Etch_MV_HeliumBPFlow,9,2024-08-21_03,3,2024-08-21_04,4,0.03443692394444575,0.12345383802685721,False,0.2789457540959889
Stat3_Etch_MV_HeliumBPFlow,9,2024-08-21_04,4,2024-08-21_05,5,0.053661273085124694,0.12345383802685721,False,0.434666705732152
Stat3_Etch_MV_HeliumBPFlow,9,2024-08-21_05,5,2024-08-21_06,6,0.005702340489037505,0.12345383802685721,False,0.04619006245716694
Stat3_Etch_MV_HeliumBPFlow,9,2024-08-21_06,6,2024-08-21_07,7,0.02873780768900014,0.12345383802685721,False,0.23278180855542352
Stat3_Etch_MV_HeliumBPFlow,9,2024-08-21_07,7,2024-08-21_08,8,0.009248693520472528,0.12345383802685721,False,0.07491620891090067
Stat3_Etch_MV_HeliumBPFlow,9,2024-08-21_08,8,2024-08-21_09,9,0.002940981405726628,0.12345383802685721,False,0.023822519030042805
Stat3_Etch_MV_HeliumBPFlow,9,2024-08-21_09,9,2024-08-21_10,10,0.041140887180500574,0.12345383802685721,False,0.33324915480999817
Stat3_Etch_MV_HeliumBPFlow,10,2024-08-22_01,1,2024-08-22_02,2,0.10557284110590714,0.12345383802685721,False,0.8551604615398019
Stat3_Etch_MV_HeliumBPFlow,10,2024-08-22_02,2,2024-08-22_03,3,0.03186389687283131,0.12345383802685721,False,0.2581037364419514
Stat3_Etch_MV_HeliumBPFlow,10,2024-08-22_03,3,2024-08-22_04,4,0.022040081384509413,0.12345383802685721,False,0.17852892819512525
Stat3_Etch_MV_HeliumBPFlow,10,2024-08-22_04,4,2024-08-22_05,5,0.11177454276720988,0.12345383802685721,False,0.9053954462144262
Stat3_Etch_MV_HeliumBPFlow,10,2024-08-22_05,5,2024-08-22_06,6,0.01983580956828468,0.12345383802685721,False,0.1606738995345728
Stat3_Etch_MV_HeliumBPFlow,10,2024-08-22_06,6,2024-08-22_07,7,0.008043757667272944,0.12345383802685721,False,0.06515599511392295
Stat3_Etch_MV_HeliumBPFlow,10,2024-08-22_07,7,2024-08-22_08,8,0.021823297033920497,0.12345383802685721,False,0.17677293296602792
Stat3_Etch_MV_HeliumBPFlow,10,2024-08-22_08,8,2024-08-22_09,9,0.09883106675057451,0.12345383802685721,False,0.8005507834359428
Stat3_Etch_MV_HeliumBPFlow,10,2024-08-22_09,9,2024-08-22_10,10,0.006710375298267568,0.12345383802685721,False,0.05435533965989567
Stat3_Etch_MV_HeliumBPPressure,1,2024-07-02_01,1,2024-07-02_02,2,0.0004011423339047582,0.0003070099672576906,True,1.3066101321982715
Stat3_Etch_MV_HeliumBPPressure,1,2024-07-02_02,2,2024-07-02_03,3,4.720305960503879e-05,0.0003070099672576906,False,0.15375090270414127
Stat3_Etch_MV_HeliumBPPressure,1,2024-07-02_03,3,2024-07-02_04,4,0.00014055664182599514,0.0003070099672576906,False,0.45782436017140155
Stat3_Etch_MV_HeliumBPPressure,1,2024-07-02_04,4,2024-07-02_05,5,2.868160909841322e-05,0.0003070099672576906,False,0.09342240369134056
Stat3_Etch_MV_HeliumBPPressure,1,2024-07-02_05,5,2024-07-02_06,6,7.143434398315662e-05,0.0003070099672576906,False,0.23267760529480722
Stat3_Etch_MV_HeliumBPPressure,1,2024-07-02_06,6,2024-07-02_07,7,4.2605266134643216e-05,0.0003070099672576906,False,0.1387748629635931
Stat3_Etch_MV_HeliumBPPressure,1,2024-07-02_07,7,2024-07-02_08,8,0.00010345297105729401,0.0003070099672576906,False,0.33696942148611136
Stat3_Etch_MV_HeliumBPPressure,1,2024-07-02_08,8,2024-07-02_09,9,5.069064768470355e-05,0.0003070099672576906,False,0.16511075564578023
Stat3_Etch_MV_HeliumBPPressure,1,2024-07-02_09,9,2024-07-02_10,10,7.280846014801057e-05,0.0003070099672576906,False,0.23715340840025026
Stat3_Etch_MV_HeliumBPPressure,2,2024-07-05_01,1,2024-07-05_02,2,0.0001642777456147826,0.0003070099672576906,False,0.5350892906903413
Stat3_Etch_MV_HeliumBPPressure,2,2024-07-05_02,2,2024-07-05_03,3,6.892467802366298e-05,0.0003070099672576906,False,0.2245030630090607
Stat3_Etch_MV_HeliumBPPressure,2,2024-07-05_03,3,2024-07-05_04,4,1.5158775900303567e-05,0.0003070099672576906,False,0.04937551713941574
Stat3_Etch_MV_HeliumBPPressure,2,2024-07-05_04,4,2024-07-05_05,5,5.0370539453226115e-05,0.0003070099672576906,False,0.16406809167517128
Stat3_Etch_MV_HeliumBPPressure,2,2024-07-05_05,5,2024-07-05_06,6,4.147994333258964e-05,0.0003070099672576906,False,0.1351094353812077
Stat3_Etch_MV_HeliumBPPressure,2,2024-07-05_06,6,2024-07-05_07,7,3.271353689449086e-05,0.0003070099672576906,False,0.10655529260726757
Stat3_Etch_MV_HeliumBPPressure,2,2024-07-05_07,7,2024-07-05_08,8,0.0001677754078421856,0.0003070099672576906,False,0.5464819573801079
Stat3_Etch_MV_HeliumBPPressure,2,2024-07-05_08,8,2024-07-05_09,9,0.00017496594380972397,0.0003070099672576906,False,0.5699031382354608
Stat3_Etch_MV_HeliumBPPressure,2,2024-07-05_09,9,2024-07-05_10,10,6.582676676458732e-05,0.0003070099672576906,False,0.21441247446319955
Stat3_Etch_MV_HeliumBPPressure,3,2024-07-09_01,1,2024-07-09_02,2,0.0003439335684358724,0.0003070099672576906,True,1.1202684118303878
Stat3_Etch_MV_HeliumBPPressure,3,2024-07-09_02,2,2024-07-09_03,3,1.4633423232268683e-05,0.0003070099672576906,False,0.04766432622034721
Stat3_Etch_MV_HeliumBPPressure,3,2024-07-09_03,3,2024-07-09_04,4,1.5668824206116483e-05,0.0003070099672576906,False,0.051036858334194614
Stat3_Etch_MV_HeliumBPPressure,3,2024-07-09_04,4,2024-07-09_05,5,0.00013388772999789467,0.0003070099672576906,False,0.4361022255851231
Stat3_Etch_MV_HeliumBPPressure,3,2024-07-09_05,5,2024-07-09_06,6,0.0002558231765323882,0.0003070099672576906,False,0.8332731957124424
Stat3_Etch_MV_HeliumBPPressure,3,2024-07-09_06,6,2024-07-09_07,7,0.000192103617999706,0.0003070099672576906,False,0.6257243688719157
Stat3_Etch_MV_HeliumBPPressure,3,2024-07-09_07,7,2024-07-09_08,8,3.7374456933747524e-05,0.0003070099672576906,False,0.12173694967491741
Stat3_Etch_MV_HeliumBPPressure,3,2024-07-09_08,8,2024-07-09_09,9,2.526264115587651e-05,0.0003070099672576906,False,0.08228606185502818
Stat3_Etch_MV_HeliumBPPressure,3,2024-07-09_09,9,2024-07-09_10,10,9.450750752648673e-06,0.0003070099672576906,False,0.030783204978866795
Stat3_Etch_MV_HeliumBPPressure,4,2024-07-11_01,1,2024-07-11_02,2,0.0001258544924898075,0.0003070099672576906,False,0.4099361776882338
Stat3_Etch_MV_HeliumBPPressure,4,2024-07-11_02,2,2024-07-11_03,3,0.0001701962920712674,0.0003070099672576906,False,0.5543673177503456
Stat3_Etch_MV_HeliumBPPressure,4,2024-07-11_03,3,2024-07-11_04,4,1.3799853679330454e-05,0.0003070099672576906,False,0.044949204101075536
Stat3_Etch_MV_HeliumBPPressure,4,2024-07-11_04,4,2024-07-11_05,5,7.566438914707874e-05,0.0003070099672576906,False,0.24645580670535489
Stat3_Etch_MV_HeliumBPPressure,4,2024-07-11_05,5,2024-07-11_06,6,0.00014452553454979977,0.0003070099672576906,False,0.4707519297850399
Stat3_Etch_MV_HeliumBPPressure,4,2024-07-11_06,6,2024-07-11_07,7,3.5641893543214564e-05,0.0003070099672576906,False,0.11609360393598665
Stat3_Etch_MV_HeliumBPPressure,4,2024-07-11_07,7,2024-07-11_08,8,2.7763583183570972e-06,0.0003070099672576906,False,0.009043218834738171
Stat3_Etch_MV_HeliumBPPressure,4,2024-07-11_08,8,2024-07-11_09,9,9.706749441562579e-05,0.0003070099672576906,False,0.3161704985758707
Stat3_Etch_MV_HeliumBPPressure,4,2024-07-11_09,9,2024-07-11_10,10,0.0002519030763501462,0.0003070099672576906,False,0.8205045542990788
Stat3_Etch_MV_HeliumBPPressure,5,2024-07-19_01,1,2024-07-19_02,2,0.0002942104636325382,0.0003070099672576906,False,0.9583091593426702
Stat3_Etch_MV_HeliumBPPressure,5,2024-07-19_02,2,2024-07-19_03,3,4.30434536404789e-05,0.0003070099672576906,False,0.1402021374907028
Stat3_Etch_MV_HeliumBPPressure,5,2024-07-19_03,3,2024-07-19_04,4,0.0001382369044033993,0.0003070099672576906,False,0.4502684575298148
Stat3_Etch_MV_HeliumBPPressure,5,2024-07-19_04,4,2024-07-19_05,5,0.0002594032543470348,0.0003070099672576906,False,0.8449343083682465
Stat3_Etch_MV_HeliumBPPressure,5,2024-07-19_05,5,2024-07-19_06,6,0.00011686208535444109,0.0003070099672576906,False,0.38064590019109124
Stat3_Etch_MV_HeliumBPPressure,5,2024-07-19_06,6,2024-07-19_07,7,7.386543173559801e-05,0.0003070099672576906,False,0.24059620081845298
Stat3_Etch_MV_HeliumBPPressure,5,2024-07-19_07,7,2024-07-19_08,8,3.0423669475254655e-05,0.0003070099672576906,False,0.09909668323477709
Stat3_Etch_MV_HeliumBPPressure,5,2024-07-19_08,8,2024-07-19_09,9,2.9959571312687672e-05,0.0003070099672576906,False,0.09758501191442077
Stat3_Etch_MV_HeliumBPPressure,5,2024-07-19_09,9,2024-07-19_10,10,0.00014810806946030652,0.0003070099672576906,False,0.4824210457505803
Stat3_Etch_MV_HeliumBPPressure,6,2024-08-01_01,1,2024-08-01_02,2,6.31077247756906e-05,0.0003070099672576906,False,0.20555594770876204
Stat3_Etch_MV_HeliumBPPressure,6,2024-08-01_02,2,2024-08-01_03,3,2.8535129336759724e-05,0.0003070099672576906,False,0.0929452864076188
Stat3_Etch_MV_HeliumBPPressure,6,2024-08-01_03,3,2024-08-01_04,4,2.9561550029200134e-05,0.0003070099672576906,False,0.09628856774017201
Stat3_Etch_MV_HeliumBPPressure,6,2024-08-01_04,4,2024-08-01_05,5,3.0249867659648544e-05,0.0003070099672576906,False,0.09853057192197978
Stat3_Etch_MV_HeliumBPPressure,6,2024-08-01_05,5,2024-08-01_06,6,6.979516733451874e-06,0.0003070099672576906,False,0.022733844102180486
Stat3_Etch_MV_HeliumBPPressure,6,2024-08-01_06,6,2024-08-01_07,7,0.00011179514225467813,0.0003070099672576906,False,0.36414173537513267
Stat3_Etch_MV_HeliumBPPressure,6,2024-08-01_07,7,2024-08-01_08,8,0.00016212869137532948,0.0003070099672576906,False,0.5280893412794179
Stat3_Etch_MV_HeliumBPPressure,6,2024-08-01_08,8,2024-08-01_09,9,2.517503486032524e-05,0.0003070099672576906,False,0.08200070859326344
Stat3_Etch_MV_HeliumBPPressure,6,2024-08-01_09,9,2024-08-01_10,10,1.672597878155102e-05,0.0003070099672576906,False,0.05448024678466537
Stat3_Etch_MV_HeliumBPPressure,7,2024-08-05_01,1,2024-08-05_02,2,6.040712962729344e-06,0.0003070099672576906,False,0.019675950643188847
Stat3_Etch_MV_HeliumBPPressure,7,2024-08-05_02,2,2024-08-05_03,3,0.00011353568603134079,0.0003070099672576906,False,0.3698110750132224
Stat3_Etch_MV_HeliumBPPressure,7,2024-08-05_03,3,2024-08-05_04,4,3.5551906224284835e-05,0.0003070099672576906,False,0.11580049514954065
Stat3_Etch_MV_HeliumBPPressure,7,2024-08-05_04,4,2024-08-05_05,5,2.0083626644407104e-05,0.0003070099672576906,False,0.06541685543241596
Stat3_Etch_MV_HeliumBPPressure,7,2024-08-05_05,5,2024-08-05_06,6,7.94891508544282e-05,0.0003070099672576906,False,0.2589139094227143
Stat3_Etch_MV_HeliumBPPressure,8,2024-08-07_01,1,2024-08-07_02,2,2.7580521011927317e-05,0.0003070099672576906,False,0.08983591398769619
Stat3_Etch_MV_HeliumBPPressure,8,2024-08-07_02,2,2024-08-07_03,3,9.791337019926516e-05,0.0003070099672576906,False,0.3189257048357684
Stat3_Etch_MV_HeliumBPPressure,8,2024-08-07_03,3,2024-08-07_04,4,0.00014819389575926323,0.0003070099672576906,False,0.4827006011660716
Stat3_Etch_MV_HeliumBPPressure,8,2024-08-07_04,4,2024-08-07_05,5,8.174390660720121e-05,0.0003070099672576906,False,0.2662581522592359
Stat3_Etch_MV_HeliumBPPressure,8,2024-08-07_05,5,2024-08-07_06,6,4.955819857599408e-06,0.0003070099672576906,False,0.016142211609174603
Stat3_Etch_MV_HeliumBPPressure,8,2024-08-07_06,6,2024-08-07_07,7,1.2532708767665213e-05,0.0003070099672576906,False,0.04082183024743887
Stat3_Etch_MV_HeliumBPPressure,8,2024-08-07_07,7,2024-08-07_08,8,7.026724160041908e-05,0.0003070099672576906,False,0.2288760922912964
Stat3_Etch_MV_HeliumBPPressure,8,2024-08-07_08,8,2024-08-07_09,9,0.00013871869475856613,0.0003070099672576906,False,0.4518377562710587
Stat3_Etch_MV_HeliumBPPressure,8,2024-08-07_09,9,2024-08-07_10,10,0.0003170667906395863,0.0003070099672576906,True,1.032757318831458
Stat3_Etch_MV_HeliumBPPressure,9,2024-08-21_01,1,2024-08-21_02,2,0.0002457858257507439,0.0003070099672576906,False,0.8005793034870498
Stat3_Etch_MV_HeliumBPPressure,9,2024-08-21_02,2,2024-08-21_03,3,1.6156877432393912e-05,0.0003070099672576906,False,0.052626556644763726
Stat3_Etch_MV_HeliumBPPressure,9,2024-08-21_03,3,2024-08-21_04,4,5.893547056601278e-06,0.0003070099672576906,False,0.019196598433739106
Stat3_Etch_MV_HeliumBPPressure,9,2024-08-21_04,4,2024-08-21_05,5,3.2682594984123625e-05,0.0003070099672576906,False,0.10645450789775596
Stat3_Etch_MV_HeliumBPPressure,9,2024-08-21_05,5,2024-08-21_06,6,9.035650014510566e-05,0.0003070099672576906,False,0.29431129208018314
Stat3_Etch_MV_HeliumBPPressure,9,2024-08-21_06,6,2024-08-21_07,7,0.00014061977426216288,0.0003070099672576906,False,0.45802999660963073
Stat3_Etch_MV_HeliumBPPressure,9,2024-08-21_07,7,2024-08-21_08,8,2.894115464080471e-05,0.0003070099672576906,False,0.09426780146363387
Stat3_Etch_MV_HeliumBPPressure,9,2024-08-21_08,8,2024-08-21_09,9,0.00010494643962566386,0.0003070099672576906,False,0.3418339820139339
Stat3_Etch_MV_HeliumBPPressure,9,2024-08-21_09,9,2024-08-21_10,10,9.937736264120645e-05,0.0003070099672576906,False,0.32369425503958793
Stat3_Etch_MV_HeliumBPPressure,10,2024-08-22_01,1,2024-08-22_02,2,0.00012718679674250666,0.0003070099672576906,False,0.4142757900617333
Stat3_Etch_MV_HeliumBPPressure,10,2024-08-22_02,2,2024-08-22_03,3,7.042271292867497e-05,0.0003070099672576906,False,0.22938249711471176
Stat3_Etch_MV_HeliumBPPressure,10,2024-08-22_03,3,2024-08-22_04,4,4.293010351830162e-05,0.0003070099672576906,False,0.13983293083858736
Stat3_Etch_MV_HeliumBPPressure,10,2024-08-22_04,4,2024-08-22_05,5,3.0032657512890637e-05,0.0003070099672576906,False,0.09782306998418247
Stat3_Etch_MV_HeliumBPPressure,10,2024-08-22_05,5,2024-08-22_06,6,5.702457411160822e-05,0.0003070099672576906,False,0.1857417679985103
Stat3_Etch_MV_HeliumBPPressure,10,2024-08-22_06,6,2024-08-22_07,7,5.7458361386153456e-05,0.0003070099672576906,False,0.18715470999000317
Stat3_Etch_MV_HeliumBPPressure,10,2024-08-22_07,7,2024-08-22_08,8,0.0002728170376737893,0.0003070099672576906,False,0.8886259951449678
Stat3_Etch_MV_HeliumBPPressure,10,2024-08-22_08,8,2024-08-22_09,9,0.00018512772552981005,0.0003070099672576906,False,0.6030023298052144
Stat3_Etch_MV_HeliumBPPressure,10,2024-08-22_09,9,2024-08-22_10,10,2.624077786173018e-05,0.0003070099672576906,False,0.08547207146439265
Stat3_Etch_MV_PlatenDcBias,1,2024-07-02_01,1,2024-07-02_02,2,1.579987541588825,1.2246214736991006,True,1.2901844165906244
Stat3_Etch_MV_PlatenDcBias,1,2024-07-02_02,2,2024-07-02_03,3,0.7422811764897124,1.2246214736991006,False,0.6061311127001329
Stat3_Etch_MV_PlatenDcBias,1,2024-07-02_03,3,2024-07-02_04,4,0.7086003175316082,1.2246214736991006,False,0.5786280354787549
Stat3_Etch_MV_PlatenDcBias,1,2024-07-02_04,4,2024-07-02_05,5,0.9195098658786107,1.2246214736991006,False,0.7508523128384582
Stat3_Etch_MV_PlatenDcBias,1,2024-07-02_05,5,2024-07-02_06,6,0.6531009485169541,1.2246214736991006,False,0.5333084243118754
Stat3_Etch_MV_PlatenDcBias,1,2024-07-02_06,6,2024-07-02_07,7,0.40818734486608665,1.2246214736991006,False,0.3333171544290441
Stat3_Etch_MV_PlatenDcBias,1,2024-07-02_07,7,2024-07-02_08,8,0.3406062718914118,1.2246214736991006,False,0.2781318792839505
Stat3_Etch_MV_PlatenDcBias,1,2024-07-02_08,8,2024-07-02_09,9,0.5912406517810944,1.2246214736991006,False,0.48279461407383994
Stat3_Etch_MV_PlatenDcBias,1,2024-07-02_09,9,2024-07-02_10,10,0.06892581612210646,1.2246214736991006,False,0.05628336396381213
Stat3_Etch_MV_PlatenDcBias,2,2024-07-05_01,1,2024-07-05_02,2,0.8824492322358148,1.2246214736991006,False,0.720589383077109
Stat3_Etch_MV_PlatenDcBias,2,2024-07-05_02,2,2024-07-05_03,3,0.05120486251886369,1.2246214736991006,False,0.04181280797256797
Stat3_Etch_MV_PlatenDcBias,2,2024-07-05_03,3,2024-07-05_04,4,0.06187173044982197,1.2246214736991006,False,0.050523146767083686
Stat3_Etch_MV_PlatenDcBias,2,2024-07-05_04,4,2024-07-05_05,5,0.4005320580209597,1.2246214736991006,False,0.3270660090673648
Stat3_Etch_MV_PlatenDcBias,2,2024-07-05_05,5,2024-07-05_06,6,0.5184944022574802,1.2246214736991006,False,0.4233915649799217
Stat3_Etch_MV_PlatenDcBias,2,2024-07-05_06,6,2024-07-05_07,7,0.27665229114631495,1.2246214736991006,False,0.22590841095629086
Stat3_Etch_MV_PlatenDcBias,2,2024-07-05_07,7,2024-07-05_08,8,0.39613573035763894,1.2246214736991006,False,0.32347606086072334
Stat3_Etch_MV_PlatenDcBias,2,2024-07-05_08,8,2024-07-05_09,9,0.19339179346924018,1.2246214736991006,False,0.1579196491509164
Stat3_Etch_MV_PlatenDcBias,2,2024-07-05_09,9,2024-07-05_10,10,0.2997056157261042,1.2246214736991006,False,0.24473326833050807
Stat3_Etch_MV_PlatenDcBias,3,2024-07-09_01,1,2024-07-09_02,2,1.0051248019937233,1.2246214736991006,False,0.8207636592861923
Stat3_Etch_MV_PlatenDcBias,3,2024-07-09_02,2,2024-07-09_03,3,0.14712330228141735,1.2246214736991006,False,0.12013777762447332
Stat3_Etch_MV_PlatenDcBias,3,2024-07-09_03,3,2024-07-09_04,4,0.1685730784702093,1.2246214736991006,False,0.13765321129068253
Stat3_Etch_MV_PlatenDcBias,3,2024-07-09_04,4,2024-07-09_05,5,0.5451167390976379,1.2246214736991006,False,0.4451308022968553
Stat3_Etch_MV_PlatenDcBias,3,2024-07-09_05,5,2024-07-09_06,6,0.20964146462039146,1.2246214736991006,False,0.1711887870030132
Stat3_Etch_MV_PlatenDcBias,3,2024-07-09_06,6,2024-07-09_07,7,0.34289372531305107,1.2246214736991006,False,0.2799997653783612
Stat3_Etch_MV_PlatenDcBias,3,2024-07-09_07,7,2024-07-09_08,8,0.3372244649092133,1.2246214736991006,False,0.27537036721280955
Stat3_Etch_MV_PlatenDcBias,3,2024-07-09_08,8,2024-07-09_09,9,0.31960063016331963,1.2246214736991006,False,0.26097911642683486
Stat3_Etch_MV_PlatenDcBias,3,2024-07-09_09,9,2024-07-09_10,10,0.4301028689501267,1.2246214736991006,False,0.3512129079779688
Stat3_Etch_MV_PlatenDcBias,4,2024-07-11_01,1,2024-07-11_02,2,0.3420186661746869,1.2246214736991006,False,0.27928521058967126
Stat3_Etch_MV_PlatenDcBias,4,2024-07-11_02,2,2024-07-11_03,3,0.725925952184757,1.2246214736991006,False,0.5927757823746302
Stat3_Etch_MV_PlatenDcBias,4,2024-07-11_03,3,2024-07-11_04,4,0.6464530206642118,1.2246214736991006,False,0.5278798670021122
Stat3_Etch_MV_PlatenDcBias,4,2024-07-11_04,4,2024-07-11_05,5,0.47556997971668213,1.2246214736991006,False,0.3883403891981185
Stat3_Etch_MV_PlatenDcBias,4,2024-07-11_05,5,2024-07-11_06,6,0.5197934146239116,1.2246214736991006,False,0.4244523110098828
Stat3_Etch_MV_PlatenDcBias,4,2024-07-11_06,6,2024-07-11_07,7,0.28295090559292335,1.2246214736991006,False,0.2310517263250658
Stat3_Etch_MV_PlatenDcBias,4,2024-07-11_07,7,2024-07-11_08,8,0.1833360334086196,1.2246214736991006,False,0.1497083281210425
Stat3_Etch_MV_PlatenDcBias,4,2024-07-11_08,8,2024-07-11_09,9,0.45820275731210725,1.2246214736991006,False,0.3741586826238288
Stat3_Etch_MV_PlatenDcBias,4,2024-07-11_09,9,2024-07-11_10,10,1.0898136770916982,1.2246214736991006,False,0.8899188038894982
Stat3_Etch_MV_PlatenDcBias,5,2024-07-19_01,1,2024-07-19_02,2,0.8961417014068092,1.2246214736991006,False,0.7317703638659193
Stat3_Etch_MV_PlatenDcBias,5,2024-07-19_02,2,2024-07-19_03,3,0.1492523555016385,1.2246214736991006,False,0.12187631746388193
Stat3_Etch_MV_PlatenDcBias,5,2024-07-19_03,3,2024-07-19_04,4,0.0734355758828169,1.2246214736991006,False,0.0599659384225861
Stat3_Etch_MV_PlatenDcBias,5,2024-07-19_04,4,2024-07-19_05,5,0.02411837252468718,1.2246214736991006,False,0.019694553004884888
Stat3_Etch_MV_PlatenDcBias,5,2024-07-19_05,5,2024-07-19_06,6,0.037583525491946546,1.2246214736991006,False,0.030689912188475246
Stat3_Etch_MV_PlatenDcBias,5,2024-07-19_06,6,2024-07-19_07,7,0.19368114467143904,1.2246214736991006,False,0.15815592722411143
Stat3_Etch_MV_PlatenDcBias,5,2024-07-19_07,7,2024-07-19_08,8,0.03259047637201107,1.2246214736991006,False,0.026612693858427974
Stat3_Etch_MV_PlatenDcBias,5,2024-07-19_08,8,2024-07-19_09,9,0.33721420079259046,1.2246214736991006,False,0.27536198575221676
Stat3_Etch_MV_PlatenDcBias,5,2024-07-19_09,9,2024-07-19_10,10,0.08988399672684588,1.2246214736991006,False,0.07339737107119446
Stat3_Etch_MV_PlatenDcBias,6,2024-08-01_01,1,2024-08-01_02,2,0.032316182094364265,1.2246214736991006,False,0.026388710951433646
Stat3_Etch_MV_PlatenDcBias,6,2024-08-01_02,2,2024-08-01_03,3,0.06006908695568125,1.2246214736991006,False,0.04905114620784505
Stat3_Etch_MV_PlatenDcBias,6,2024-08-01_03,3,2024-08-01_04,4,0.3696889858616741,1.2246214736991006,False,0.30188020853904257
Stat3_Etch_MV_PlatenDcBias,6,2024-08-01_04,4,2024-08-01_05,5,0.14937055915725317,1.2246214736991006,False,0.12197284006956319
Stat3_Etch_MV_PlatenDcBias,6,2024-08-01_05,5,2024-08-01_06,6,0.022159794305431912,1.2246214736991006,False,0.018095219446459546
Stat3_Etch_MV_PlatenDcBias,6,2024-08-01_06,6,2024-08-01_07,7,0.3062598632153528,1.2246214736991006,False,0.25008532823637497
Stat3_Etch_MV_PlatenDcBias,6,2024-08-01_07,7,2024-08-01_08,8,0.5530662225266427,1.2246214736991006,False,0.4516221823679499
Stat3_Etch_MV_PlatenDcBias,6,2024-08-01_08,8,2024-08-01_09,9,0.48960061168444513,1.2246214736991006,False,0.3997975065760965
Stat3_Etch_MV_PlatenDcBias,6,2024-08-01_09,9,2024-08-01_10,10,0.009870746693711574,1.2246214736991006,False,0.008060243026684748
Stat3_Etch_MV_PlatenDcBias,7,2024-08-05_01,1,2024-08-05_02,2,0.42208589535833063,1.2246214736991006,False,0.3446664168670625
Stat3_Etch_MV_PlatenDcBias,7,2024-08-05_02,2,2024-08-05_03,3,0.5104673021575188,1.2246214736991006,False,0.41683680477657925
Stat3_Etch_MV_PlatenDcBias,7,2024-08-05_03,3,2024-08-05_04,4,0.7327652237850413,1.2246214736991006,False,0.5983605869425475
Stat3_Etch_MV_PlatenDcBias,7,2024-08-05_04,4,2024-08-05_05,5,0.20799955911736934,1.2246214736991006,False,0.16984804168841197
Stat3_Etch_MV_PlatenDcBias,7,2024-08-05_05,5,2024-08-05_06,6,0.2526554705850801,1.2246214736991006,False,0.2063131147144653
Stat3_Etch_MV_PlatenDcBias,8,2024-08-07_01,1,2024-08-07_02,2,0.39772430945842707,1.2246214736991006,False,0.32477326096288195
Stat3_Etch_MV_PlatenDcBias,8,2024-08-07_02,2,2024-08-07_03,3,0.4756852489724146,1.2246214736991006,False,0.3884345156349058
Stat3_Etch_MV_PlatenDcBias,8,2024-08-07_03,3,2024-08-07_04,4,0.8479344842306062,1.2246214736991006,False,0.6924053696929952
Stat3_Etch_MV_PlatenDcBias,8,2024-08-07_04,4,2024-08-07_05,5,0.47122272573199186,1.2246214736991006,False,0.3847905135197516
Stat3_Etch_MV_PlatenDcBias,8,2024-08-07_05,5,2024-08-07_06,6,0.13359690991455064,1.2246214736991006,False,0.1090924116421108
Stat3_Etch_MV_PlatenDcBias,8,2024-08-07_06,6,2024-08-07_07,7,0.034888535471051974,1.2246214736991006,False,0.028489240324740844
Stat3_Etch_MV_PlatenDcBias,8,2024-08-07_07,7,2024-08-07_08,8,0.29021580542976677,1.2246214736991006,False,0.23698408991076955
Stat3_Etch_MV_PlatenDcBias,8,2024-08-07_08,8,2024-08-07_09,9,0.023052847607765603,1.2246214736991006,False,0.018824467888948575
Stat3_Etch_MV_PlatenDcBias,8,2024-08-07_09,9,2024-08-07_10,10,0.5788588815622555,1.2246214736991006,False,0.4726839223337724
Stat3_Etch_MV_PlatenDcBias,9,2024-08-21_01,1,2024-08-21_02,2,0.9276276934568584,1.2246214736991006,False,0.7574811591820771
Stat3_Etch_MV_PlatenDcBias,9,2024-08-21_02,2,2024-08-21_03,3,0.3690945083738715,1.2246214736991006,False,0.30139477079311855
Stat3_Etch_MV_PlatenDcBias,9,2024-08-21_03,3,2024-08-21_04,4,0.5704991862133308,1.2246214736991006,False,0.4658575718830708
Stat3_Etch_MV_PlatenDcBias,9,2024-08-21_04,4,2024-08-21_05,5,0.3510557356884014,1.2246214736991006,False,0.2866646904598201
Stat3_Etch_MV_PlatenDcBias,9,2024-08-21_05,5,2024-08-21_06,6,0.0645858068698093,1.2246214736991006,False,0.052739404180722836
Stat3_Etch_MV_PlatenDcBias,9,2024-08-21_06,6,2024-08-21_07,7,0.31154190754006983,1.2246214736991006,False,0.25439853393965406
Stat3_Etch_MV_PlatenDcBias,9,2024-08-21_07,7,2024-08-21_08,8,0.10147733674208581,1.2246214736991006,False,0.08286424737887588
Stat3_Etch_MV_PlatenDcBias,9,2024-08-21_08,8,2024-08-21_09,9,0.3200685381615851,1.2246214736991006,False,0.2613612002039975
Stat3_Etch_MV_PlatenDcBias,9,2024-08-21_09,9,2024-08-21_10,10,0.3171278652366567,1.2246214736991006,False,0.25895990887595494
Stat3_Etch_MV_PlatenDcBias,10,2024-08-22_01,1,2024-08-22_02,2,0.015254206569352391,1.2246214736991006,False,0.012456262524350012
Stat3_Etch_MV_PlatenDcBias,10,2024-08-22_02,2,2024-08-22_03,3,0.05930942407588802,1.2246214736991006,False,0.048430821563774755
Stat3_Etch_MV_PlatenDcBias,10,2024-08-22_03,3,2024-08-22_04,4,0.40086477486362515,1.2246214736991006,False,0.32733769860557
Stat3_Etch_MV_PlatenDcBias,10,2024-08-22_04,4,2024-08-22_05,5,0.48291771830356733,1.2246214736991006,False,0.3943403971554268
Stat3_Etch_MV_PlatenDcBias,10,2024-08-22_05,5,2024-08-22_06,6,0.5690776699584594,1.2246214736991006,False,0.46469679176823453
Stat3_Etch_MV_PlatenDcBias,10,2024-08-22_06,6,2024-08-22_07,7,0.5990681058698062,1.2246214736991006,False,0.4891863475660415
Stat3_Etch_MV_PlatenDcBias,10,2024-08-22_07,7,2024-08-22_08,8,0.16959939518382416,1.2246214736991006,False,0.1384912798168817
Stat3_Etch_MV_PlatenDcBias,10,2024-08-22_08,8,2024-08-22_09,9,0.018461186704899823,1.2246214736991006,False,0.015075014689343825
Stat3_Etch_MV_PlatenDcBias,10,2024-08-22_09,9,2024-08-22_10,10,0.06131445747366904,1.2246214736991006,False,0.050068089438659064
Stat3_Etch_MV_PlatenRFLoadCapacitor,1,2024-07-02_01,1,2024-07-02_02,2,0.8671831112262112,1.0352981122368834,False,0.8376168187465928
Stat3_Etch_MV_PlatenRFLoadCapacitor,1,2024-07-02_02,2,2024-07-02_03,3,0.23761684654667192,1.0352981122368834,False,0.22951538666797408
Stat3_Etch_MV_PlatenRFLoadCapacitor,1,2024-07-02_03,3,2024-07-02_04,4,0.17664022748823527,1.0352981122368834,False,0.17061774323782283
Stat3_Etch_MV_PlatenRFLoadCapacitor,1,2024-07-02_04,4,2024-07-02_05,5,0.05921984496379196,1.0352981122368834,False,0.057200765908710594
Stat3_Etch_MV_PlatenRFLoadCapacitor,1,2024-07-02_05,5,2024-07-02_06,6,0.10309844620286412,1.0352981122368834,False,0.09958334221252253
Stat3_Etch_MV_PlatenRFLoadCapacitor,1,2024-07-02_06,6,2024-07-02_07,7,0.010776017655956593,1.0352981122368834,False,0.010408613256981353
Stat3_Etch_MV_PlatenRFLoadCapacitor,1,2024-07-02_07,7,2024-07-02_08,8,0.01461461698242772,1.0352981122368834,False,0.014116336936856882
Stat3_Etch_MV_PlatenRFLoadCapacitor,1,2024-07-02_08,8,2024-07-02_09,9,0.02058058043100175,1.0352981122368834,False,0.019878893033558213
Stat3_Etch_MV_PlatenRFLoadCapacitor,1,2024-07-02_09,9,2024-07-02_10,10,0.06163309863400457,1.0352981122368834,False,0.05953174057358127
Stat3_Etch_MV_PlatenRFLoadCapacitor,2,2024-07-05_01,1,2024-07-05_02,2,1.2932557589262927,1.0352981122368834,True,1.2491626746349045
Stat3_Etch_MV_PlatenRFLoadCapacitor,2,2024-07-05_02,2,2024-07-05_03,3,0.30818583131380706,1.0352981122368834,False,0.2976783475900823
Stat3_Etch_MV_PlatenRFLoadCapacitor,2,2024-07-05_03,3,2024-07-05_04,4,0.20635699472207136,1.0352981122368834,False,0.19932132811119765
Stat3_Etch_MV_PlatenRFLoadCapacitor,2,2024-07-05_04,4,2024-07-05_05,5,0.11718656972193742,1.0352981122368834,False,0.11319113628898834
Stat3_Etch_MV_PlatenRFLoadCapacitor,2,2024-07-05_05,5,2024-07-05_06,6,0.018188376562463304,1.0352981122368834,False,0.017568250485036796
Stat3_Etch_MV_PlatenRFLoadCapacitor,2,2024-07-05_06,6,2024-07-05_07,7,0.004677504412001099,1.0352981122368834,False,0.004518026601917394
Stat3_Etch_MV_PlatenRFLoadCapacitor,2,2024-07-05_07,7,2024-07-05_08,8,0.13193334157276126,1.0352981122368834,False,0.12743512232211432
Stat3_Etch_MV_PlatenRFLoadCapacitor,2,2024-07-05_08,8,2024-07-05_09,9,0.14152789218614714,1.0352981122368834,False,0.1367025502252288
Stat3_Etch_MV_PlatenRFLoadCapacitor,2,2024-07-05_09,9,2024-07-05_10,10,0.030437938144316945,1.0352981122368834,False,0.029400167724204767
Stat3_Etch_MV_PlatenRFLoadCapacitor,3,2024-07-09_01,1,2024-07-09_02,2,1.1771267950502988,1.0352981122368834,True,1.136993085505563
Stat3_Etch_MV_PlatenRFLoadCapacitor,3,2024-07-09_02,2,2024-07-09_03,3,0.32091223870448005,1.0352981122368834,False,0.3099708527538135
Stat3_Etch_MV_PlatenRFLoadCapacitor,3,2024-07-09_03,3,2024-07-09_04,4,0.19671137384843007,1.0352981122368834,False,0.19000457116975902
Stat3_Etch_MV_PlatenRFLoadCapacitor,3,2024-07-09_04,4,2024-07-09_05,5,0.2514592608474828,1.0352981122368834,False,0.24288584889252382
Stat3_Etch_MV_PlatenRFLoadCapacitor,3,2024-07-09_05,5,2024-07-09_06,6,0.3730929271072938,1.0352981122368834,False,0.3603724595818905
Stat3_Etch_MV_PlatenRFLoadCapacitor,3,2024-07-09_06,6,2024-07-09_07,7,0.04841064086154745,1.0352981122368834,False,0.046760097685246006
Stat3_Etch_MV_PlatenRFLoadCapacitor,3,2024-07-09_07,7,2024-07-09_08,8,0.029220567420054522,1.0352981122368834,False,0.028224302811602785
Stat3_Etch_MV_PlatenRFLoadCapacitor,3,2024-07-09_08,8,2024-07-09_09,9,0.0898534481747646,1.0352981122368834,False,0.08678992757035521
Stat3_Etch_MV_PlatenRFLoadCapacitor,3,2024-07-09_09,9,2024-07-09_10,10,0.002464911519268753,1.0352981122368834,False,0.002380871258369265
Stat3_Etch_MV_PlatenRFLoadCapacitor,4,2024-07-11_01,1,2024-07-11_02,2,1.0342169851430754,1.0352981122368834,False,0.9989557335408715
Stat3_Etch_MV_PlatenRFLoadCapacitor,4,2024-07-11_02,2,2024-07-11_03,3,0.10142546485164416,1.0352981122368834,False,0.09796740055142428
Stat3_Etch_MV_PlatenRFLoadCapacitor,4,2024-07-11_03,3,2024-07-11_04,4,0.3625779129808677,1.0352981122368834,False,0.35021595103411857
Stat3_Etch_MV_PlatenRFLoadCapacitor,4,2024-07-11_04,4,2024-07-11_05,5,0.25380633862589264,1.0352981122368834,False,0.2451529039085314
Stat3_Etch_MV_PlatenRFLoadCapacitor,4,2024-07-11_05,5,2024-07-11_06,6,0.27469746681939,1.0352981122368834,False,0.26533175669167774
Stat3_Etch_MV_PlatenRFLoadCapacitor,4,2024-07-11_06,6,2024-07-11_07,7,0.048999860230537706,1.0352981122368834,False,0.0473292278343556
Stat3_Etch_MV_PlatenRFLoadCapacitor,4,2024-07-11_07,7,2024-07-11_08,8,0.06759785009290908,1.0352981122368834,False,0.06529312600295964
Stat3_Etch_MV_PlatenRFLoadCapacitor,4,2024-07-11_08,8,2024-07-11_09,9,0.14853118766781392,1.0352981122368834,False,0.1434670708969949
Stat3_Etch_MV_PlatenRFLoadCapacitor,4,2024-07-11_09,9,2024-07-11_10,10,0.36945916627821873,1.0352981122368834,False,0.3568625905054137
Stat3_Etch_MV_PlatenRFLoadCapacitor,5,2024-07-19_01,1,2024-07-19_02,2,0.7548226603357193,1.0352981122368834,False,0.7290872565244383
Stat3_Etch_MV_PlatenRFLoadCapacitor,5,2024-07-19_02,2,2024-07-19_03,3,0.16307332937749663,1.0352981122368834,False,0.15751340357914642
Stat3_Etch_MV_PlatenRFLoadCapacitor,5,2024-07-19_03,3,2024-07-19_04,4,0.07278732202975391,1.0352981122368834,False,0.07030566478334277
Stat3_Etch_MV_PlatenRFLoadCapacitor,5,2024-07-19_04,4,2024-07-19_05,5,0.06239513132244667,1.0352981122368834,False,0.060267792034928616
Stat3_Etch_MV_PlatenRFLoadCapacitor,5,2024-07-19_05,5,2024-07-19_06,6,0.019462028438468337,1.0352981122368834,False,0.018798477664001854
Stat3_Etch_MV_PlatenRFLoadCapacitor,5,2024-07-19_06,6,2024-07-19_07,7,0.0029277559736584635,1.0352981122368834,False,0.002827935199584883
Stat3_Etch_MV_PlatenRFLoadCapacitor,5,2024-07-19_07,7,2024-07-19_08,8,0.001445485796551793,1.0352981122368834,False,0.0013962024845468432
Stat3_Etch_MV_PlatenRFLoadCapacitor,5,2024-07-19_08,8,2024-07-19_09,9,0.17884617987246543,1.0352981122368834,False,0.1727484844785887
Stat3_Etch_MV_PlatenRFLoadCapacitor,5,2024-07-19_09,9,2024-07-19_10,10,0.39701254080623016,1.0352981122368834,False,0.38347654275968673
Stat3_Etch_MV_PlatenRFLoadCapacitor,6,2024-08-01_01,1,2024-08-01_02,2,0.4859139882886012,1.0352981122368834,False,0.4693469277546801
Stat3_Etch_MV_PlatenRFLoadCapacitor,6,2024-08-01_02,2,2024-08-01_03,3,0.421669012967925,1.0352981122368834,False,0.4072923614792067
Stat3_Etch_MV_PlatenRFLoadCapacitor,6,2024-08-01_03,3,2024-08-01_04,4,0.13565009821208207,1.0352981122368834,False,0.13102515749690113
Stat3_Etch_MV_PlatenRFLoadCapacitor,6,2024-08-01_04,4,2024-08-01_05,5,0.08664112074737318,1.0352981122368834,False,0.08368712327715429
Stat3_Etch_MV_PlatenRFLoadCapacitor,6,2024-08-01_05,5,2024-08-01_06,6,0.23690186757234244,1.0352981122368834,False,0.22882478464148656
Stat3_Etch_MV_PlatenRFLoadCapacitor,6,2024-08-01_06,6,2024-08-01_07,7,0.3023765301598047,1.0352981122368834,False,0.2920671124440521
Stat3_Etch_MV_PlatenRFLoadCapacitor,6,2024-08-01_07,7,2024-08-01_08,8,0.2914013123895103,1.0352981122368834,False,0.2814660907281126
Stat3_Etch_MV_PlatenRFLoadCapacitor,6,2024-08-01_08,8,2024-08-01_09,9,0.3353707742565888,1.0352981122368834,False,0.32393642979989673
Stat3_Etch_MV_PlatenRFLoadCapacitor,6,2024-08-01_09,9,2024-08-01_10,10,0.4137487044286985,1.0352981122368834,False,0.39964209297624015
Stat3_Etch_MV_PlatenRFLoadCapacitor,7,2024-08-05_01,1,2024-08-05_02,2,1.0796450654436143,1.0352981122368834,True,1.0428349599816367
Stat3_Etch_MV_PlatenRFLoadCapacitor,7,2024-08-05_02,2,2024-08-05_03,3,0.29254432762107285,1.0352981122368834,False,0.28257013527146924
Stat3_Etch_MV_PlatenRFLoadCapacitor,7,2024-08-05_03,3,2024-08-05_04,4,0.15909809108877937,1.0352981122368834,False,0.15367369959269916
Stat3_Etch_MV_PlatenRFLoadCapacitor,7,2024-08-05_04,4,2024-08-05_05,5,0.07990022526911389,1.0352981122368834,False,0.07717605617620615
Stat3_Etch_MV_PlatenRFLoadCapacitor,7,2024-08-05_05,5,2024-08-05_06,6,0.19735721685951546,1.0352981122368834,False,0.19062839439850032
Stat3_Etch_MV_PlatenRFLoadCapacitor,8,2024-08-07_01,1,2024-08-07_02,2,1.0803394671372502,1.0352981122368834,True,1.0435056863023247
Stat3_Etch_MV_PlatenRFLoadCapacitor,8,2024-08-07_02,2,2024-08-07_03,3,0.4599238115570472,1.0352981122368834,False,0.44424287663707573
Stat3_Etch_MV_PlatenRFLoadCapacitor,8,2024-08-07_03,3,2024-08-07_04,4,0.39551802267416747,1.0352981122368834,False,0.38203297967925803
Stat3_Etch_MV_PlatenRFLoadCapacitor,8,2024-08-07_04,4,2024-08-07_05,5,0.18076037762330088,1.0352981122368834,False,0.17459741835397227
Stat3_Etch_MV_PlatenRFLoadCapacitor,8,2024-08-07_05,5,2024-08-07_06,6,0.29057193930329106,1.0352981122368834,False,0.2806649948153351
Stat3_Etch_MV_PlatenRFLoadCapacitor,8,2024-08-07_06,6,2024-08-07_07,7,0.2596013654714113,1.0352981122368834,False,0.25075035142342916
Stat3_Etch_MV_PlatenRFLoadCapacitor,8,2024-08-07_07,7,2024-08-07_08,8,1.7367361304917353,1.0352981122368834,True,1.677522744380662
Stat3_Etch_MV_PlatenRFLoadCapacitor,8,2024-08-07_08,8,2024-08-07_09,9,0.45019316134423093,1.0352981122368834,False,0.4348439894008264
Stat3_Etch_MV_PlatenRFLoadCapacitor,8,2024-08-07_09,9,2024-08-07_10,10,0.6104203983475998,1.0352981122368834,False,0.5896083370892222
Stat3_Etch_MV_PlatenRFLoadCapacitor,9,2024-08-21_01,1,2024-08-21_02,2,1.1642265141797878,1.0352981122368834,True,1.1245326350149905
Stat3_Etch_MV_PlatenRFLoadCapacitor,9,2024-08-21_02,2,2024-08-21_03,3,0.43641121350066214,1.0352981122368834,False,0.42153193205167194
Stat3_Etch_MV_PlatenRFLoadCapacitor,9,2024-08-21_03,3,2024-08-21_04,4,0.18532427544599273,1.0352981122368834,False,0.17900571174188448
Stat3_Etch_MV_PlatenRFLoadCapacitor,9,2024-08-21_04,4,2024-08-21_05,5,0.11531637267758299,1.0352981122368834,False,0.11138470293201674
Stat3_Etch_MV_PlatenRFLoadCapacitor,9,2024-08-21_05,5,2024-08-21_06,6,0.12330064646438643,1.0352981122368834,False,0.11909675581073056
Stat3_Etch_MV_PlatenRFLoadCapacitor,9,2024-08-21_06,6,2024-08-21_07,7,0.30966080211207725,1.0352981122368834,False,0.299103029795948
Stat3_Etch_MV_PlatenRFLoadCapacitor,9,2024-08-21_07,7,2024-08-21_08,8,0.2119969395200485,1.0352981122368834,False,0.20476898104450725
Stat3_Etch_MV_PlatenRFLoadCapacitor,9,2024-08-21_08,8,2024-08-21_09,9,0.8119123324741224,1.0352981122368834,False,0.7842304770747531
Stat3_Etch_MV_PlatenRFLoadCapacitor,9,2024-08-21_09,9,2024-08-21_10,10,1.1032496048229774,1.0352981122368834,True,1.065634711184083
Stat3_Etch_MV_PlatenRFLoadCapacitor,10,2024-08-22_01,1,2024-08-22_02,2,0.8646757425183011,1.0352981122368834,False,0.8351949378619724
Stat3_Etch_MV_PlatenRFLoadCapacitor,10,2024-08-22_02,2,2024-08-22_03,3,0.15452076882149868,1.0352981122368834,False,0.1492524394617492
Stat3_Etch_MV_PlatenRFLoadCapacitor,10,2024-08-22_03,3,2024-08-22_04,4,0.21497661831958226,1.0352981122368834,False,0.20764706878012168
Stat3_Etch_MV_PlatenRFLoadCapacitor,10,2024-08-22_04,4,2024-08-22_05,5,0.05573008402079438,1.0352981122368834,False,0.05382998709461855
Stat3_Etch_MV_PlatenRFLoadCapacitor,10,2024-08-22_05,5,2024-08-22_06,6,0.07466252495090941,1.0352981122368834,False,0.0721169333435683
Stat3_Etch_MV_PlatenRFLoadCapacitor,10,2024-08-22_06,6,2024-08-22_07,7,0.03402627949868986,1.0352981122368834,False,0.03286616588643447
Stat3_Etch_MV_PlatenRFLoadCapacitor,10,2024-08-22_07,7,2024-08-22_08,8,0.31420766832138725,1.0352981122368834,False,0.3034948722571363
Stat3_Etch_MV_PlatenRFLoadCapacitor,10,2024-08-22_08,8,2024-08-22_09,9,0.46067478078680324,1.0352981122368834,False,0.4449682418443333
Stat3_Etch_MV_PlatenRFLoadCapacitor,10,2024-08-22_09,9,2024-08-22_10,10,0.029420517969455773,1.0352981122368834,False,0.02841743611981411
Stat3_Etch_MV_PlatenRFLoadPower,1,2024-07-02_01,1,2024-07-02_02,2,0.018470114521235814,0.13702478254388262,False,0.13479397068424978
Stat3_Etch_MV_PlatenRFLoadPower,1,2024-07-02_02,2,2024-07-02_03,3,0.05089902481095265,0.13702478254388262,False,0.3714585337484632
Stat3_Etch_MV_PlatenRFLoadPower,1,2024-07-02_03,3,2024-07-02_04,4,0.011756586398156799,0.13702478254388262,False,0.08579897869490663
Stat3_Etch_MV_PlatenRFLoadPower,1,2024-07-02_04,4,2024-07-02_05,5,0.0706648734213644,0.13702478254388262,False,0.5157087069175517
Stat3_Etch_MV_PlatenRFLoadPower,1,2024-07-02_05,5,2024-07-02_06,6,0.08002714172698688,0.13702478254388262,False,0.5840340720946442
Stat3_Etch_MV_PlatenRFLoadPower,1,2024-07-02_06,6,2024-07-02_07,7,0.006430410676593112,0.13702478254388262,False,0.04692881504507225
Stat3_Etch_MV_PlatenRFLoadPower,1,2024-07-02_07,7,2024-07-02_08,8,0.06947583260240009,0.13702478254388262,False,0.5070311465748922
Stat3_Etch_MV_PlatenRFLoadPower,1,2024-07-02_08,8,2024-07-02_09,9,0.03967222465275455,0.13702478254388262,False,0.2895259084979711
Stat3_Etch_MV_PlatenRFLoadPower,1,2024-07-02_09,9,2024-07-02_10,10,0.030286679273281436,0.13702478254388262,False,0.22103066840176908
Stat3_Etch_MV_PlatenRFLoadPower,2,2024-07-05_01,1,2024-07-05_02,2,0.040162639140874035,0.13702478254388262,False,0.2931049288694315
Stat3_Etch_MV_PlatenRFLoadPower,2,2024-07-05_02,2,2024-07-05_03,3,0.019142066495220433,0.13702478254388262,False,0.13969784253509124
Stat3_Etch_MV_PlatenRFLoadPower,2,2024-07-05_03,3,2024-07-05_04,4,0.09209194644222407,0.13702478254388262,False,0.6720824126302214
Stat3_Etch_MV_PlatenRFLoadPower,2,2024-07-05_04,4,2024-07-05_05,5,0.08250503934065279,0.13702478254388262,False,0.6021176447715236
Stat3_Etch_MV_PlatenRFLoadPower,2,2024-07-05_05,5,2024-07-05_06,6,0.01987090812299641,0.13702478254388262,False,0.14501689222993433
Stat3_Etch_MV_PlatenRFLoadPower,2,2024-07-05_06,6,2024-07-05_07,7,0.008933504892247868,0.13702478254388262,False,0.06519627126127264
Stat3_Etch_MV_PlatenRFLoadPower,2,2024-07-05_07,7,2024-07-05_08,8,0.06173364575937512,0.13702478254388262,False,0.4505290547686491
Stat3_Etch_MV_PlatenRFLoadPower,2,2024-07-05_08,8,2024-07-05_09,9,0.03902517936456462,0.13702478254388262,False,0.28480380439258635
Stat3_Etch_MV_PlatenRFLoadPower,2,2024-07-05_09,9,2024-07-05_10,10,0.03202826091327182,0.13702478254388262,False,0.23374064398178973
Stat3_Etch_MV_PlatenRFLoadPower,3,2024-07-09_01,1,2024-07-09_02,2,0.08847278890534227,0.13702478254388262,False,0.6456699821947068
Stat3_Etch_MV_PlatenRFLoadPower,3,2024-07-09_02,2,2024-07-09_03,3,0.03579667570818401,0.13702478254388262,False,0.2612423464107306
Stat3_Etch_MV_PlatenRFLoadPower,3,2024-07-09_03,3,2024-07-09_04,4,0.021039095176355715,0.13702478254388262,False,0.15354226283568725
Stat3_Etch_MV_PlatenRFLoadPower,3,2024-07-09_04,4,2024-07-09_05,5,0.0325212351525721,0.13702478254388262,False,0.2373383452891602
Stat3_Etch_MV_PlatenRFLoadPower,3,2024-07-09_05,5,2024-07-09_06,6,0.024451084314492277,0.13702478254388262,False,0.17844278867336819
Stat3_Etch_MV_PlatenRFLoadPower,3,2024-07-09_06,6,2024-07-09_07,7,0.012621097369759582,0.13702478254388262,False,0.0921081364658808
Stat3_Etch_MV_PlatenRFLoadPower,3,2024-07-09_07,7,2024-07-09_08,8,0.013283574186822023,0.13702478254388262,False,0.09694285909607568
Stat3_Etch_MV_PlatenRFLoadPower,3,2024-07-09_08,8,2024-07-09_09,9,0.01312206342966249,0.13702478254388262,False,0.09576416167973197
Stat3_Etch_MV_PlatenRFLoadPower,3,2024-07-09_09,9,2024-07-09_10,10,0.017071216873326023,0.13702478254388262,False,0.12458488571480791
Stat3_Etch_MV_PlatenRFLoadPower,4,2024-07-11_01,1,2024-07-11_02,2,0.014002510584987249,0.13702478254388262,False,0.10218962092133152
Stat3_Etch_MV_PlatenRFLoadPower,4,2024-07-11_02,2,2024-07-11_03,3,0.0036272693812335888,0.13702478254388262,False,0.026471630269305074
Stat3_Etch_MV_PlatenRFLoadPower,4,2024-07-11_03,3,2024-07-11_04,4,0.053081989750744185,0.13702478254388262,False,0.38738970254336663
Stat3_Etch_MV_PlatenRFLoadPower,4,2024-07-11_04,4,2024-07-11_05,5,0.07157923414820289,0.13702478254388262,False,0.5223816657054676
Stat3_Etch_MV_PlatenRFLoadPower,4,2024-07-11_05,5,2024-07-11_06,6,0.04045215683788683,0.13702478254388262,False,0.29521781452148554
Stat3_Etch_MV_PlatenRFLoadPower,4,2024-07-11_06,6,2024-07-11_07,7,0.04880331438939578,0.13702478254388262,False,0.356164144057418
Stat3_Etch_MV_PlatenRFLoadPower,4,2024-07-11_07,7,2024-07-11_08,8,0.01615328359644508,0.13702478254388262,False,0.11788585463561628
Stat3_Etch_MV_PlatenRFLoadPower,4,2024-07-11_08,8,2024-07-11_09,9,0.06537104662816517,0.13702478254388262,False,0.4770746241266969
Stat3_Etch_MV_PlatenRFLoadPower,4,2024-07-11_09,9,2024-07-11_10,10,0.0011321138400646191,0.13702478254388262,False,0.00826211010188654
Stat3_Etch_MV_PlatenRFLoadPower,5,2024-07-19_01,1,2024-07-19_02,2,0.11025804110022364,0.13702478254388262,False,0.8046576615796719
Stat3_Etch_MV_PlatenRFLoadPower,5,2024-07-19_02,2,2024-07-19_03,3,0.03364727611145213,0.13702478254388262,False,0.2455561358083271
Stat3_Etch_MV_PlatenRFLoadPower,5,2024-07-19_03,3,2024-07-19_04,4,0.12193557940801014,0.13702478254388262,False,0.8898797512702484
Stat3_Etch_MV_PlatenRFLoadPower,5,2024-07-19_04,4,2024-07-19_05,5,0.13063973854623612,0.13702478254388262,False,0.9534022687056506
Stat3_Etch_MV_PlatenRFLoadPower,5,2024-07-19_05,5,2024-07-19_06,6,0.011778806212596749,0.13702478254388262,False,0.08596113778779067
Stat3_Etch_MV_PlatenRFLoadPower,5,2024-07-19_06,6,2024-07-19_07,7,0.005071640292911184,0.13702478254388262,False,0.03701257684015645
Stat3_Etch_MV_PlatenRFLoadPower,5,2024-07-19_07,7,2024-07-19_08,8,0.015207674901816404,0.13702478254388262,False,0.11098484974384906
Stat3_Etch_MV_PlatenRFLoadPower,5,2024-07-19_08,8,2024-07-19_09,9,0.051011679287846334,0.13702478254388262,False,0.372280680478436
Stat3_Etch_MV_PlatenRFLoadPower,5,2024-07-19_09,9,2024-07-19_10,10,0.049423945867182795,0.13702478254388262,False,0.36069348149744096
Stat3_Etch_MV_PlatenRFLoadPower,6,2024-08-01_01,1,2024-08-01_02,2,0.07200123630276778,0.13702478254388262,False,0.5254614162931378
Stat3_Etch_MV_PlatenRFLoadPower,6,2024-08-01_02,2,2024-08-01_03,3,0.02039214372896936,0.13702478254388262,False,0.14882084357578682
Stat3_Etch_MV_PlatenRFLoadPower,6,2024-08-01_03,3,2024-08-01_04,4,0.05834923223774524,0.13702478254388262,False,0.4258297743990852
Stat3_Etch_MV_PlatenRFLoadPower,6,2024-08-01_04,4,2024-08-01_05,5,0.029805129904090677,0.13702478254388262,False,0.21751634522423335
Stat3_Etch_MV_PlatenRFLoadPower,6,2024-08-01_05,5,2024-08-01_06,6,0.13046988553973193,0.13702478254388262,False,0.9521626899714184
Stat3_Etch_MV_PlatenRFLoadPower,6,2024-08-01_06,6,2024-08-01_07,7,0.011223499448810514,0.13702478254388262,False,0.08190853683870035
Stat3_Etch_MV_PlatenRFLoadPower,6,2024-08-01_07,7,2024-08-01_08,8,0.08012313600169563,0.13702478254388262,False,0.584734633503512
Stat3_Etch_MV_PlatenRFLoadPower,6,2024-08-01_08,8,2024-08-01_09,9,0.0007214682765308567,0.13702478254388262,False,0.005265239346756884
Stat3_Etch_MV_PlatenRFLoadPower,6,2024-08-01_09,9,2024-08-01_10,10,0.04726800499418715,0.13702478254388262,False,0.34495953298849
Stat3_Etch_MV_PlatenRFLoadPower,7,2024-08-05_01,1,2024-08-05_02,2,0.039463178243927644,0.13702478254388262,False,0.2880002982766233
Stat3_Etch_MV_PlatenRFLoadPower,7,2024-08-05_02,2,2024-08-05_03,3,0.0987147220645781,0.13702478254388262,False,0.7204150974146913
Stat3_Etch_MV_PlatenRFLoadPower,7,2024-08-05_03,3,2024-08-05_04,4,0.11983960586411513,0.13702478254388262,False,0.8745834413255582
Stat3_Etch_MV_PlatenRFLoadPower,7,2024-08-05_04,4,2024-08-05_05,5,0.018896153131727544,0.13702478254388262,False,0.13790317912510455
Stat3_Etch_MV_PlatenRFLoadPower,7,2024-08-05_05,5,2024-08-05_06,6,0.04853840201890591,0.13702478254388262,False,0.3542308268459491
Stat3_Etch_MV_PlatenRFLoadPower,8,2024-08-07_01,1,2024-08-07_02,2,0.05824365563791645,0.13702478254388262,False,0.42505928166143037
Stat3_Etch_MV_PlatenRFLoadPower,8,2024-08-07_02,2,2024-08-07_03,3,0.010725070672158665,0.13702478254388262,False,0.07827102859093338
Stat3_Etch_MV_PlatenRFLoadPower,8,2024-08-07_03,3,2024-08-07_04,4,0.07486487178953638,0.13702478254388262,False,0.5463600846479043
Stat3_Etch_MV_PlatenRFLoadPower,8,2024-08-07_04,4,2024-08-07_05,5,0.010521302506106167,0.13702478254388262,False,0.07678393872098783
Stat3_Etch_MV_PlatenRFLoadPower,8,2024-08-07_05,5,2024-08-07_06,6,0.00938246446144575,0.13702478254388262,False,0.06847275571074879
Stat3_Etch_MV_PlatenRFLoadPower,8,2024-08-07_06,6,2024-08-07_07,7,0.039316636420799966,0.13702478254388262,False,0.286930843391112
Stat3_Etch_MV_PlatenRFLoadPower,8,2024-08-07_07,7,2024-08-07_08,8,0.0023513068045488694,0.13702478254388262,False,0.017159719292353964
Stat3_Etch_MV_PlatenRFLoadPower,8,2024-08-07_08,8,2024-08-07_09,9,0.020872388733302216,0.13702478254388262,False,0.1523256475639198
Stat3_Etch_MV_PlatenRFLoadPower,8,2024-08-07_09,9,2024-08-07_10,10,0.00816435207208599,0.13702478254388262,False,0.05958303250341835
Stat3_Etch_MV_PlatenRFLoadPower,9,2024-08-21_01,1,2024-08-21_02,2,0.009865830707575185,0.13702478254388262,False,0.07200033836518312
Stat3_Etch_MV_PlatenRFLoadPower,9,2024-08-21_02,2,2024-08-21_03,3,0.007257972394711487,0.13702478254388262,False,0.05296831901475267
Stat3_Etch_MV_PlatenRFLoadPower,9,2024-08-21_03,3,2024-08-21_04,4,0.007016629861240631,0.13702478254388262,False,0.051207013293332784
Stat3_Etch_MV_PlatenRFLoadPower,9,2024-08-21_04,4,2024-08-21_05,5,0.006161139173805452,0.13702478254388262,False,0.04496368510442502
Stat3_Etch_MV_PlatenRFLoadPower,9,2024-08-21_05,5,2024-08-21_06,6,0.06690395636078961,0.13702478254388262,False,0.4882617225782745
Stat3_Etch_MV_PlatenRFLoadPower,9,2024-08-21_06,6,2024-08-21_07,7,0.08133510520554665,0.13702478254388262,False,0.5935795240506865
Stat3_Etch_MV_PlatenRFLoadPower,9,2024-08-21_07,7,2024-08-21_08,8,0.016078862951630413,0.13702478254388262,False,0.1173427364971815
Stat3_Etch_MV_PlatenRFLoadPower,9,2024-08-21_08,8,2024-08-21_09,9,0.01916700793680093,0.13702478254388262,False,0.13987986392653193
Stat3_Etch_MV_PlatenRFLoadPower,9,2024-08-21_09,9,2024-08-21_10,10,0.03058628775330874,0.13702478254388262,False,0.22321719608285737
Stat3_Etch_MV_PlatenRFLoadPower,10,2024-08-22_01,1,2024-08-22_02,2,0.1154514479974722,0.13702478254388262,False,0.8425588849994964
Stat3_Etch_MV_PlatenRFLoadPower,10,2024-08-22_02,2,2024-08-22_03,3,0.05515299828783071,0.13702478254388262,False,0.40250381911876265
Stat3_Etch_MV_PlatenRFLoadPower,10,2024-08-22_03,3,2024-08-22_04,4,0.010713719952100575,0.13702478254388262,False,0.07818819160446011
Stat3_Etch_MV_PlatenRFLoadPower,10,2024-08-22_04,4,2024-08-22_05,5,0.06551177279038711,0.13702478254388262,False,0.4781016366102005
Stat3_Etch_MV_PlatenRFLoadPower,10,2024-08-22_05,5,2024-08-22_06,6,0.017061159635716194,0.13702478254388262,False,0.12451148849845688
Stat3_Etch_MV_PlatenRFLoadPower,10,2024-08-22_06,6,2024-08-22_07,7,0.010728319142394582,0.13702478254388262,False,0.07829473576401265
Stat3_Etch_MV_PlatenRFLoadPower,10,2024-08-22_07,7,2024-08-22_08,8,0.11828690869697311,0.13702478254388262,False,0.8632519351679421
Stat3_Etch_MV_PlatenRFLoadPower,10,2024-08-22_08,8,2024-08-22_09,9,0.05848110897575509,0.13702478254388262,False,0.4267922042279201
Stat3_Etch_MV_PlatenRFLoadPower,10,2024-08-22_09,9,2024-08-22_10,10,0.026278783870615996,0.13702478254388262,False,0.19178124849203926
Stat3_Etch_MV_PlatenRFPeakToPeak,1,2024-07-02_01,1,2024-07-02_02,2,3.8729548926862662,4.597040828221171,False,0.8424886872681766
Stat3_Etch_MV_PlatenRFPeakToPeak,1,2024-07-02_02,2,2024-07-02_03,3,1.3291682528184765,4.597040828221171,False,0.2891356206059191
Stat3_Etch_MV_PlatenRFPeakToPeak,1,2024-07-02_03,3,2024-07-02_04,4,2.2382071293409354,4.597040828221171,False,0.4868799762666044
Stat3_Etch_MV_PlatenRFPeakToPeak,1,2024-07-02_04,4,2024-07-02_05,5,1.5983298089497566,4.597040828221171,False,0.3476866681578357
Stat3_Etch_MV_PlatenRFPeakToPeak,1,2024-07-02_05,5,2024-07-02_06,6,2.2461951783691347,4.597040828221171,False,0.48861762649132306
Stat3_Etch_MV_PlatenRFPeakToPeak,1,2024-07-02_06,6,2024-07-02_07,7,1.639380268472678,4.597040828221171,False,0.3566164255946009
Stat3_Etch_MV_PlatenRFPeakToPeak,1,2024-07-02_07,7,2024-07-02_08,8,0.07940912602146,4.597040828221171,False,0.0172739657942493
Stat3_Etch_MV_PlatenRFPeakToPeak,1,2024-07-02_08,8,2024-07-02_09,9,0.823545322411178,4.597040828221171,False,0.17914683666837247
Stat3_Etch_MV_PlatenRFPeakToPeak,1,2024-07-02_09,9,2024-07-02_10,10,2.6886413890333642,4.597040828221171,False,0.584863500129873
Stat3_Etch_MV_PlatenRFPeakToPeak,2,2024-07-05_01,1,2024-07-05_02,2,2.507317774398075,4.597040828221171,False,0.5454199490693415
Stat3_Etch_MV_PlatenRFPeakToPeak,2,2024-07-05_02,2,2024-07-05_03,3,0.6494920592954259,4.597040828221171,False,0.14128481420225875
Stat3_Etch_MV_PlatenRFPeakToPeak,2,2024-07-05_03,3,2024-07-05_04,4,2.8044722441236445,4.597040828221171,False,0.6100603298772174
Stat3_Etch_MV_PlatenRFPeakToPeak,2,2024-07-05_04,4,2024-07-05_05,5,0.438708700955317,4.597040828221171,False,0.09543284851030476
Stat3_Etch_MV_PlatenRFPeakToPeak,2,2024-07-05_05,5,2024-07-05_06,6,0.8422117049515236,4.597040828221171,False,0.18320735804241664
Stat3_Etch_MV_PlatenRFPeakToPeak,2,2024-07-05_06,6,2024-07-05_07,7,1.8778572565149716,4.597040828221171,False,0.4084926209458118
Stat3_Etch_MV_PlatenRFPeakToPeak,2,2024-07-05_07,7,2024-07-05_08,8,2.4946884290242224,4.597040828221171,False,0.5426726718869591
Stat3_Etch_MV_PlatenRFPeakToPeak,2,2024-07-05_08,8,2024-07-05_09,9,3.758182046188608,4.597040828221171,False,0.8175220074438276
Stat3_Etch_MV_PlatenRFPeakToPeak,2,2024-07-05_09,9,2024-07-05_10,10,0.8284798569244458,4.597040828221171,False,0.18022025208878267
Stat3_Etch_MV_PlatenRFPeakToPeak,3,2024-07-09_01,1,2024-07-09_02,2,3.14478545988095,4.597040828221171,False,0.6840890863042056
Stat3_Etch_MV_PlatenRFPeakToPeak,3,2024-07-09_02,2,2024-07-09_03,3,0.41278153182463484,4.597040828221171,False,0.0897928792127698
Stat3_Etch_MV_PlatenRFPeakToPeak,3,2024-07-09_03,3,2024-07-09_04,4,0.44565020009144973,4.597040828221171,False,0.09694284143738928
Stat3_Etch_MV_PlatenRFPeakToPeak,3,2024-07-09_04,4,2024-07-09_05,5,2.3533136587133185,4.597040828221171,False,0.511919242541062
Stat3_Etch_MV_PlatenRFPeakToPeak,3,2024-07-09_05,5,2024-07-09_06,6,1.511783885025011,4.597040828221171,False,0.3288602258531597
Stat3_Etch_MV_PlatenRFPeakToPeak,3,2024-07-09_06,6,2024-07-09_07,7,0.7092254617338085,4.597040828221171,False,0.1542786954120318
Stat3_Etch_MV_PlatenRFPeakToPeak,3,2024-07-09_07,7,2024-07-09_08,8,1.1541120150701545,4.597040828221171,False,0.25105541982248153
Stat3_Etch_MV_PlatenRFPeakToPeak,3,2024-07-09_08,8,2024-07-09_09,9,1.8022363479395835,4.597040828221171,False,0.3920427107968411
Stat3_Etch_MV_PlatenRFPeakToPeak,3,2024-07-09_09,9,2024-07-09_10,10,0.44005075937513993,4.597040828221171,False,0.09572478814494625
Stat3_Etch_MV_PlatenRFPeakToPeak,4,2024-07-11_01,1,2024-07-11_02,2,2.8444713469780254,4.597040828221171,False,0.618761384392293
Stat3_Etch_MV_PlatenRFPeakToPeak,4,2024-07-11_02,2,2024-07-11_03,3,2.0745419032670043,4.597040828221171,False,0.4512776763981341
Stat3_Etch_MV_PlatenRFPeakToPeak,4,2024-07-11_03,3,2024-07-11_04,4,0.7252808365905139,4.597040828221171,False,0.1577712410422863
Stat3_Etch_MV_PlatenRFPeakToPeak,4,2024-07-11_04,4,2024-07-11_05,5,0.18887434275848136,4.597040828221171,False,0.04108607032571569
Stat3_Etch_MV_PlatenRFPeakToPeak,4,2024-07-11_05,5,2024-07-11_06,6,0.07838849126437708,4.597040828221171,False,0.017051945848109765
Stat3_Etch_MV_PlatenRFPeakToPeak,4,2024-07-11_06,6,2024-07-11_07,7,0.3824938098208577,4.597040828221171,False,0.08320435343378578
Stat3_Etch_MV_PlatenRFPeakToPeak,4,2024-07-11_07,7,2024-07-11_08,8,1.0928158828162395,4.597040828221171,False,0.23772159605532708
Stat3_Etch_MV_PlatenRFPeakToPeak,4,2024-07-11_08,8,2024-07-11_09,9,0.8465419674409986,4.597040828221171,False,0.18414932541910198
Stat3_Etch_MV_PlatenRFPeakToPeak,4,2024-07-11_09,9,2024-07-11_10,10,2.5267508813319637,4.597040828221171,False,0.5496472569528368
Stat3_Etch_MV_PlatenRFPeakToPeak,5,2024-07-19_01,1,2024-07-19_02,2,2.4335240650229935,4.597040828221171,False,0.5293675118314422
Stat3_Etch_MV_PlatenRFPeakToPeak,5,2024-07-19_02,2,2024-07-19_03,3,2.2491045278649153,4.597040828221171,False,0.4892505008999905
Stat3_Etch_MV_PlatenRFPeakToPeak,5,2024-07-19_03,3,2024-07-19_04,4,0.6018441034242414,4.597040828221171,False,0.13091989519203934
Stat3_Etch_MV_PlatenRFPeakToPeak,5,2024-07-19_04,4,2024-07-19_05,5,0.5126272998128343,4.597040828221171,False,0.11151245311240705
Stat3_Etch_MV_PlatenRFPeakToPeak,5,2024-07-19_05,5,2024-07-19_06,6,1.0265368224424947,4.597040828221171,False,0.22330382974643145
Stat3_Etch_MV_PlatenRFPeakToPeak,5,2024-07-19_06,6,2024-07-19_07,7,0.9862171001861952,4.597040828221171,False,0.21453303049470906
Stat3_Etch_MV_PlatenRFPeakToPeak,5,2024-07-19_07,7,2024-07-19_08,8,1.6823238977667643,4.597040828221171,False,0.36595800660263894
Stat3_Etch_MV_PlatenRFPeakToPeak,5,2024-07-19_08,8,2024-07-19_09,9,1.4930902033897837,4.597040828221171,False,0.3247937660731058
Stat3_Etch_MV_PlatenRFPeakToPeak,5,2024-07-19_09,9,2024-07-19_10,10,0.40674857881003845,4.597040828221171,False,0.08848052345174191
Stat3_Etch_MV_PlatenRFPeakToPeak,6,2024-08-01_01,1,2024-08-01_02,2,1.6955048550261154,4.597040828221171,False,0.36882527660346937
Stat3_Etch_MV_PlatenRFPeakToPeak,6,2024-08-01_02,2,2024-08-01_03,3,0.12922043575338193,4.597040828221171,False,0.028109481856262712
Stat3_Etch_MV_PlatenRFPeakToPeak,6,2024-08-01_03,3,2024-08-01_04,4,0.7094706839749279,4.597040828221171,False,0.15433203891066116
Stat3_Etch_MV_PlatenRFPeakToPeak,6,2024-08-01_04,4,2024-08-01_05,5,0.043979557292459504,4.597040828221171,False,0.009566927711946694
Stat3_Etch_MV_PlatenRFPeakToPeak,6,2024-08-01_05,5,2024-08-01_06,6,2.601245425897787,4.597040828221171,False,0.5658521477400802
Stat3_Etch_MV_PlatenRFPeakToPeak,6,2024-08-01_06,6,2024-08-01_07,7,2.2570329702250547,4.597040828221171,False,0.4909751848121861
Stat3_Etch_MV_PlatenRFPeakToPeak,6,2024-08-01_07,7,2024-08-01_08,8,1.0946800745801966,4.597040828221171,False,0.23812711600470685
Stat3_Etch_MV_PlatenRFPeakToPeak,6,2024-08-01_08,8,2024-08-01_09,9,2.0670661790844633,4.597040828221171,False,0.4496514728333001
Stat3_Etch_MV_PlatenRFPeakToPeak,6,2024-08-01_09,9,2024-08-01_10,10,1.5587278237497912,4.597040828221171,False,0.3390719991392685
Stat3_Etch_MV_PlatenRFPeakToPeak,7,2024-08-05_01,1,2024-08-05_02,2,2.416237961020556,4.597040828221171,False,0.5256072441617886
Stat3_Etch_MV_PlatenRFPeakToPeak,7,2024-08-05_02,2,2024-08-05_03,3,0.5040075831986996,4.597040828221171,False,0.10963739545331073
Stat3_Etch_MV_PlatenRFPeakToPeak,7,2024-08-05_03,3,2024-08-05_04,4,1.248725532987578,4.597040828221171,False,0.2716368158667786
Stat3_Etch_MV_PlatenRFPeakToPeak,7,2024-08-05_04,4,2024-08-05_05,5,0.8802879232792975,4.597040828221171,False,0.19149012509856816
Stat3_Etch_MV_PlatenRFPeakToPeak,7,2024-08-05_05,5,2024-08-05_06,6,0.4335165424861316,4.597040828221171,False,0.09430339183084462
Stat3_Etch_MV_PlatenRFPeakToPeak,8,2024-08-07_01,1,2024-08-07_02,2,3.3934223381804713,4.597040828221171,False,0.7381753751996931
Stat3_Etch_MV_PlatenRFPeakToPeak,8,2024-08-07_02,2,2024-08-07_03,3,2.4977299953309284,4.597040828221171,False,0.5433343075826949
Stat3_Etch_MV_PlatenRFPeakToPeak,8,2024-08-07_03,3,2024-08-07_04,4,2.246574701439158,4.597040828221171,False,0.48870018461603965
Stat3_Etch_MV_PlatenRFPeakToPeak,8,2024-08-07_04,4,2024-08-07_05,5,1.3117308891058883,4.597040828221171,False,0.28534244922368107
Stat3_Etch_MV_PlatenRFPeakToPeak,8,2024-08-07_05,5,2024-08-07_06,6,0.7113384673356222,4.597040828221171,False,0.1547383401445393
Stat3_Etch_MV_PlatenRFPeakToPeak,8,2024-08-07_06,6,2024-08-07_07,7,0.6455999280135529,4.597040828221171,False,0.1404381540512374
Stat3_Etch_MV_PlatenRFPeakToPeak,8,2024-08-07_07,7,2024-08-07_08,8,3.726550793727938,4.597040828221171,False,0.8106412218161503
Stat3_Etch_MV_PlatenRFPeakToPeak,8,2024-08-07_08,8,2024-08-07_09,9,0.8120968278406053,4.597040828221171,False,0.1766564314276162
Stat3_Etch_MV_PlatenRFPeakToPeak,8,2024-08-07_09,9,2024-08-07_10,10,0.9074444927260856,4.597040828221171,False,0.19739752737354346
Stat3_Etch_MV_PlatenRFPeakToPeak,9,2024-08-21_01,1,2024-08-21_02,2,1.291956682374689,4.597040828221171,False,0.2810409414776968
Stat3_Etch_MV_PlatenRFPeakToPeak,9,2024-08-21_02,2,2024-08-21_03,3,1.5074364661265918,4.597040828221171,False,0.3279145264215318
Stat3_Etch_MV_PlatenRFPeakToPeak,9,2024-08-21_03,3,2024-08-21_04,4,0.1536236599899894,4.597040828221171,False,0.033417945528544324
Stat3_Etch_MV_PlatenRFPeakToPeak,9,2024-08-21_04,4,2024-08-21_05,5,1.6837120942379897,4.597040828221171,False,0.36625998270489657
Stat3_Etch_MV_PlatenRFPeakToPeak,9,2024-08-21_05,5,2024-08-21_06,6,0.05317276399614457,4.597040828221171,False,0.01156673738238688
Stat3_Etch_MV_PlatenRFPeakToPeak,9,2024-08-21_06,6,2024-08-21_07,7,1.8803086810074774,4.597040828221171,False,0.4090258823598624
Stat3_Etch_MV_PlatenRFPeakToPeak,9,2024-08-21_07,7,2024-08-21_08,8,0.5431436081637457,4.597040828221171,False,0.11815070356334328
Stat3_Etch_MV_PlatenRFPeakToPeak,9,2024-08-21_08,8,2024-08-21_09,9,1.151858862633162,4.597040828221171,False,0.2505652887748823
Stat3_Etch_MV_PlatenRFPeakToPeak,9,2024-08-21_09,9,2024-08-21_10,10,0.6386593225613524,4.597040828221171,False,0.13892835552832844
Stat3_Etch_MV_PlatenRFPeakToPeak,10,2024-08-22_01,1,2024-08-22_02,2,2.8502802847273188,4.597040828221171,False,0.6200250098344758
Stat3_Etch_MV_PlatenRFPeakToPeak,10,2024-08-22_02,2,2024-08-22_03,3,0.8115620843364013,4.597040828221171,False,0.17654010800909853
Stat3_Etch_MV_PlatenRFPeakToPeak,10,2024-08-22_03,3,2024-08-22_04,4,0.5295645418568711,4.597040828221171,False,0.11519683240703052
Stat3_Etch_MV_PlatenRFPeakToPeak,10,2024-08-22_04,4,2024-08-22_05,5,2.1714430827103115,4.597040828221171,False,0.4723567102949906
Stat3_Etch_MV_PlatenRFPeakToPeak,10,2024-08-22_05,5,2024-08-22_06,6,1.4779346129588475,4.597040828221171,False,0.3214969516663474
Stat3_Etch_MV_PlatenRFPeakToPeak,10,2024-08-22_06,6,2024-08-22_07,7,0.8478077237097068,4.597040828221171,False,0.18442466695205895
Stat3_Etch_MV_PlatenRFPeakToPeak,10,2024-08-22_07,7,2024-08-22_08,8,1.0407071905082148,4.597040828221171,False,0.22638632750862847
Stat3_Etch_MV_PlatenRFPeakToPeak,10,2024-08-22_08,8,2024-08-22_09,9,0.05969564523104509,4.597040828221171,False,0.012985667837573756
Stat3_Etch_MV_PlatenRFPeakToPeak,10,2024-08-22_09,9,2024-08-22_10,10,1.5833718377681407,4.597040828221171,False,0.3444328421117869
Stat3_Etch_MV_PlatenRFReflectedPower,1,2024-07-02_01,1,2024-07-02_02,2,0.18499085517873803,0.3719412579465674,False,0.4973657835112059
Stat3_Etch_MV_PlatenRFReflectedPower,1,2024-07-02_02,2,2024-07-02_03,3,0.08034730998360162,0.3719412579465674,False,0.21602150411381416
Stat3_Etch_MV_PlatenRFReflectedPower,1,2024-07-02_03,3,2024-07-02_04,4,0.06769721147985175,0.3719412579465674,False,0.1820104923384892
Stat3_Etch_MV_PlatenRFReflectedPower,1,2024-07-02_04,4,2024-07-02_05,5,0.18482655706673867,0.3719412579465674,False,0.49692405216656715
Stat3_Etch_MV_PlatenRFReflectedPower,1,2024-07-02_05,5,2024-07-02_06,6,0.10202070315659606,0.3719412579465674,False,0.2742925152209175
Stat3_Etch_MV_PlatenRFReflectedPower,1,2024-07-02_06,6,2024-07-02_07,7,0.04812189722170945,0.3719412579465674,False,0.1293803690598438
Stat3_Etch_MV_PlatenRFReflectedPower,1,2024-07-02_07,7,2024-07-02_08,8,0.03495785344477209,0.3719412579465674,False,0.09398756577253414
Stat3_Etch_MV_PlatenRFReflectedPower,1,2024-07-02_08,8,2024-07-02_09,9,0.0666788968591776,0.3719412579465674,False,0.17927265511576188
Stat3_Etch_MV_PlatenRFReflectedPower,1,2024-07-02_09,9,2024-07-02_10,10,0.032173907038731464,0.3719412579465674,False,0.08650265694200972
Stat3_Etch_MV_PlatenRFReflectedPower,2,2024-07-05_01,1,2024-07-05_02,2,0.1938061861376399,0.3719412579465674,False,0.5210666523192806
Stat3_Etch_MV_PlatenRFReflectedPower,2,2024-07-05_02,2,2024-07-05_03,3,0.042214111831753165,0.3719412579465674,False,0.11349671737093923
Stat3_Etch_MV_PlatenRFReflectedPower,2,2024-07-05_03,3,2024-07-05_04,4,0.17807207949913373,0.3719412579465674,False,0.47876398677103826
Stat3_Etch_MV_PlatenRFReflectedPower,2,2024-07-05_04,4,2024-07-05_05,5,0.07732853346130852,0.3719412579465674,False,0.20790523183211215
Stat3_Etch_MV_PlatenRFReflectedPower,2,2024-07-05_05,5,2024-07-05_06,6,0.06461596478572407,0.3719412579465674,False,0.17372626296544577
Stat3_Etch_MV_PlatenRFReflectedPower,2,2024-07-05_06,6,2024-07-05_07,7,0.007241792308449124,0.3719412579465674,False,0.01947025814890767
Stat3_Etch_MV_PlatenRFReflectedPower,2,2024-07-05_07,7,2024-07-05_08,8,0.1080014323560472,0.3719412579465674,False,0.2903722833877239
Stat3_Etch_MV_PlatenRFReflectedPower,2,2024-07-05_08,8,2024-07-05_09,9,0.02052080933813727,0.3719412579465674,False,0.05517217813218576
Stat3_Etch_MV_PlatenRFReflectedPower,2,2024-07-05_09,9,2024-07-05_10,10,0.14587777847846395,0.3719412579465674,False,0.3922064986386118
Stat3_Etch_MV_PlatenRFReflectedPower,3,2024-07-09_01,1,2024-07-09_02,2,0.08375645256502029,0.3719412579465674,False,0.22518731325324665
Stat3_Etch_MV_PlatenRFReflectedPower,3,2024-07-09_02,2,2024-07-09_03,3,0.012095663568485904,0.3719412579465674,False,0.03252035989571114
Stat3_Etch_MV_PlatenRFReflectedPower,3,2024-07-09_03,3,2024-07-09_04,4,0.048271519825596965,0.3719412579465674,False,0.12978264388332952
Stat3_Etch_MV_PlatenRFReflectedPower,3,2024-07-09_04,4,2024-07-09_05,5,0.19349623967774487,0.3719412579465674,False,0.5202333313222872
Stat3_Etch_MV_PlatenRFReflectedPower,3,2024-07-09_05,5,2024-07-09_06,6,0.29367056955582793,0.3719412579465674,False,0.7895616936317839
Stat3_Etch_MV_PlatenRFReflectedPower,3,2024-07-09_06,6,2024-07-09_07,7,0.025565377844704695,0.3719412579465674,False,0.0687349878468642
Stat3_Etch_MV_PlatenRFReflectedPower,3,2024-07-09_07,7,2024-07-09_08,8,0.0919763489501495,0.3719412579465674,False,0.24728729869317886
Stat3_Etch_MV_PlatenRFReflectedPower,3,2024-07-09_08,8,2024-07-09_09,9,0.019099870086574988,0.3719412579465674,False,0.05135184569741615
Stat3_Etch_MV_PlatenRFReflectedPower,3,2024-07-09_09,9,2024-07-09_10,10,0.06736003236995369,0.3719412579465674,False,0.18110395373139956
Stat3_Etch_MV_PlatenRFReflectedPower,4,2024-07-11_01,1,2024-07-11_02,2,0.2068388431596131,0.3719412579465674,False,0.5561062096244437
Stat3_Etch_MV_PlatenRFReflectedPower,4,2024-07-11_02,2,2024-07-11_03,3,0.317535595179423,0.3719412579465674,False,0.8537251202850955
Stat3_Etch_MV_PlatenRFReflectedPower,4,2024-07-11_03,3,2024-07-11_04,4,0.19793523067024577,0.3719412579465674,False,0.5321679873940763
Stat3_Etch_MV_PlatenRFReflectedPower,4,2024-07-11_04,4,2024-07-11_05,5,0.2905342347765476,0.3719412579465674,False,0.7811293546205228
Stat3_Etch_MV_PlatenRFReflectedPower,4,2024-07-11_05,5,2024-07-11_06,6,0.37631396070777834,0.3719412579465674,True,1.011756433758793
Stat3_Etch_MV_PlatenRFReflectedPower,4,2024-07-11_06,6,2024-07-11_07,7,0.0314821458283876,0.3719412579465674,False,0.08464279010668475
Stat3_Etch_MV_PlatenRFReflectedPower,4,2024-07-11_07,7,2024-07-11_08,8,0.004373845284125544,0.3719412579465674,False,0.011759505542011918
Stat3_Etch_MV_PlatenRFReflectedPower,4,2024-07-11_08,8,2024-07-11_09,9,0.10153291855944246,0.3719412579465674,False,0.2729810592134647
Stat3_Etch_MV_PlatenRFReflectedPower,4,2024-07-11_09,9,2024-07-11_10,10,0.10007759387768989,0.3719412579465674,False,0.26906827822813595
Stat3_Etch_MV_PlatenRFReflectedPower,5,2024-07-19_01,1,2024-07-19_02,2,0.49406282073447194,0.3719412579465674,True,1.3283356180008628
Stat3_Etch_MV_PlatenRFReflectedPower,5,2024-07-19_02,2,2024-07-19_03,3,0.10148221903244936,0.3719412579465674,False,0.2728447486377759
Stat3_Etch_MV_PlatenRFReflectedPower,5,2024-07-19_03,3,2024-07-19_04,4,0.12858390625668425,0.3719412579465674,False,0.34571025265273597
Stat3_Etch_MV_PlatenRFReflectedPower,5,2024-07-19_04,4,2024-07-19_05,5,0.011386417823301631,0.3719412579465674,False,0.030613484199532897
Stat3_Etch_MV_PlatenRFReflectedPower,5,2024-07-19_05,5,2024-07-19_06,6,0.02707990221053036,0.3719412579465674,False,0.0728069329012718
Stat3_Etch_MV_PlatenRFReflectedPower,5,2024-07-19_06,6,2024-07-19_07,7,0.018090885123904776,0.3719412579465674,False,0.04863909216143934
Stat3_Etch_MV_PlatenRFReflectedPower,5,2024-07-19_07,7,2024-07-19_08,8,0.015657365109205124,0.3719412579465674,False,0.042096338533797295
Stat3_Etch_MV_PlatenRFReflectedPower,5,2024-07-19_08,8,2024-07-19_09,9,0.14030365348148965,0.3719412579465674,False,0.37721992514647434
Stat3_Etch_MV_PlatenRFReflectedPower,5,2024-07-19_09,9,2024-07-19_10,10,0.10617346302578845,0.3719412579465674,False,0.28545761126893104
Stat3_Etch_MV_PlatenRFReflectedPower,6,2024-08-01_01,1,2024-08-01_02,2,0.07233251378838368,0.3719412579465674,False,0.19447295034630138
Stat3_Etch_MV_PlatenRFReflectedPower,6,2024-08-01_02,2,2024-08-01_03,3,0.06761065956858836,0.3719412579465674,False,0.1817777891644955
Stat3_Etch_MV_PlatenRFReflectedPower,6,2024-08-01_03,3,2024-08-01_04,4,0.13929241837133421,0.3719412579465674,False,0.3745011218716284
Stat3_Etch_MV_PlatenRFReflectedPower,6,2024-08-01_04,4,2024-08-01_05,5,0.0483336603684732,0.3719412579465674,False,0.12994971473537562
Stat3_Etch_MV_PlatenRFReflectedPower,6,2024-08-01_05,5,2024-08-01_06,6,0.04650698535298137,0.3719412579465674,False,0.12503852250685912
Stat3_Etch_MV_PlatenRFReflectedPower,6,2024-08-01_06,6,2024-08-01_07,7,0.06195008161302118,0.3719412579465674,False,0.16655877854217735
Stat3_Etch_MV_PlatenRFReflectedPower,6,2024-08-01_07,7,2024-08-01_08,8,0.06619448621739288,0.3719412579465674,False,0.17797027031322857
Stat3_Etch_MV_PlatenRFReflectedPower,6,2024-08-01_08,8,2024-08-01_09,9,0.030324043481111396,0.3719412579465674,False,0.08152912007806272
Stat3_Etch_MV_PlatenRFReflectedPower,6,2024-08-01_09,9,2024-08-01_10,10,0.00038726279937550956,0.3719412579465674,False,0.0010411934441302106
Stat3_Etch_MV_PlatenRFReflectedPower,7,2024-08-05_01,1,2024-08-05_02,2,0.13661889773405544,0.3719412579465674,False,0.3673131033870997
Stat3_Etch_MV_PlatenRFReflectedPower,7,2024-08-05_02,2,2024-08-05_03,3,0.19732878738058313,0.3719412579465674,False,0.5305375060298665
Stat3_Etch_MV_PlatenRFReflectedPower,7,2024-08-05_03,3,2024-08-05_04,4,0.1991633689872887,0.3719412579465674,False,0.5354699558926056
Stat3_Etch_MV_PlatenRFReflectedPower,7,2024-08-05_04,4,2024-08-05_05,5,0.07419283507860452,0.3719412579465674,False,0.19947460383451993
Stat3_Etch_MV_PlatenRFReflectedPower,7,2024-08-05_05,5,2024-08-05_06,6,0.060678365976475135,0.3719412579465674,False,0.16313964821077234
Stat3_Etch_MV_PlatenRFReflectedPower,8,2024-08-07_01,1,2024-08-07_02,2,0.289529368306809,0.3719412579465674,False,0.7784276740506222
Stat3_Etch_MV_PlatenRFReflectedPower,8,2024-08-07_02,2,2024-08-07_03,3,0.17130025583859831,0.3719412579465674,False,0.4605572847291039
Stat3_Etch_MV_PlatenRFReflectedPower,8,2024-08-07_03,3,2024-08-07_04,4,0.06772993878995992,0.3719412579465674,False,0.1820984828730399
Stat3_Etch_MV_PlatenRFReflectedPower,8,2024-08-07_04,4,2024-08-07_05,5,0.0647898762470116,0.3719412579465674,False,0.17419384072825617
Stat3_Etch_MV_PlatenRFReflectedPower,8,2024-08-07_05,5,2024-08-07_06,6,0.12301551762263463,0.3719412579465674,False,0.33073910192643075
Stat3_Etch_MV_PlatenRFReflectedPower,8,2024-08-07_06,6,2024-08-07_07,7,0.024336484603719732,0.3719412579465674,False,0.06543098966239416
Stat3_Etch_MV_PlatenRFReflectedPower,8,2024-08-07_07,7,2024-08-07_08,8,0.05501018113289469,0.3719412579465674,False,0.1479001857352361
Stat3_Etch_MV_PlatenRFReflectedPower,8,2024-08-07_08,8,2024-08-07_09,9,0.2502117055463189,0.3719412579465674,False,0.6727183397929573
Stat3_Etch_MV_PlatenRFReflectedPower,8,2024-08-07_09,9,2024-08-07_10,10,0.16630289535106524,0.3719412579465674,False,0.4471213983337016
Stat3_Etch_MV_PlatenRFReflectedPower,9,2024-08-21_01,1,2024-08-21_02,2,0.28430778588220784,0.3719412579465674,False,0.7643889453184867
Stat3_Etch_MV_PlatenRFReflectedPower,9,2024-08-21_02,2,2024-08-21_03,3,0.20684013462904005,0.3719412579465674,False,0.5561096818647487
Stat3_Etch_MV_PlatenRFReflectedPower,9,2024-08-21_03,3,2024-08-21_04,4,0.05601177421537029,0.3719412579465674,False,0.1505930654872842
Stat3_Etch_MV_PlatenRFReflectedPower,9,2024-08-21_04,4,2024-08-21_05,5,0.1303898987398724,0.3719412579465674,False,0.3505658378953056
Stat3_Etch_MV_PlatenRFReflectedPower,9,2024-08-21_05,5,2024-08-21_06,6,0.08175433180871927,0.3719412579465674,False,0.21980441820322066
Stat3_Etch_MV_PlatenRFReflectedPower,9,2024-08-21_06,6,2024-08-21_07,7,0.03624705466060929,0.3719412579465674,False,0.09745370777289916
Stat3_Etch_MV_PlatenRFReflectedPower,9,2024-08-21_07,7,2024-08-21_08,8,0.07195975934535515,0.3719412579465674,False,0.19347076401965815
Stat3_Etch_MV_PlatenRFReflectedPower,9,2024-08-21_08,8,2024-08-21_09,9,0.05843564183746164,0.3719412579465674,False,0.157109867725017
Stat3_Etch_MV_PlatenRFReflectedPower,9,2024-08-21_09,9,2024-08-21_10,10,0.10596319246027797,0.3719412579465674,False,0.2848922785422759
Stat3_Etch_MV_PlatenRFReflectedPower,10,2024-08-22_01,1,2024-08-22_02,2,0.38205975415505034,0.3719412579465674,True,1.027204554462029
Stat3_Etch_MV_PlatenRFReflectedPower,10,2024-08-22_02,2,2024-08-22_03,3,0.014514976815862113,0.3719412579465674,False,0.03902491725708826
Stat3_Etch_MV_PlatenRFReflectedPower,10,2024-08-22_03,3,2024-08-22_04,4,0.05875019006226001,0.3719412579465674,False,0.15795556101146485
Stat3_Etch_MV_PlatenRFReflectedPower,10,2024-08-22_04,4,2024-08-22_05,5,0.24475217603311883,0.3719412579465674,False,0.6580398673284038
Stat3_Etch_MV_PlatenRFReflectedPower,10,2024-08-22_05,5,2024-08-22_06,6,0.14720991636387826,0.3719412579465674,False,0.39578808002264226
Stat3_Etch_MV_PlatenRFReflectedPower,10,2024-08-22_06,6,2024-08-22_07,7,0.08161053470243562,0.3719412579465674,False,0.21941780579276227
Stat3_Etch_MV_PlatenRFReflectedPower,10,2024-08-22_07,7,2024-08-22_08,8,0.06671212675227434,0.3719412579465674,False,0.17936199689322477
Stat3_Etch_MV_PlatenRFReflectedPower,10,2024-08-22_08,8,2024-08-22_09,9,0.18029871030969558,0.3719412579465674,False,0.48475049878870136
Stat3_Etch_MV_PlatenRFReflectedPower,10,2024-08-22_09,9,2024-08-22_10,10,0.025734335584135515,0.3719412579465674,False,0.06918924704995345
Stat3_Etch_MV_PlatenRFTuningCapacitor,1,2024-07-02_01,1,2024-07-02_02,2,0.04606762550175958,0.10406861410463508,False,0.4426658882517759
Stat3_Etch_MV_PlatenRFTuningCapacitor,1,2024-07-02_02,2,2024-07-02_03,3,0.04650171570131434,0.10406861410463508,False,0.44683708052996174
Stat3_Etch_MV_PlatenRFTuningCapacitor,1,2024-07-02_03,3,2024-07-02_04,4,0.031802549721252404,0.10406861410463508,False,0.3055921326027917
Stat3_Etch_MV_PlatenRFTuningCapacitor,1,2024-07-02_04,4,2024-07-02_05,5,0.026888742055785286,0.10406861410463508,False,0.2583751334360058
Stat3_Etch_MV_PlatenRFTuningCapacitor,1,2024-07-02_05,5,2024-07-02_06,6,0.023545135914805115,0.10406861410463508,False,0.22624627143714837
Stat3_Etch_MV_PlatenRFTuningCapacitor,1,2024-07-02_06,6,2024-07-02_07,7,0.01895342328607441,0.10406861410463508,False,0.18212429798496038
Stat3_Etch_MV_PlatenRFTuningCapacitor,1,2024-07-02_07,7,2024-07-02_08,8,0.021109162099634204,0.10406861410463508,False,0.20283888933516633
Stat3_Etch_MV_PlatenRFTuningCapacitor,1,2024-07-02_08,8,2024-07-02_09,9,0.04033303700531832,0.10406861410463508,False,0.3875619691136248
Stat3_Etch_MV_PlatenRFTuningCapacitor,1,2024-07-02_09,9,2024-07-02_10,10,0.03774309792317965,0.10406861410463508,False,0.3626751278270229
Stat3_Etch_MV_PlatenRFTuningCapacitor,2,2024-07-05_01,1,2024-07-05_02,2,0.03822169886922566,0.10406861410463508,False,0.3672740258729295
Stat3_Etch_MV_PlatenRFTuningCapacitor,2,2024-07-05_02,2,2024-07-05_03,3,0.055154197692008466,0.10406861410463508,False,0.5299791696712137
Stat3_Etch_MV_PlatenRFTuningCapacitor,2,2024-07-05_03,3,2024-07-05_04,4,0.059009173056210784,0.10406861410463508,False,0.5670218015671893
Stat3_Etch_MV_PlatenRFTuningCapacitor,2,2024-07-05_04,4,2024-07-05_05,5,0.010500987337440648,0.10406861410463508,False,0.10090446027159064
Stat3_Etch_MV_PlatenRFTuningCapacitor,2,2024-07-05_05,5,2024-07-05_06,6,0.0022666698027613563,0.10406861410463508,False,0.021780532221581703
Stat3_Etch_MV_PlatenRFTuningCapacitor,2,2024-07-05_06,6,2024-07-05_07,7,0.027348802565480668,0.10406861410463508,False,0.2627958755939903
Stat3_Etch_MV_PlatenRFTuningCapacitor,2,2024-07-05_07,7,2024-07-05_08,8,0.024887379671024945,0.10406861410463508,False,0.23914395214297846
Stat3_Etch_MV_PlatenRFTuningCapacitor,2,2024-07-05_08,8,2024-07-05_09,9,0.04362437469898239,0.10406861410463508,False,0.41918858124814234
Stat3_Etch_MV_PlatenRFTuningCapacitor,2,2024-07-05_09,9,2024-07-05_10,10,0.04370021179993344,0.10406861410463508,False,0.4199173033667515
Stat3_Etch_MV_PlatenRFTuningCapacitor,3,2024-07-09_01,1,2024-07-09_02,2,0.039337674935108424,0.10406861410463508,False,0.37799749015160927
Stat3_Etch_MV_PlatenRFTuningCapacitor,3,2024-07-09_02,2,2024-07-09_03,3,0.042267334128347045,0.10406861410463508,False,0.40614871728617086
Stat3_Etch_MV_PlatenRFTuningCapacitor,3,2024-07-09_03,3,2024-07-09_04,4,0.02612590510249646,0.10406861410463508,False,0.25104499879500985
Stat3_Etch_MV_PlatenRFTuningCapacitor,3,2024-07-09_04,4,2024-07-09_05,5,0.06018070304883949,0.10406861410463508,False,0.5782790860300225
Stat3_Etch_MV_PlatenRFTuningCapacitor,3,2024-07-09_05,5,2024-07-09_06,6,0.05023650772542965,0.10406861410463508,False,0.4827248652981935
Stat3_Etch_MV_PlatenRFTuningCapacitor,3,2024-07-09_06,6,2024-07-09_07,7,0.020255827310155183,0.10406861410463508,False,0.19463915691035436
Stat3_Etch_MV_PlatenRFTuningCapacitor,3,2024-07-09_07,7,2024-07-09_08,8,0.024778200406323947,0.10406861410463508,False,0.23809484367122324
Stat3_Etch_MV_PlatenRFTuningCapacitor,3,2024-07-09_08,8,2024-07-09_09,9,0.03126748427379411,0.10406861410463508,False,0.300450664619752
Stat3_Etch_MV_PlatenRFTuningCapacitor,3,2024-07-09_09,9,2024-07-09_10,10,0.028958088366803025,0.10406861410463508,False,0.2782595753383178
Stat3_Etch_MV_PlatenRFTuningCapacitor,4,2024-07-11_01,1,2024-07-11_02,2,0.03803131549143046,0.10406861410463508,False,0.3654446234211607
Stat3_Etch_MV_PlatenRFTuningCapacitor,4,2024-07-11_02,2,2024-07-11_03,3,0.08970948111592136,0.10406861410463508,False,0.8620224444011868
Stat3_Etch_MV_PlatenRFTuningCapacitor,4,2024-07-11_03,3,2024-07-11_04,4,0.006805357663495215,0.10406861410463508,False,0.06539298828994508
Stat3_Etch_MV_PlatenRFTuningCapacitor,4,2024-07-11_04,4,2024-07-11_05,5,0.05954040965576013,0.10406861410463508,False,0.5721264779782272
Stat3_Etch_MV_PlatenRFTuningCapacitor,4,2024-07-11_05,5,2024-07-11_06,6,0.05748330928756573,0.10406861410463508,False,0.5523597078920406
Stat3_Etch_MV_PlatenRFTuningCapacitor,4,2024-07-11_06,6,2024-07-11_07,7,0.014962209633004875,0.10406861410463508,False,0.14377254623532532
Stat3_Etch_MV_PlatenRFTuningCapacitor,4,2024-07-11_07,7,2024-07-11_08,8,0.028810573093277725,0.10406861410463508,False,0.27684209443118296
Stat3_Etch_MV_PlatenRFTuningCapacitor,4,2024-07-11_08,8,2024-07-11_09,9,0.03690047306656297,0.10406861410463508,False,0.3545783076294418
Stat3_Etch_MV_PlatenRFTuningCapacitor,4,2024-07-11_09,9,2024-07-11_10,10,0.008009498964153039,0.10406861410463508,False,0.07696363628038654
Stat3_Etch_MV_PlatenRFTuningCapacitor,5,2024-07-19_01,1,2024-07-19_02,2,0.013931962688655375,0.10406861410463508,False,0.13387285694654852
Stat3_Etch_MV_PlatenRFTuningCapacitor,5,2024-07-19_02,2,2024-07-19_03,3,0.048709344653275366,0.10406861410463508,False,0.4680502865571063
Stat3_Etch_MV_PlatenRFTuningCapacitor,5,2024-07-19_03,3,2024-07-19_04,4,0.03962879720183565,0.10406861410463508,False,0.3807948971242295
Stat3_Etch_MV_PlatenRFTuningCapacitor,5,2024-07-19_04,4,2024-07-19_05,5,0.0017747955450850839,0.10406861410463508,False,0.017054090326413186
Stat3_Etch_MV_PlatenRFTuningCapacitor,5,2024-07-19_05,5,2024-07-19_06,6,0.005248710954752767,0.10406861410463508,False,0.05043509995699074
Stat3_Etch_MV_PlatenRFTuningCapacitor,5,2024-07-19_06,6,2024-07-19_07,7,0.017179229835988963,0.10406861410463508,False,0.165075993216516
Stat3_Etch_MV_PlatenRFTuningCapacitor,5,2024-07-19_07,7,2024-07-19_08,8,0.026734770364019056,0.10406861410463508,False,0.2568956125152081
Stat3_Etch_MV_PlatenRFTuningCapacitor,5,2024-07-19_08,8,2024-07-19_09,9,0.021462275182148716,0.10406861410463508,False,0.2062319688486446
Stat3_Etch_MV_PlatenRFTuningCapacitor,5,2024-07-19_09,9,2024-07-19_10,10,0.08524540221251442,0.10406861410463508,False,0.8191269091640349
Stat3_Etch_MV_PlatenRFTuningCapacitor,6,2024-08-01_01,1,2024-08-01_02,2,0.038252118112581,0.10406861410463508,False,0.36756632575236053
Stat3_Etch_MV_PlatenRFTuningCapacitor,6,2024-08-01_02,2,2024-08-01_03,3,0.03995915350238022,0.10406861410463508,False,0.38396930569483284
Stat3_Etch_MV_PlatenRFTuningCapacitor,6,2024-08-01_03,3,2024-08-01_04,4,0.02471500462716847,0.10406861410463508,False,0.23748759258309077
Stat3_Etch_MV_PlatenRFTuningCapacitor,6,2024-08-01_04,4,2024-08-01_05,5,0.0020388925660093093,0.10406861410463508,False,0.019591810494942487
Stat3_Etch_MV_PlatenRFTuningCapacitor,6,2024-08-01_05,5,2024-08-01_06,6,0.014443953795733933,0.10406861410463508,False,0.13879260255365136
Stat3_Etch_MV_PlatenRFTuningCapacitor,6,2024-08-01_06,6,2024-08-01_07,7,0.020540396828881313,0.10406861410463508,False,0.19737359823230768
Stat3_Etch_MV_PlatenRFTuningCapacitor,6,2024-08-01_07,7,2024-08-01_08,8,0.03869805918410307,0.10406861410463508,False,0.3718513935930229
Stat3_Etch_MV_PlatenRFTuningCapacitor,6,2024-08-01_08,8,2024-08-01_09,9,0.010801746178469074,0.10406861410463508,False,0.10379446552068552
Stat3_Etch_MV_PlatenRFTuningCapacitor,6,2024-08-01_09,9,2024-08-01_10,10,0.048245130787176294,0.10406861410463508,False,0.46358963461037883
Stat3_Etch_MV_PlatenRFTuningCapacitor,7,2024-08-05_01,1,2024-08-05_02,2,0.010030192365110935,0.10406861410463508,False,0.0963805701786914
Stat3_Etch_MV_PlatenRFTuningCapacitor,7,2024-08-05_02,2,2024-08-05_03,3,0.03019591752055817,0.10406861410463508,False,0.29015393142641344
Stat3_Etch_MV_PlatenRFTuningCapacitor,7,2024-08-05_03,3,2024-08-05_04,4,0.005983355368119447,0.10406861410463508,False,0.05749433121213206
Stat3_Etch_MV_PlatenRFTuningCapacitor,7,2024-08-05_04,4,2024-08-05_05,5,0.019634606756032014,0.10406861410463508,False,0.1886698206270964
Stat3_Etch_MV_PlatenRFTuningCapacitor,7,2024-08-05_05,5,2024-08-05_06,6,0.01615824992574133,0.10406861410463508,False,0.1552653512757951
Stat3_Etch_MV_PlatenRFTuningCapacitor,8,2024-08-07_01,1,2024-08-07_02,2,0.040768552000276514,0.10406861410463508,False,0.3917468523150126
Stat3_Etch_MV_PlatenRFTuningCapacitor,8,2024-08-07_02,2,2024-08-07_03,3,0.054493867099488114,0.10406861410463508,False,0.5236340232675495
Stat3_Etch_MV_PlatenRFTuningCapacitor,8,2024-08-07_03,3,2024-08-07_04,4,0.039285521618630526,0.10406861410463508,False,0.3774963465846789
Stat3_Etch_MV_PlatenRFTuningCapacitor,8,2024-08-07_04,4,2024-08-07_05,5,0.022500030818026318,0.10406861410463508,False,0.21620380949249324
Stat3_Etch_MV_PlatenRFTuningCapacitor,8,2024-08-07_05,5,2024-08-07_06,6,0.02265920036423097,0.10406861410463508,False,0.21773327683069202
Stat3_Etch_MV_PlatenRFTuningCapacitor,8,2024-08-07_06,6,2024-08-07_07,7,0.0025308099580065857,0.10406861410463508,False,0.024318666869744224
Stat3_Etch_MV_PlatenRFTuningCapacitor,8,2024-08-07_07,7,2024-08-07_08,8,0.08361169087037013,0.10406861410463508,False,0.8034285032978657
Stat3_Etch_MV_PlatenRFTuningCapacitor,8,2024-08-07_08,8,2024-08-07_09,9,0.08288331377253755,0.10406861410463508,False,0.7964294949599606
Stat3_Etch_MV_PlatenRFTuningCapacitor,8,2024-08-07_09,9,2024-08-07_10,10,0.01656182829752595,0.10406861410463508,False,0.15914335402673827
Stat3_Etch_MV_PlatenRFTuningCapacitor,9,2024-08-21_01,1,2024-08-21_02,2,0.02314283824933483,0.10406861410463508,False,0.2223805750508604
Stat3_Etch_MV_PlatenRFTuningCapacitor,9,2024-08-21_02,2,2024-08-21_03,3,0.061675190475984465,0.10406861410463508,False,0.5926396830265613
Stat3_Etch_MV_PlatenRFTuningCapacitor,9,2024-08-21_03,3,2024-08-21_04,4,0.02440654560975375,0.10406861410463508,False,0.23452359599229747
Stat3_Etch_MV_PlatenRFTuningCapacitor,9,2024-08-21_04,4,2024-08-21_05,5,0.016632512068092353,0.10406861410463508,False,0.1598225575615844
Stat3_Etch_MV_PlatenRFTuningCapacitor,9,2024-08-21_05,5,2024-08-21_06,6,0.005007522659287389,0.10406861410463508,False,0.04811751076316448
Stat3_Etch_MV_PlatenRFTuningCapacitor,9,2024-08-21_06,6,2024-08-21_07,7,0.019725843236486185,0.10406861410463508,False,0.1895465160769122
Stat3_Etch_MV_PlatenRFTuningCapacitor,9,2024-08-21_07,7,2024-08-21_08,8,0.04435039328757995,0.10406861410463508,False,0.42616492656458504
Stat3_Etch_MV_PlatenRFTuningCapacitor,9,2024-08-21_08,8,2024-08-21_09,9,0.004078423933190578,0.10406861410463508,False,0.03918975925911682
Stat3_Etch_MV_PlatenRFTuningCapacitor,9,2024-08-21_09,9,2024-08-21_10,10,0.07134383989252413,0.10406861410463508,False,0.6855461707291687
Stat3_Etch_MV_PlatenRFTuningCapacitor,10,2024-08-22_01,1,2024-08-22_02,2,0.013718226633784525,0.10406861410463508,False,0.13181905756899603
Stat3_Etch_MV_PlatenRFTuningCapacitor,10,2024-08-22_02,2,2024-08-22_03,3,0.022671571430141313,0.10406861410463508,False,0.2178521509601957
Stat3_Etch_MV_PlatenRFTuningCapacitor,10,2024-08-22_03,3,2024-08-22_04,4,0.042426199767323425,0.10406861410463508,False,0.4076752643661257
Stat3_Etch_MV_PlatenRFTuningCapacitor,10,2024-08-22_04,4,2024-08-22_05,5,0.02593468558672285,0.10406861410463508,False,0.24920756185574833
Stat3_Etch_MV_PlatenRFTuningCapacitor,10,2024-08-22_05,5,2024-08-22_06,6,0.0022634811997654936,0.10406861410463508,False,0.02174989279178535
Stat3_Etch_MV_PlatenRFTuningCapacitor,10,2024-08-22_06,6,2024-08-22_07,7,0.020934387111292807,0.10406861410463508,False,0.20115946860063372
Stat3_Etch_MV_PlatenRFTuningCapacitor,10,2024-08-22_07,7,2024-08-22_08,8,0.01888658109564645,0.10406861410463508,False,0.18148200836668263
Stat3_Etch_MV_PlatenRFTuningCapacitor,10,2024-08-22_08,8,2024-08-22_09,9,0.07795809209881455,0.10406861410463508,False,0.7491028180737769
Stat3_Etch_MV_PlatenRFTuningCapacitor,10,2024-08-22_09,9,2024-08-22_10,10,0.038104462348410806,0.10406861410463508,False,0.3661474948642915
Stat3_Etch_MV_Pressure,1,2024-07-02_01,1,2024-07-02_02,2,1.1896740041497655e-05,6.731819293925128e-05,False,0.17672399572925868
Stat3_Etch_MV_Pressure,1,2024-07-02_02,2,2024-07-02_03,3,6.123963900407647e-06,6.731819293925128e-05,False,0.09097041428212406
Stat3_Etch_MV_Pressure,1,2024-07-02_03,3,2024-07-02_04,4,2.1388267641204994e-05,6.731819293925128e-05,False,0.3177189806699953
Stat3_Etch_MV_Pressure,1,2024-07-02_04,4,2024-07-02_05,5,2.3227155352800732e-05,6.731819293925128e-05,False,0.3450353364915958
Stat3_Etch_MV_Pressure,1,2024-07-02_05,5,2024-07-02_06,6,9.80172365180193e-06,6.731819293925128e-05,False,0.14560289312351446
Stat3_Etch_MV_Pressure,1,2024-07-02_06,6,2024-07-02_07,7,7.112017356009082e-06,6.731819293925128e-05,False,0.10564777581636882
Stat3_Etch_MV_Pressure,1,2024-07-02_07,7,2024-07-02_08,8,1.7098254944503122e-05,6.731819293925128e-05,False,0.2539915912468534
Stat3_Etch_MV_Pressure,1,2024-07-02_08,8,2024-07-02_09,9,7.3168913777080236e-06,6.731819293925128e-05,False,0.10869114363053196
Stat3_Etch_MV_Pressure,1,2024-07-02_09,9,2024-07-02_10,10,6.261452230996167e-06,6.731819293925128e-05,False,0.093012779422742
Stat3_Etch_MV_Pressure,2,2024-07-05_01,1,2024-07-05_02,2,1.7599549134383885e-05,6.731819293925128e-05,False,0.2614382288940216
Stat3_Etch_MV_Pressure,2,2024-07-05_02,2,2024-07-05_03,3,1.724333157114566e-06,6.731819293925128e-05,False,0.025614667920017167
Stat3_Etch_MV_Pressure,2,2024-07-05_03,3,2024-07-05_04,4,1.678083332791458e-05,6.731819293925128e-05,False,0.24927634856535436
Stat3_Etch_MV_Pressure,2,2024-07-05_04,4,2024-07-05_05,5,9.052579425190832e-06,6.731819293925128e-05,False,0.1344744864640081
Stat3_Etch_MV_Pressure,2,2024-07-05_05,5,2024-07-05_06,6,1.4569467405162184e-06,6.731819293925128e-05,False,0.021642689396475394
Stat3_Etch_MV_Pressure,2,2024-07-05_06,6,2024-07-05_07,7,2.6827998647983853e-05,6.731819293925128e-05,False,0.3985252348082746
Stat3_Etch_MV_Pressure,2,2024-07-05_07,7,2024-07-05_08,8,3.4982527131209584e-05,6.731819293925128e-05,False,0.5196593313605168
Stat3_Etch_MV_Pressure,2,2024-07-05_08,8,2024-07-05_09,9,1.012480114511577e-05,6.731819293925128e-05,False,0.1504021528660537
Stat3_Etch_MV_Pressure,2,2024-07-05_09,9,2024-07-05_10,10,3.261228566938529e-05,6.731819293925128e-05,False,0.48444980837223295
Stat3_Etch_MV_Pressure,3,2024-07-09_01,1,2024-07-09_02,2,1.7091556651652184e-05,6.731819293925128e-05,False,0.2538920892763091
Stat3_Etch_MV_Pressure,3,2024-07-09_02,2,2024-07-09_03,3,1.4392809927488148e-06,6.731819293925128e-05,False,0.02138026779844846
Stat3_Etch_MV_Pressure,3,2024-07-09_03,3,2024-07-09_04,4,1.1814510293049751e-05,6.731819293925128e-05,False,0.17550248717625713
Stat3_Etch_MV_Pressure,3,2024-07-09_04,4,2024-07-09_05,5,1.7529511477050452e-05,6.731819293925128e-05,False,0.2603978317253597
Stat3_Etch_MV_Pressure,3,2024-07-09_05,5,2024-07-09_06,6,3.616063926695223e-05,6.731819293925128e-05,False,0.5371599813973619
Stat3_Etch_MV_Pressure,3,2024-07-09_06,6,2024-07-09_07,7,2.1315080951350707e-05,6.731819293925128e-05,False,0.3166318051731674
Stat3_Etch_MV_Pressure,3,2024-07-09_07,7,2024-07-09_08,8,1.659007159735687e-05,6.731819293925128e-05,False,0.2464426163715943
Stat3_Etch_MV_Pressure,3,2024-07-09_08,8,2024-07-09_09,9,3.118117616385252e-05,6.731819293925128e-05,False,0.4631909265893512
Stat3_Etch_MV_Pressure,3,2024-07-09_09,9,2024-07-09_10,10,5.66676311825054e-06,6.731819293925128e-05,False,0.0841787765064385
Stat3_Etch_MV_Pressure,4,2024-07-11_01,1,2024-07-11_02,2,5.9089511340808254e-05,6.731819293925128e-05,False,0.8777643718709341
Stat3_Etch_MV_Pressure,4,2024-07-11_02,2,2024-07-11_03,3,5.426126725859709e-05,6.731819293925128e-05,False,0.8060416492100893
Stat3_Etch_MV_Pressure,4,2024-07-11_03,3,2024-07-11_04,4,3.021332590399939e-05,6.731819293925128e-05,False,0.4488136799997624
Stat3_Etch_MV_Pressure,4,2024-07-11_04,4,2024-07-11_05,5,2.6238302854891815e-05,6.731819293925128e-05,False,0.38976540678341687
Stat3_Etch_MV_Pressure,4,2024-07-11_05,5,2024-07-11_06,6,8.074606364004422e-06,6.731819293925128e-05,False,0.11994686742840885
Stat3_Etch_MV_Pressure,4,2024-07-11_06,6,2024-07-11_07,7,3.7408439546804395e-05,6.731819293925128e-05,False,0.5556958366449647
Stat3_Etch_MV_Pressure,4,2024-07-11_07,7,2024-07-11_08,8,2.5486696117300867e-05,6.731819293925128e-05,False,0.3786004199533454
Stat3_Etch_MV_Pressure,4,2024-07-11_08,8,2024-07-11_09,9,7.076122608307145e-06,6.731819293925128e-05,False,0.10511456560773579
Stat3_Etch_MV_Pressure,4,2024-07-11_09,9,2024-07-11_10,10,3.845010587659459e-05,6.731819293925128e-05,False,0.5711696080625992
Stat3_Etch_MV_Pressure,5,2024-07-19_01,1,2024-07-19_02,2,3.8926683295081865e-06,6.731819293925128e-05,False,0.05782490823871306
Stat3_Etch_MV_Pressure,5,2024-07-19_02,2,2024-07-19_03,3,3.130320377939255e-05,6.731819293925128e-05,False,0.4650036255079058
Stat3_Etch_MV_Pressure,5,2024-07-19_03,3,2024-07-19_04,4,1.4114876624185535e-05,6.731819293925128e-05,False,0.20967402730080653
Stat3_Etch_MV_Pressure,5,2024-07-19_04,4,2024-07-19_05,5,2.7276093307514182e-05,6.731819293925128e-05,False,0.40518160272258713
Stat3_Etch_MV_Pressure,5,2024-07-19_05,5,2024-07-19_06,6,7.634096309008798e-06,6.731819293925128e-05,False,0.113403167489922
Stat3_Etch_MV_Pressure,5,2024-07-19_06,6,2024-07-19_07,7,4.357713363885296e-06,6.731819293925128e-05,False,0.06473307101124576
Stat3_Etch_MV_Pressure,5,2024-07-19_07,7,2024-07-19_08,8,1.3930521376208371e-05,6.731819293925128e-05,False,0.20693546228698437
Stat3_Etch_MV_Pressure,5,2024-07-19_08,8,2024-07-19_09,9,8.925064589486442e-06,6.731819293925128e-05,False,0.13258027584817264
Stat3_Etch_MV_Pressure,5,2024-07-19_09,9,2024-07-19_10,10,1.426708746979366e-05,6.731819293925128e-05,False,0.2119350928309743
Stat3_Etch_MV_Pressure,6,2024-08-01_01,1,2024-08-01_02,2,1.956127822228676e-05,6.731819293925128e-05,False,0.2905793719082609
Stat3_Etch_MV_Pressure,6,2024-08-01_02,2,2024-08-01_03,3,2.0001348748910353e-06,6.731819293925128e-05,False,0.029711654272953823
Stat3_Etch_MV_Pressure,6,2024-08-01_03,3,2024-08-01_04,4,3.98213553026161e-05,6.731819293925128e-05,False,0.5915392788180063
Stat3_Etch_MV_Pressure,6,2024-08-01_04,4,2024-08-01_05,5,1.574537993678793e-05,6.731819293925128e-05,False,0.23389486926657022
Stat3_Etch_MV_Pressure,6,2024-08-01_05,5,2024-08-01_06,6,1.2423076891088236e-05,6.731819293925128e-05,False,0.1845426377130914
Stat3_Etch_MV_Pressure,6,2024-08-01_06,6,2024-08-01_07,7,2.2143519799781852e-05,6.731819293925128e-05,False,0.3289381195921944
Stat3_Etch_MV_Pressure,6,2024-08-01_07,7,2024-08-01_08,8,5.0152133946712585e-05,6.731819293925128e-05,False,0.745001191460538
Stat3_Etch_MV_Pressure,6,2024-08-01_08,8,2024-08-01_09,9,3.67427659252878e-05,6.731819293925128e-05,False,0.5458073712472481
Stat3_Etch_MV_Pressure,6,2024-08-01_09,9,2024-08-01_10,10,1.4045017613609212e-05,6.731819293925128e-05,False,0.2086362838985235
Stat3_Etch_MV_Pressure,7,2024-08-05_01,1,2024-08-05_02,2,1.188852396264567e-05,6.731819293925128e-05,False,0.17660194731272735
Stat3_Etch_MV_Pressure,7,2024-08-05_02,2,2024-08-05_03,3,1.2466822609150108e-05,6.731819293925128e-05,False,0.18519247271536704
Stat3_Etch_MV_Pressure,7,2024-08-05_03,3,2024-08-05_04,4,8.95681996959663e-07,6.731819293925128e-05,False,0.013305199647410868
Stat3_Etch_MV_Pressure,7,2024-08-05_04,4,2024-08-05_05,5,2.2014400139047652e-05,6.731819293925128e-05,False,0.32702006958079965
Stat3_Etch_MV_Pressure,7,2024-08-05_05,5,2024-08-05_06,6,4.999827679742774e-06,6.731819293925128e-05,False,0.07427156703767548
Stat3_Etch_MV_Pressure,8,2024-08-07_01,1,2024-08-07_02,2,1.116791740347206e-05,6.731819293925128e-05,False,0.16589746271932937
Stat3_Etch_MV_Pressure,8,2024-08-07_02,2,2024-08-07_03,3,1.982274608893636e-05,6.731819293925128e-05,False,0.2944634314059
Stat3_Etch_MV_Pressure,8,2024-08-07_03,3,2024-08-07_04,4,2.9072224036405525e-06,6.731819293925128e-05,False,0.04318628110329794
Stat3_Etch_MV_Pressure,8,2024-08-07_04,4,2024-08-07_05,5,1.4162673214371257e-05,6.731819293925128e-05,False,0.21038403730105795
Stat3_Etch_MV_Pressure,8,2024-08-07_05,5,2024-08-07_06,6,3.671628739806976e-05,6.731819293925128e-05,False,0.5454140373495017
Stat3_Etch_MV_Pressure,8,2024-08-07_06,6,2024-08-07_07,7,5.579980484663599e-05,6.731819293925128e-05,False,0.8288963563978965
Stat3_Etch_MV_Pressure,8,2024-08-07_07,7,2024-08-07_08,8,1.934768914357149e-05,6.731819293925128e-05,False,0.2874065434440742
Stat3_Etch_MV_Pressure,8,2024-08-07_08,8,2024-08-07_09,9,1.2722301406968561e-05,6.731819293925128e-05,False,0.1889875656414205
Stat3_Etch_MV_Pressure,8,2024-08-07_09,9,2024-08-07_10,10,2.786332989283824e-05,6.731819293925128e-05,False,0.4139048996455153
Stat3_Etch_MV_Pressure,9,2024-08-21_01,1,2024-08-21_02,2,1.3674175663724863e-06,6.731819293925128e-05,False,0.02031274914949752
Stat3_Etch_MV_Pressure,9,2024-08-21_02,2,2024-08-21_03,3,3.2480867407230773e-06,6.731819293925128e-05,False,0.04824976130381557
Stat3_Etch_MV_Pressure,9,2024-08-21_03,3,2024-08-21_04,4,1.6518588153324743e-05,6.731819293925128e-05,False,0.24538074229400822
Stat3_Etch_MV_Pressure,9,2024-08-21_04,4,2024-08-21_05,5,1.9656575021065326e-05,6.731819293925128e-05,False,0.2919949892119601
Stat3_Etch_MV_Pressure,9,2024-08-21_05,5,2024-08-21_06,6,8.928438493677193e-06,6.731819293925128e-05,False,0.13263039460572448
Stat3_Etch_MV_Pressure,9,2024-08-21_06,6,2024-08-21_07,7,3.0865675808323945e-05,6.731819293925128e-05,False,0.4585042239053786
Stat3_Etch_MV_Pressure,9,2024-08-21_07,7,2024-08-21_08,8,3.262881739157092e-05,6.731819293925128e-05,False,0.4846953842182832
Stat3_Etch_MV_Pressure,9,2024-08-21_08,8,2024-08-21_09,9,3.383628219182089e-05,6.731819293925128e-05,False,0.5026320629603819
Stat3_Etch_MV_Pressure,9,2024-08-21_09,9,2024-08-21_10,10,3.205953193027161e-05,6.731819293925128e-05,False,0.47623874810784816
Stat3_Etch_MV_Pressure,10,2024-08-22_01,1,2024-08-22_02,2,5.561135033512604e-05,6.731819293925128e-05,False,0.8260968975401697
Stat3_Etch_MV_Pressure,10,2024-08-22_02,2,2024-08-22_03,3,2.193262137097779e-05,6.731819293925128e-05,False,0.32580526026255696
Stat3_Etch_MV_Pressure,10,2024-08-22_03,3,2024-08-22_04,4,1.8219417881527866e-05,6.731819293925128e-05,False,0.2706462708820672
Stat3_Etch_MV_Pressure,10,2024-08-22_04,4,2024-08-22_05,5,1.1379115914568472e-05,6.731819293925128e-05,False,0.1690347797190147
Stat3_Etch_MV_Pressure,10,2024-08-22_05,5,2024-08-22_06,6,3.776959517857309e-05,6.731819293925128e-05,False,0.5610607404844752
Stat3_Etch_MV_Pressure,10,2024-08-22_06,6,2024-08-22_07,7,4.2706919770534035e-05,6.731819293925128e-05,False,0.6344038350683783
Stat3_Etch_MV_Pressure,10,2024-08-22_07,7,2024-08-22_08,8,5.467434448848396e-05,6.731819293925128e-05,False,0.812177839322317
Stat3_Etch_MV_Pressure,10,2024-08-22_08,8,2024-08-22_09,9,5.1444202980130416e-05,6.731819293925128e-05,False,0.7641946513114851
Stat3_Etch_MV_Pressure,10,2024-08-22_09,9,2024-08-22_10,10,1.6401570105684105e-06,6.731819293925128e-05,False,0.02436424596317532
Stat3_Etch_MV_SourceRF2PeakToPeak,1,2024-07-02_01,1,2024-07-02_02,2,0.1104178984844423,0.1985774797288924,False,0.5560444146798025
Stat3_Etch_MV_SourceRF2PeakToPeak,1,2024-07-02_02,2,2024-07-02_03,3,0.00704403148301562,0.1985774797288924,False,0.03547245887415065
Stat3_Etch_MV_SourceRF2PeakToPeak,1,2024-07-02_03,3,2024-07-02_04,4,0.0321138553739241,0.1985774797288924,False,0.16171952337076434
Stat3_Etch_MV_SourceRF2PeakToPeak,1,2024-07-02_04,4,2024-07-02_05,5,0.03763399091763611,0.1985774797288924,False,0.1895179200028919
Stat3_Etch_MV_SourceRF2PeakToPeak,1,2024-07-02_05,5,2024-07-02_06,6,0.09511583780514113,0.1985774797288924,False,0.47898602568124987
Stat3_Etch_MV_SourceRF2PeakToPeak,1,2024-07-02_06,6,2024-07-02_07,7,0.04971479968635359,0.1985774797288924,False,0.25035467140698253
Stat3_Etch_MV_SourceRF2PeakToPeak,1,2024-07-02_07,7,2024-07-02_08,8,0.004371920110162408,0.1985774797288924,False,0.02201619295466518
Stat3_Etch_MV_SourceRF2PeakToPeak,1,2024-07-02_08,8,2024-07-02_09,9,0.0525802197295242,0.1985774797288924,False,0.2647844045624371
Stat3_Etch_MV_SourceRF2PeakToPeak,1,2024-07-02_09,9,2024-07-02_10,10,0.024107133795978203,0.1985774797288924,False,0.12139913261509025
Stat3_Etch_MV_SourceRF2PeakToPeak,2,2024-07-05_01,1,2024-07-05_02,2,0.021974924352155187,0.1985774797288924,False,0.11066171442077127
Stat3_Etch_MV_SourceRF2PeakToPeak,2,2024-07-05_02,2,2024-07-05_03,3,0.03275209671838332,0.1985774797288924,False,0.16493359047107492
Stat3_Etch_MV_SourceRF2PeakToPeak,2,2024-07-05_03,3,2024-07-05_04,4,0.05077691733337271,0.1985774797288924,False,0.2557033023215715
Stat3_Etch_MV_SourceRF2PeakToPeak,2,2024-07-05_04,4,2024-07-05_05,5,0.017329152166152606,0.1985774797288924,False,0.08726645231781169
Stat3_Etch_MV_SourceRF2PeakToPeak,2,2024-07-05_05,5,2024-07-05_06,6,0.08775060860216821,0.1985774797288924,False,0.44189607362309963
Stat3_Etch_MV_SourceRF2PeakToPeak,2,2024-07-05_06,6,2024-07-05_07,7,0.043924873114384505,0.1985774797288924,False,0.22119765632212107
Stat3_Etch_MV_SourceRF2PeakToPeak,2,2024-07-05_07,7,2024-07-05_08,8,0.059753480729561825,0.1985774797288924,False,0.3009076397340735
Stat3_Etch_MV_SourceRF2PeakToPeak,2,2024-07-05_08,8,2024-07-05_09,9,0.06102938048528739,0.1985774797288924,False,0.3073328383893665
Stat3_Etch_MV_SourceRF2PeakToPeak,2,2024-07-05_09,9,2024-07-05_10,10,0.10525098795116099,0.1985774797288924,False,0.5300247948299814
Stat3_Etch_MV_SourceRF2PeakToPeak,3,2024-07-09_01,1,2024-07-09_02,2,0.017773133615575795,0.1985774797288924,False,0.08950226198781724
Stat3_Etch_MV_SourceRF2PeakToPeak,3,2024-07-09_02,2,2024-07-09_03,3,0.01335673750643493,0.1985774797288924,False,0.0672620960074133
Stat3_Etch_MV_SourceRF2PeakToPeak,3,2024-07-09_03,3,2024-07-09_04,4,0.08546832771724011,0.1985774797288924,False,0.43040292299975613
Stat3_Etch_MV_SourceRF2PeakToPeak,3,2024-07-09_04,4,2024-07-09_05,5,0.04088733921595536,0.1985774797288924,False,0.2059011891568809
Stat3_Etch_MV_SourceRF2PeakToPeak,3,2024-07-09_05,5,2024-07-09_06,6,0.08764122845831168,0.1985774797288924,False,0.44134525515161005
Stat3_Etch_MV_SourceRF2PeakToPeak,3,2024-07-09_06,6,2024-07-09_07,7,0.016473612237993526,0.1985774797288924,False,0.08295810914955765
Stat3_Etch_MV_SourceRF2PeakToPeak,3,2024-07-09_07,7,2024-07-09_08,8,0.08838581164447758,0.1985774797288924,False,0.4450948403874708
Stat3_Etch_MV_SourceRF2PeakToPeak,3,2024-07-09_08,8,2024-07-09_09,9,0.1569145533988457,0.1985774797288924,False,0.7901930954762496
Stat3_Etch_MV_SourceRF2PeakToPeak,3,2024-07-09_09,9,2024-07-09_10,10,0.057616309926104975,0.1985774797288924,False,0.2901452370367755
Stat3_Etch_MV_SourceRF2PeakToPeak,4,2024-07-11_01,1,2024-07-11_02,2,0.11272909359544395,0.1985774797288924,False,0.5676831720764468
Stat3_Etch_MV_SourceRF2PeakToPeak,4,2024-07-11_02,2,2024-07-11_03,3,0.02065591583086164,0.1985774797288924,False,0.10401942787803581
Stat3_Etch_MV_SourceRF2PeakToPeak,4,2024-07-11_03,3,2024-07-11_04,4,0.037031548991663873,0.1985774797288924,False,0.1864841322501481
Stat3_Etch_MV_SourceRF2PeakToPeak,4,2024-07-11_04,4,2024-07-11_05,5,0.05428934149590235,0.1985774797288924,False,0.2733912303148413
Stat3_Etch_MV_SourceRF2PeakToPeak,4,2024-07-11_05,5,2024-07-11_06,6,0.050680144904992244,0.1985774797288924,False,0.25521597400764295
Stat3_Etch_MV_SourceRF2PeakToPeak,4,2024-07-11_06,6,2024-07-11_07,7,0.036229622860148455,0.1985774797288924,False,0.18244577839144144
Stat3_Etch_MV_SourceRF2PeakToPeak,4,2024-07-11_07,7,2024-07-11_08,8,0.07451346234760434,0.1985774797288924,False,0.37523621736630824
Stat3_Etch_MV_SourceRF2PeakToPeak,4,2024-07-11_08,8,2024-07-11_09,9,0.05134071013416813,0.1985774797288924,False,0.2585424601231769
Stat3_Etch_MV_SourceRF2PeakToPeak,4,2024-07-11_09,9,2024-07-11_10,10,0.0003729235051134483,0.1985774797288924,False,0.001877974811759025
Stat3_Etch_MV_SourceRF2PeakToPeak,5,2024-07-19_01,1,2024-07-19_02,2,0.09012731613127734,0.1985774797288924,False,0.45386473961862905
Stat3_Etch_MV_SourceRF2PeakToPeak,5,2024-07-19_02,2,2024-07-19_03,3,0.0711247182986785,0.1985774797288924,False,0.35817111988620975
Stat3_Etch_MV_SourceRF2PeakToPeak,5,2024-07-19_03,3,2024-07-19_04,4,0.03137675660397157,0.1985774797288924,False,0.15800762829102596
Stat3_Etch_MV_SourceRF2PeakToPeak,5,2024-07-19_04,4,2024-07-19_05,5,0.08233180517772601,0.1985774797288924,False,0.41460796707728076
Stat3_Etch_MV_SourceRF2PeakToPeak,5,2024-07-19_05,5,2024-07-19_06,6,0.0694043879265846,0.1985774797288924,False,0.3495078496380296
Stat3_Etch_MV_SourceRF2PeakToPeak,5,2024-07-19_06,6,2024-07-19_07,7,0.08474592665946312,0.1985774797288924,False,0.42676504292008527
Stat3_Etch_MV_SourceRF2PeakToPeak,5,2024-07-19_07,7,2024-07-19_08,8,0.06927510402291609,0.1985774797288924,False,0.34885679945930337
Stat3_Etch_MV_SourceRF2PeakToPeak,5,2024-07-19_08,8,2024-07-19_09,9,0.021330133905009874,0.1985774797288924,False,0.10741466723281415
Stat3_Etch_MV_SourceRF2PeakToPeak,5,2024-07-19_09,9,2024-07-19_10,10,0.0563405552571373,0.1985774797288924,False,0.2837207690119552
Stat3_Etch_MV_SourceRF2PeakToPeak,6,2024-08-01_01,1,2024-08-01_02,2,0.0718525303831368,0.1985774797288924,False,0.36183624891016525
Stat3_Etch_MV_SourceRF2PeakToPeak,6,2024-08-01_02,2,2024-08-01_03,3,0.03817823137301854,0.1985774797288924,False,0.19225861575613365
Stat3_Etch_MV_SourceRF2PeakToPeak,6,2024-08-01_03,3,2024-08-01_04,4,0.09060290516166164,0.1985774797288924,False,0.45625971930632375
Stat3_Etch_MV_SourceRF2PeakToPeak,6,2024-08-01_04,4,2024-08-01_05,5,0.0413786744445071,0.1985774797288924,False,0.20837546382902672
Stat3_Etch_MV_SourceRF2PeakToPeak,6,2024-08-01_05,5,2024-08-01_06,6,0.08497246538051546,0.1985774797288924,False,0.4279058506358525
Stat3_Etch_MV_SourceRF2PeakToPeak,6,2024-08-01_06,6,2024-08-01_07,7,0.12494074651229094,0.1985774797288924,False,0.6291788307660371
Stat3_Etch_MV_SourceRF2PeakToPeak,6,2024-08-01_07,7,2024-08-01_08,8,0.1051283858239562,0.1985774797288924,False,0.5294073928598679
Stat3_Etch_MV_SourceRF2PeakToPeak,6,2024-08-01_08,8,2024-08-01_09,9,0.02084013037011896,0.1985774797288924,False,0.10494709872726211
Stat3_Etch_MV_SourceRF2PeakToPeak,6,2024-08-01_09,9,2024-08-01_10,10,0.08812446179956653,0.1985774797288924,False,0.4437787301957821
Stat3_Etch_MV_SourceRF2PeakToPeak,7,2024-08-05_01,1,2024-08-05_02,2,0.09644799290208239,0.1985774797288924,False,0.48569451598317126
Stat3_Etch_MV_SourceRF2PeakToPeak,7,2024-08-05_02,2,2024-08-05_03,3,0.15841168621879242,0.1985774797288924,False,0.7977323835263885
Stat3_Etch_MV_SourceRF2PeakToPeak,7,2024-08-05_03,3,2024-08-05_04,4,0.11396891564457931,0.1985774797288924,False,0.5739266899759993
Stat3_Etch_MV_SourceRF2PeakToPeak,7,2024-08-05_04,4,2024-08-05_05,5,0.0689021545745424,0.1985774797288924,False,0.3469786940020136
Stat3_Etch_MV_SourceRF2PeakToPeak,7,2024-08-05_05,5,2024-08-05_06,6,0.06211010420701059,0.1985774797288924,False,0.31277516610547335
Stat3_Etch_MV_SourceRF2PeakToPeak,8,2024-08-07_01,1,2024-08-07_02,2,0.07618087621201672,0.1985774797288924,False,0.38363300972508335
Stat3_Etch_MV_SourceRF2PeakToPeak,8,2024-08-07_02,2,2024-08-07_03,3,0.05369775818668648,0.1985774797288924,False,0.2704121245772545
Stat3_Etch_MV_SourceRF2PeakToPeak,8,2024-08-07_03,3,2024-08-07_04,4,0.017735533436568682,0.1985774797288924,False,0.08931291433843401
Stat3_Etch_MV_SourceRF2PeakToPeak,8,2024-08-07_04,4,2024-08-07_05,5,0.03480188248872074,0.1985774797288924,False,0.17525593806625986
Stat3_Etch_MV_SourceRF2PeakToPeak,8,2024-08-07_05,5,2024-08-07_06,6,0.08530087882451565,0.1985774797288924,False,0.42955968089116925
Stat3_Etch_MV_SourceRF2PeakToPeak,8,2024-08-07_06,6,2024-08-07_07,7,0.022839408872015368,0.1985774797288924,False,0.11501510092280774
Stat3_Etch_MV_SourceRF2PeakToPeak,8,2024-08-07_07,7,2024-08-07_08,8,0.11562468455649783,0.1985774797288924,False,0.5822648404761419
Stat3_Etch_MV_SourceRF2PeakToPeak,8,2024-08-07_08,8,2024-08-07_09,9,0.015607895903850616,0.1985774797288924,False,0.07859851945527395
Stat3_Etch_MV_SourceRF2PeakToPeak,8,2024-08-07_09,9,2024-08-07_10,10,0.03182662878770297,0.1985774797288924,False,0.1602731026255053
Stat3_Etch_MV_SourceRF2PeakToPeak,9,2024-08-21_01,1,2024-08-21_02,2,0.01876840394597909,0.1985774797288924,False,0.09451426199789939
Stat3_Etch_MV_SourceRF2PeakToPeak,9,2024-08-21_02,2,2024-08-21_03,3,0.044873939267268376,0.1985774797288924,False,0.22597698051426807
Stat3_Etch_MV_SourceRF2PeakToPeak,9,2024-08-21_03,3,2024-08-21_04,4,0.022539262179689212,0.1985774797288924,False,0.11350361687770892
Stat3_Etch_MV_SourceRF2PeakToPeak,9,2024-08-21_04,4,2024-08-21_05,5,0.08449489494867841,0.1985774797288924,False,0.425500892971524
Stat3_Etch_MV_SourceRF2PeakToPeak,9,2024-08-21_05,5,2024-08-21_06,6,0.1336634354683972,0.1985774797288924,False,0.6731047027632792
Stat3_Etch_MV_SourceRF2PeakToPeak,9,2024-08-21_06,6,2024-08-21_07,7,0.15766224886569719,0.1985774797288924,False,0.7939583535904743
Stat3_Etch_MV_SourceRF2PeakToPeak,9,2024-08-21_07,7,2024-08-21_08,8,0.1099317854118204,0.1985774797288924,False,0.5535964378332558
Stat3_Etch_MV_SourceRF2PeakToPeak,9,2024-08-21_08,8,2024-08-21_09,9,0.009422020034674877,0.1985774797288924,False,0.04744757586579443
Stat3_Etch_MV_SourceRF2PeakToPeak,9,2024-08-21_09,9,2024-08-21_10,10,0.043123697636740205,0.1985774797288924,False,0.2171630826195134
Stat3_Etch_MV_SourceRF2PeakToPeak,10,2024-08-22_01,1,2024-08-22_02,2,0.07223838000690509,0.1985774797288924,False,0.36377931729986923
Stat3_Etch_MV_SourceRF2PeakToPeak,10,2024-08-22_02,2,2024-08-22_03,3,0.004249948484623831,0.1985774797288924,False,0.021401966076042795
Stat3_Etch_MV_SourceRF2PeakToPeak,10,2024-08-22_03,3,2024-08-22_04,4,0.005903327495525509,0.1985774797288924,False,0.029728081470189967
Stat3_Etch_MV_SourceRF2PeakToPeak,10,2024-08-22_04,4,2024-08-22_05,5,0.05644660725827193,0.1985774797288924,False,0.2842548275632039
Stat3_Etch_MV_SourceRF2PeakToPeak,10,2024-08-22_05,5,2024-08-22_06,6,0.10228016646454949,0.1985774797288924,False,0.5150642792132689
Stat3_Etch_MV_SourceRF2PeakToPeak,10,2024-08-22_06,6,2024-08-22_07,7,0.11086969139559752,0.1985774797288924,False,0.5583195614475629
Stat3_Etch_MV_SourceRF2PeakToPeak,10,2024-08-22_07,7,2024-08-22_08,8,0.052007735324770266,0.1985774797288924,False,0.2619014774272176
Stat3_Etch_MV_SourceRF2PeakToPeak,10,2024-08-22_08,8,2024-08-22_09,9,0.0423029653149343,0.1985774797288924,False,0.2130300242136639
Stat3_Etch_MV_SourceRF2PeakToPeak,10,2024-08-22_09,9,2024-08-22_10,10,0.06501062693286386,0.1985774797288924,False,0.32738166997395435
Stat3_Etch_MV_SourceRF2TuningCapacitor,3,2024-07-09_01,1,2024-07-09_02,2,1.207292043958752e-05,0.0020123334405101104,False,0.005999463208506405
Stat3_Etch_MV_SourceRF2TuningCapacitor,3,2024-07-09_02,2,2024-07-09_03,3,1.2072920439365475e-05,0.0020123334405101104,False,0.0059994632083960634
Stat3_Etch_MV_SourceRF2TuningCapacitor,3,2024-07-09_03,3,2024-07-09_04,4,1.207292043958752e-05,0.0020123334405101104,False,0.005999463208506405
Stat3_Etch_MV_SourceRF2TuningCapacitor,3,2024-07-09_04,4,2024-07-09_05,5,0.002004104792949324,0.0020123334405101104,False,0.995910892601029
Stat3_Etch_MV_SourceRF2TuningCapacitor,3,2024-07-09_05,5,2024-07-09_06,6,0.001979958952070371,0.0020123334405101104,False,0.9839119661841266
Stat3_Etch_MV_SourceRF2TuningCapacitor,3,2024-07-09_06,6,2024-07-09_07,7,1.2072920439365475e-05,0.0020123334405101104,False,0.0059994632083960634
Stat3_Etch_MV_SourceRF2TuningCapacitor,3,2024-07-09_07,7,2024-07-09_08,8,1.207292043958752e-05,0.0020123334405101104,False,0.005999463208506405
Stat3_Etch_MV_SourceRF2TuningCapacitor,3,2024-07-09_08,8,2024-07-09_09,9,1.2072920439365475e-05,0.0020123334405101104,False,0.0059994632083960634
Stat3_Etch_MV_SourceRF2TuningCapacitor,3,2024-07-09_09,9,2024-07-09_10,10,1.2072920439365475e-05,0.0020123334405101104,False,0.0059994632083960634
Stat3_Etch_MV_SourceRF2TuningCapacitor,4,2024-07-11_01,1,2024-07-11_02,2,2.818351304201272e-05,0.0020123334405101104,False,0.014005389203723824
Stat3_Etch_MV_SourceRF2TuningCapacitor,4,2024-07-11_02,2,2024-07-11_03,3,0.001632394368060952,0.0020123334405101104,False,0.8111947727942905
Stat3_Etch_MV_SourceRF2TuningCapacitor,4,2024-07-11_03,3,2024-07-11_04,4,0.0016887613941447555,0.0020123334405101104,False,0.8392055512016279
Stat3_Etch_MV_SourceRF2TuningCapacitor,4,2024-07-11_04,4,2024-07-11_05,5,0.0019638483594681677,0.0020123334405101104,False,0.9759060401890195
Stat3_Etch_MV_SourceRF2TuningCapacitor,4,2024-07-11_05,5,2024-07-11_06,6,0.002020215385551749,0.0020123334405101104,True,1.0039168185962464
Stat3_Etch_MV_SourceRF2TuningCapacitor,4,2024-07-11_06,6,2024-07-11_07,7,2.818351304201272e-05,0.0020123334405101104,False,0.014005389203723824
Stat3_Etch_MV_SourceRF2TuningCapacitor,4,2024-07-11_07,7,2024-07-11_08,8,2.8183513041790675e-05,0.0020123334405101104,False,0.014005389203613482
Stat3_Etch_MV_SourceRF2TuningCapacitor,4,2024-07-11_08,8,2024-07-11_09,9,2.8183513041790675e-05,0.0020123334405101104,False,0.014005389203613482
Stat3_Etch_MV_SourceRF2TuningCapacitor,4,2024-07-11_09,9,2024-07-11_10,10,0.00163239436806073,0.0020123334405101104,False,0.8111947727941802
Stat3_Etch_MV_SourceRF2TuningCapacitor,5,2024-07-19_01,1,2024-07-19_02,2,0.0019678860316312274,0.0020123334405101104,False,0.9779125029758409
Stat3_Etch_MV_SourceRF2TuningCapacitor,5,2024-07-19_02,2,2024-07-19_03,3,2.4145840878952995e-05,0.0020123334405101104,False,0.011998926416902467
Stat3_Etch_MV_SourceRF2TuningCapacitor,5,2024-07-19_03,3,2024-07-19_04,4,2.414584087873095e-05,0.0020123334405101104,False,0.011998926416792127
Stat3_Etch_MV_SourceRF2TuningCapacitor,5,2024-07-19_04,4,2024-07-19_05,5,2.4145840878952995e-05,0.0020123334405101104,False,0.011998926416902467
Stat3_Etch_MV_SourceRF2TuningCapacitor,5,2024-07-19_05,5,2024-07-19_06,6,2.4145840878952995e-05,0.0020123334405101104,False,0.011998926416902467
Stat3_Etch_MV_SourceRF2TuningCapacitor,5,2024-07-19_06,6,2024-07-19_07,7,2.414584087873095e-05,0.0020123334405101104,False,0.011998926416792127
Stat3_Etch_MV_SourceRF2TuningCapacitor,5,2024-07-19_07,7,2024-07-19_08,8,2.4145840878952995e-05,0.0020123334405101104,False,0.011998926416902467
Stat3_Etch_MV_SourceRF2TuningCapacitor,5,2024-07-19_08,8,2024-07-19_09,9,0.0020161777133886893,0.0020123334405101104,True,1.0019103558094251
Stat3_Etch_MV_SourceRF2TuningCapacitor,5,2024-07-19_09,9,2024-07-19_10,10,0.0019678860316310054,0.0020123334405101104,False,0.9779125029757305
Stat3_Etch_MV_SourceRF2TuningCapacitor,8,2024-08-07_01,1,2024-08-07_02,2,5.032054185161172e-05,0.0020123334405101104,False,0.02500606551509469
Stat3_Etch_MV_SourceRF2TuningCapacitor,8,2024-08-07_02,2,2024-08-07_03,3,5.032054185138968e-05,0.0020123334405101104,False,0.025006065514984348
Stat3_Etch_MV_SourceRF2TuningCapacitor,8,2024-08-07_03,3,2024-08-07_04,4,5.032054185161172e-05,0.0020123334405101104,False,0.02500606551509469
Stat3_Etch_MV_SourceRF2TuningCapacitor,8,2024-08-07_04,4,2024-08-07_05,5,5.032054185138968e-05,0.0020123334405101104,False,0.025006065514984348
Stat3_Etch_MV_SourceRF2TuningCapacitor,8,2024-08-07_05,5,2024-08-07_06,6,5.032054185161172e-05,0.0020123334405101104,False,0.02500606551509469
Stat3_Etch_MV_SourceRF2TuningCapacitor,8,2024-08-07_06,6,2024-08-07_07,7,5.032054185138968e-05,0.0020123334405101104,False,0.025006065514984348
Stat3_Etch_MV_SourceRF2TuningCapacitor,8,2024-08-07_07,7,2024-08-07_08,8,0.001610257339251131,0.0020123334405101104,False,0.8001940964828094
Stat3_Etch_MV_SourceRF2TuningCapacitor,8,2024-08-07_08,8,2024-08-07_09,9,0.0017108984229543545,0.0020123334405101104,False,0.8502062275129988
Stat3_Etch_MV_SourceRF2TuningCapacitor,8,2024-08-07_09,9,2024-08-07_10,10,5.032054185138968e-05,0.0020123334405101104,False,0.025006065514984348
Stat3_Etch_MV_SourceRF2TuningCapacitor,9,2024-08-21_01,1,2024-08-21_02,2,8.45104430764465e-05,0.0020123334405101104,False,0.04199624245921381
Stat3_Etch_MV_SourceRF2TuningCapacitor,9,2024-08-21_02,2,2024-08-21_03,3,8.451044307600242e-05,0.0020123334405101104,False,0.041996242458993124
Stat3_Etch_MV_SourceRF2TuningCapacitor,9,2024-08-21_03,3,2024-08-21_04,4,8.45104430764465e-05,0.0020123334405101104,False,0.04199624245921381
Stat3_Etch_MV_SourceRF2TuningCapacitor,9,2024-08-21_04,4,2024-08-21_05,5,8.451044307622446e-05,0.0020123334405101104,False,0.04199624245910347
Stat3_Etch_MV_SourceRF2TuningCapacitor,9,2024-08-21_05,5,2024-08-21_06,6,8.451044307622446e-05,0.0020123334405101104,False,0.04199624245910347
Stat3_Etch_MV_SourceRF2TuningCapacitor,9,2024-08-21_06,6,2024-08-21_07,7,8.451044307622446e-05,0.0020123334405101104,False,0.04199624245910347
Stat3_Etch_MV_SourceRF2TuningCapacitor,9,2024-08-21_07,7,2024-08-21_08,8,8.451044307622446e-05,0.0020123334405101104,False,0.04199624245910347
Stat3_Etch_MV_SourceRF2TuningCapacitor,9,2024-08-21_08,8,2024-08-21_09,9,0.001907521429433734,0.0020123334405101104,False,0.9479151869335295
Stat3_Etch_MV_SourceRF2TuningCapacitor,9,2024-08-21_09,9,2024-08-21_10,10,0.002076542315586183,0.0020123334405101104,True,1.0319076718517364
Stat3_Etch_MV_SourceRF2TuningCapacitor,10,2024-08-22_01,1,2024-08-22_02,2,0.0016303855559918201,0.0020123334405101104,False,0.8101965226888693
Stat3_Etch_MV_SourceRF2TuningCapacitor,10,2024-08-22_02,2,2024-08-22_03,3,3.019232511114467e-05,0.0020123334405101104,False,0.015003639309145087
Stat3_Etch_MV_SourceRF2TuningCapacitor,10,2024-08-22_03,3,2024-08-22_04,4,3.0192325110922624e-05,0.0020123334405101104,False,0.015003639309034745
Stat3_Etch_MV_SourceRF2TuningCapacitor,10,2024-08-22_04,4,2024-08-22_05,5,3.0192325110922624e-05,0.0020123334405101104,False,0.015003639309034745
Stat3_Etch_MV_SourceRF2TuningCapacitor,10,2024-08-22_05,5,2024-08-22_06,6,3.0192325110922624e-05,0.0020123334405101104,False,0.015003639309034745
Stat3_Etch_MV_SourceRF2TuningCapacitor,10,2024-08-22_06,6,2024-08-22_07,7,3.0192325110922624e-05,0.0020123334405101104,False,0.015003639309034745
Stat3_Etch_MV_SourceRF2TuningCapacitor,10,2024-08-22_07,7,2024-08-22_08,8,0.0020228857824342583,0.0020123334405101104,True,1.0052438337065417
Stat3_Etch_MV_SourceRF2TuningCapacitor,10,2024-08-22_08,8,2024-08-22_09,9,0.001962501132212191,0.0020123334405101104,False,0.9752365550883618
Stat3_Etch_MV_SourceRF2TuningCapacitor,10,2024-08-22_09,9,2024-08-22_10,10,3.0192325110922624e-05,0.0020123334405101104,False,0.015003639309034745
Stat3_Etch_MV_SourceRFLoadPower,1,2024-07-02_01,1,2024-07-02_02,2,0.22707860669015645,0.6133226434689543,False,0.3702433117515429
Stat3_Etch_MV_SourceRFLoadPower,1,2024-07-02_02,2,2024-07-02_03,3,0.1082802170872128,0.6133226434689543,False,0.17654690926586314
Stat3_Etch_MV_SourceRFLoadPower,1,2024-07-02_03,3,2024-07-02_04,4,0.21220125588661176,0.6133226434689543,False,0.3459863387505163
Stat3_Etch_MV_SourceRFLoadPower,1,2024-07-02_04,4,2024-07-02_05,5,0.23912307432829039,0.6133226434689543,False,0.38988137300101905
Stat3_Etch_MV_SourceRFLoadPower,1,2024-07-02_05,5,2024-07-02_06,6,0.14622115000747726,0.6133226434689543,False,0.2384082041720327
Stat3_Etch_MV_SourceRFLoadPower,1,2024-07-02_06,6,2024-07-02_07,7,0.08231053469262406,0.6133226434689543,False,0.13420429780168475
Stat3_Etch_MV_SourceRFLoadPower,1,2024-07-02_07,7,2024-07-02_08,8,0.030765640771278413,0.6133226434689543,False,0.05016224510686232
Stat3_Etch_MV_SourceRFLoadPower,1,2024-07-02_08,8,2024-07-02_09,9,0.025410536597973987,0.6133226434689543,False,0.041430944819274784
Stat3_Etch_MV_SourceRFLoadPower,1,2024-07-02_09,9,2024-07-02_10,10,0.052118069275820744,0.6133226434689543,False,0.08497659401753183
Stat3_Etch_MV_SourceRFLoadPower,2,2024-07-05_01,1,2024-07-05_02,2,0.1831564486615207,0.6133226434689543,False,0.2986298494143106
Stat3_Etch_MV_SourceRFLoadPower,2,2024-07-05_02,2,2024-07-05_03,3,0.07615241683242857,0.6133226434689543,False,0.12416371324839783
Stat3_Etch_MV_SourceRFLoadPower,2,2024-07-05_03,3,2024-07-05_04,4,0.061063711157203215,0.6133226434689543,False,0.09956213390692169
Stat3_Etch_MV_SourceRFLoadPower,2,2024-07-05_04,4,2024-07-05_05,5,0.08250529578481292,0.6133226434689543,False,0.13452184859532135
Stat3_Etch_MV_SourceRFLoadPower,2,2024-07-05_05,5,2024-07-05_06,6,0.036193999914758024,0.6133226434689543,False,0.05901298492754919
Stat3_Etch_MV_SourceRFLoadPower,2,2024-07-05_06,6,2024-07-05_07,7,0.05925961603406904,0.6133226434689543,False,0.09662062319906618
Stat3_Etch_MV_SourceRFLoadPower,2,2024-07-05_07,7,2024-07-05_08,8,0.06920191697781775,0.6133226434689543,False,0.11283117901274857
Stat3_Etch_MV_SourceRFLoadPower,2,2024-07-05_08,8,2024-07-05_09,9,0.10532396526059529,0.6133226434689543,False,0.17172684945216224
Stat3_Etch_MV_SourceRFLoadPower,2,2024-07-05_09,9,2024-07-05_10,10,0.1508571805234169,0.6133226434689543,False,0.24596708132308362
Stat3_Etch_MV_SourceRFLoadPower,3,2024-07-09_01,1,2024-07-09_02,2,0.20754174655166935,0.6133226434689543,False,0.3383891802490982
Stat3_Etch_MV_SourceRFLoadPower,3,2024-07-09_02,2,2024-07-09_03,3,0.268652088822364,0.6133226434689543,False,0.4380273444705501
Stat3_Etch_MV_SourceRFLoadPower,3,2024-07-09_03,3,2024-07-09_04,4,0.10379310481266657,0.6133226434689543,False,0.16923083782723647
Stat3_Etch_MV_SourceRFLoadPower,3,2024-07-09_04,4,2024-07-09_05,5,0.596030891229475,0.6133226434689543,False,0.9718064343072724
Stat3_Etch_MV_SourceRFLoadPower,3,2024-07-09_05,5,2024-07-09_06,6,0.5310962691801251,0.6133226434689543,False,0.8659329226396133
Stat3_Etch_MV_SourceRFLoadPower,3,2024-07-09_06,6,2024-07-09_07,7,0.07273720699504338,0.6133226434689543,False,0.11859533928772231
Stat3_Etch_MV_SourceRFLoadPower,3,2024-07-09_07,7,2024-07-09_08,8,0.017900909000218235,0.6133226434689543,False,0.02918677337424011
Stat3_Etch_MV_SourceRFLoadPower,3,2024-07-09_08,8,2024-07-09_09,9,0.18280864379312334,0.6133226434689543,False,0.29806276637555273
Stat3_Etch_MV_SourceRFLoadPower,3,2024-07-09_09,9,2024-07-09_10,10,0.002988231658036966,0.6133226434689543,False,0.004872201751977591
Stat3_Etch_MV_SourceRFLoadPower,4,2024-07-11_01,1,2024-07-11_02,2,0.1357624210791073,0.6133226434689543,False,0.22135563153389337
Stat3_Etch_MV_SourceRFLoadPower,4,2024-07-11_02,2,2024-07-11_03,3,0.48814086024231074,0.6133226434689543,False,0.7958957091187517
Stat3_Etch_MV_SourceRFLoadPower,4,2024-07-11_03,3,2024-07-11_04,4,0.3719957314442581,0.6133226434689543,False,0.6065253507358696
Stat3_Etch_MV_SourceRFLoadPower,4,2024-07-11_04,4,2024-07-11_05,5,0.5360649739141081,0.6133226434689543,False,0.8740342128608254
Stat3_Etch_MV_SourceRFLoadPower,4,2024-07-11_05,5,2024-07-11_06,6,0.6390626250176865,0.6133226434689543,True,1.0419680926879642
Stat3_Etch_MV_SourceRFLoadPower,4,2024-07-11_06,6,2024-07-11_07,7,0.12112444080548812,0.6133226434689543,False,0.19748894337311274
Stat3_Etch_MV_SourceRFLoadPower,4,2024-07-11_07,7,2024-07-11_08,8,0.09184282068645189,0.6133226434689543,False,0.14974633932800635
Stat3_Etch_MV_SourceRFLoadPower,4,2024-07-11_08,8,2024-07-11_09,9,0.20340407313869946,0.6133226434689543,False,0.331642856014977
Stat3_Etch_MV_SourceRFLoadPower,4,2024-07-11_09,9,2024-07-11_10,10,0.4629976537280527,0.6133226434689543,False,0.7549006361632711
Stat3_Etch_MV_SourceRFLoadPower,5,2024-07-19_01,1,2024-07-19_02,2,0.3838323375625805,0.6133226434689543,False,0.6258245014265639
Stat3_Etch_MV_SourceRFLoadPower,5,2024-07-19_02,2,2024-07-19_03,3,0.1600107637277688,0.6133226434689543,False,0.2608916618873674
Stat3_Etch_MV_SourceRFLoadPower,5,2024-07-19_03,3,2024-07-19_04,4,0.32946413369700167,0.6133226434689543,False,0.537179145765028
Stat3_Etch_MV_SourceRFLoadPower,5,2024-07-19_04,4,2024-07-19_05,5,0.1665500529984456,0.6133226434689543,False,0.2715537323983966
Stat3_Etch_MV_SourceRFLoadPower,5,2024-07-19_05,5,2024-07-19_06,6,0.04096388228254,0.6133226434689543,False,0.06679010259730211
Stat3_Etch_MV_SourceRFLoadPower,5,2024-07-19_06,6,2024-07-19_07,7,0.016087854111901834,0.6133226434689543,False,0.026230654098972923
Stat3_Etch_MV_SourceRFLoadPower,5,2024-07-19_07,7,2024-07-19_08,8,0.04633215145668146,0.6133226434689543,False,0.07554286793428448
Stat3_Etch_MV_SourceRFLoadPower,5,2024-07-19_08,8,2024-07-19_09,9,0.5379375829047603,0.6133226434689543,False,0.8770874329083697
Stat3_Etch_MV_SourceRFLoadPower,5,2024-07-19_09,9,2024-07-19_10,10,0.6498744696277754,0.6133226434689543,True,1.059596407450545
Stat3_Etch_MV_SourceRFLoadPower,6,2024-08-01_01,1,2024-08-01_02,2,0.06065577431127167,0.6133226434689543,False,0.09889700789164162
Stat3_Etch_MV_SourceRFLoadPower,6,2024-08-01_02,2,2024-08-01_03,3,0.027430513113358757,0.6133226434689543,False,0.044724442192793847
Stat3_Etch_MV_SourceRFLoadPower,6,2024-08-01_03,3,2024-08-01_04,4,0.1595650933440993,0.6133226434689543,False,0.2601650127273938
Stat3_Etch_MV_SourceRFLoadPower,6,2024-08-01_04,4,2024-08-01_05,5,0.15010480175715202,0.6133226434689543,False,0.24474035543210815
Stat3_Etch_MV_SourceRFLoadPower,6,2024-08-01_05,5,2024-08-01_06,6,0.02803129502808588,0.6133226434689543,False,0.04570399499607712
Stat3_Etch_MV_SourceRFLoadPower,6,2024-08-01_06,6,2024-08-01_07,7,0.1435890733287124,0.6133226434689543,False,0.23411670000731144
Stat3_Etch_MV_SourceRFLoadPower,6,2024-08-01_07,7,2024-08-01_08,8,0.16932988866255982,0.6133226434689543,False,0.27608615215122273
Stat3_Etch_MV_SourceRFLoadPower,6,2024-08-01_08,8,2024-08-01_09,9,0.10933229985448634,0.6133226434689543,False,0.17826229150142345
Stat3_Etch_MV_SourceRFLoadPower,6,2024-08-01_09,9,2024-08-01_10,10,0.04724249192395291,0.6133226434689543,False,0.07702714456578559
Stat3_Etch_MV_SourceRFLoadPower,7,2024-08-05_01,1,2024-08-05_02,2,0.001262508471882029,0.6133226434689543,False,0.002058473603291863
Stat3_Etch_MV_SourceRFLoadPower,7,2024-08-05_02,2,2024-08-05_03,3,0.14703596423350973,0.6133226434689543,False,0.23973672878254418
Stat3_Etch_MV_SourceRFLoadPower,7,2024-08-05_03,3,2024-08-05_04,4,0.11018995240874574,0.6133226434689543,False,0.17966066242966527
Stat3_Etch_MV_SourceRFLoadPower,7,2024-08-05_04,4,2024-08-05_05,5,0.007870964044741413,0.6133226434689543,False,0.01283331722472078
Stat3_Etch_MV_SourceRFLoadPower,7,2024-08-05_05,5,2024-08-05_06,6,0.05077167938088678,0.6133226434689543,False,0.08278135484077687
Stat3_Etch_MV_SourceRFLoadPower,8,2024-08-07_01,1,2024-08-07_02,2,0.32293252929002847,0.6133226434689543,False,0.5265296051414657
Stat3_Etch_MV_SourceRFLoadPower,8,2024-08-07_02,2,2024-08-07_03,3,0.13567181781309046,0.6133226434689543,False,0.22120790624283876
Stat3_Etch_MV_SourceRFLoadPower,8,2024-08-07_03,3,2024-08-07_04,4,0.14006917250071638,0.6133226434689543,False,0.22837763123905686
Stat3_Etch_MV_SourceRFLoadPower,8,2024-08-07_04,4,2024-08-07_05,5,0.09713392854155245,0.6133226434689543,False,0.15837329597381686
Stat3_Etch_MV_SourceRFLoadPower,8,2024-08-07_05,5,2024-08-07_06,6,0.031446103945199866,0.6133226434689543,False,0.05127171527100423
Stat3_Etch_MV_SourceRFLoadPower,8,2024-08-07_06,6,2024-08-07_07,7,0.2028212376671945,0.6133226434689543,False,0.3306925642269412
Stat3_Etch_MV_SourceRFLoadPower,8,2024-08-07_07,7,2024-08-07_08,8,0.25967445230207886,0.6133226434689543,False,0.4233896384998271
Stat3_Etch_MV_SourceRFLoadPower,8,2024-08-07_08,8,2024-08-07_09,9,0.354478318854035,0.6133226434689543,False,0.5779638541455193
Stat3_Etch_MV_SourceRFLoadPower,8,2024-08-07_09,9,2024-08-07_10,10,0.015106520017525327,0.6133226434689543,False,0.02463062497103126
Stat3_Etch_MV_SourceRFLoadPower,9,2024-08-21_01,1,2024-08-21_02,2,0.1973414653243708,0.6133226434689543,False,0.32175799707672137
Stat3_Etch_MV_SourceRFLoadPower,9,2024-08-21_02,2,2024-08-21_03,3,0.00204251906961872,0.6133226434689543,False,0.0033302521786350943
Stat3_Etch_MV_SourceRFLoadPower,9,2024-08-21_03,3,2024-08-21_04,4,0.1034906042386865,0.6133226434689543,False,0.16873762177333518
Stat3_Etch_MV_SourceRFLoadPower,9,2024-08-21_04,4,2024-08-21_05,5,0.16627686875335712,0.6133226434689543,False,0.27110831553991677
Stat3_Etch_MV_SourceRFLoadPower,9,2024-08-21_05,5,2024-08-21_06,6,0.11132313826010432,0.6133226434689543,False,0.1815082802592456
Stat3_Etch_MV_SourceRFLoadPower,9,2024-08-21_06,6,2024-08-21_07,7,0.22680794436246288,0.6133226434689543,False,0.3698020067865693
Stat3_Etch_MV_SourceRFLoadPower,9,2024-08-21_07,7,2024-08-21_08,8,0.08103122296142828,0.6133226434689543,False,0.1321184271024391
Stat3_Etch_MV_SourceRFLoadPower,9,2024-08-21_08,8,2024-08-21_09,9,0.677634024042618,0.6133226434689543,True,1.1048573393767405
Stat3_Etch_MV_SourceRFLoadPower,9,2024-08-21_09,9,2024-08-21_10,10,0.7118030240030748,0.6133226434689543,True,1.160568636398479
Stat3_Etch_MV_SourceRFLoadPower,10,2024-08-22_01,1,2024-08-22_02,2,0.330176893080079,0.6133226434689543,False,0.5383412737097032
Stat3_Etch_MV_SourceRFLoadPower,10,2024-08-22_02,2,2024-08-22_03,3,0.06851724361195011,0.6133226434689543,False,0.1117148442855728
Stat3_Etch_MV_SourceRFLoadPower,10,2024-08-22_03,3,2024-08-22_04,4,0.011047410076571396,0.6133226434689543,False,0.01801239558690874
Stat3_Etch_MV_SourceRFLoadPower,10,2024-08-22_04,4,2024-08-22_05,5,0.07208785615466695,0.6133226434689543,False,0.11753659663849662
Stat3_Etch_MV_SourceRFLoadPower,10,2024-08-22_05,5,2024-08-22_06,6,0.0008305293190460361,0.6133226434689543,False,0.001354147491357176
Stat3_Etch_MV_SourceRFLoadPower,10,2024-08-22_06,6,2024-08-22_07,7,0.009041988248100097,0.6133226434689543,False,0.014742629094791921
Stat3_Etch_MV_SourceRFLoadPower,10,2024-08-22_07,7,2024-08-22_08,8,0.6038788734945228,0.6133226434689543,False,0.9846022805859288
Stat3_Etch_MV_SourceRFLoadPower,10,2024-08-22_08,8,2024-08-22_09,9,0.654649121516286,0.6133226434689543,True,1.0673813016483282
Stat3_Etch_MV_SourceRFLoadPower,10,2024-08-22_09,9,2024-08-22_10,10,0.03306123421452867,0.6133226434689543,False,0.053905125738606764
Stat3_Etch_MV_SourceRFPeakToPeak,1,2024-07-02_01,1,2024-07-02_02,2,4.024683313157311,5.968032489936448,False,0.6743735594509421
Stat3_Etch_MV_SourceRFPeakToPeak,1,2024-07-02_02,2,2024-07-02_03,3,5.4667726665356895,5.968032489936448,False,0.9160091999757032
Stat3_Etch_MV_SourceRFPeakToPeak,1,2024-07-02_03,3,2024-07-02_04,4,3.7851258461000725,5.968032489936448,False,0.6342334517251228
Stat3_Etch_MV_SourceRFPeakToPeak,1,2024-07-02_04,4,2024-07-02_05,5,0.596403166735854,5.968032489936448,False,0.09993296245312581
Stat3_Etch_MV_SourceRFPeakToPeak,1,2024-07-02_05,5,2024-07-02_06,6,0.8699809273289247,5.968032489936448,False,0.14577349047544963
Stat3_Etch_MV_SourceRFPeakToPeak,1,2024-07-02_06,6,2024-07-02_07,7,1.3807815469263005,5.968032489936448,False,0.23136294067678645
Stat3_Etch_MV_SourceRFPeakToPeak,1,2024-07-02_07,7,2024-07-02_08,8,1.122864073200617,5.968032489936448,False,0.1881464410748498
Stat3_Etch_MV_SourceRFPeakToPeak,1,2024-07-02_08,8,2024-07-02_09,9,3.460416359341707,5.968032489936448,False,0.5798253218588889
Stat3_Etch_MV_SourceRFPeakToPeak,1,2024-07-02_09,9,2024-07-02_10,10,0.7188364832195475,5.968032489936448,False,0.12044781666850514
Stat3_Etch_MV_SourceRFPeakToPeak,2,2024-07-05_01,1,2024-07-05_02,2,1.8489427597178292,5.968032489936448,False,0.30980775705152336
Stat3_Etch_MV_SourceRFPeakToPeak,2,2024-07-05_02,2,2024-07-05_03,3,0.5668100374005007,5.968032489936448,False,0.09497435517589425
Stat3_Etch_MV_SourceRFPeakToPeak,2,2024-07-05_03,3,2024-07-05_04,4,2.3142448022745157,5.968032489936448,False,0.38777349254999777
Stat3_Etch_MV_SourceRFPeakToPeak,2,2024-07-05_04,4,2024-07-05_05,5,3.937589829928129,5.968032489936448,False,0.6597802268281652
Stat3_Etch_MV_SourceRFPeakToPeak,2,2024-07-05_05,5,2024-07-05_06,6,3.2658549497482454,5.968032489936448,False,0.5472247269523532
Stat3_Etch_MV_SourceRFPeakToPeak,2,2024-07-05_06,6,2024-07-05_07,7,1.6138895898598093,5.968032489936448,False,0.27042238670470026
Stat3_Etch_MV_SourceRFPeakToPeak,2,2024-07-05_07,7,2024-07-05_08,8,0.1661509205900984,5.968032489936448,False,0.02784015014500494
Stat3_Etch_MV_SourceRFPeakToPeak,2,2024-07-05_08,8,2024-07-05_09,9,2.485005193523648,5.968032489936448,False,0.4163860028768225
Stat3_Etch_MV_SourceRFPeakToPeak,2,2024-07-05_09,9,2024-07-05_10,10,3.5210423342632566,5.968032489936448,False,0.5899837744182173
Stat3_Etch_MV_SourceRFPeakToPeak,3,2024-07-09_01,1,2024-07-09_02,2,2.193404775066483,5.968032489936448,False,0.3675256089448401
Stat3_Etch_MV_SourceRFPeakToPeak,3,2024-07-09_02,2,2024-07-09_03,3,0.14298119272689291,5.968032489936448,False,0.02395784422554568
Stat3_Etch_MV_SourceRFPeakToPeak,3,2024-07-09_03,3,2024-07-09_04,4,0.8759090244707295,5.968032489936448,False,0.14676679893209776
Stat3_Etch_MV_SourceRFPeakToPeak,3,2024-07-09_04,4,2024-07-09_05,5,0.24264275437190008,5.968032489936448,False,0.040657076646458394
Stat3_Etch_MV_SourceRFPeakToPeak,3,2024-07-09_05,5,2024-07-09_06,6,0.18117733885082998,5.968032489936448,False,0.030357967915948678
Stat3_Etch_MV_SourceRFPeakToPeak,3,2024-07-09_06,6,2024-07-09_07,7,2.729913792264597,5.968032489936448,False,0.45742274306781916
Stat3_Etch_MV_SourceRFPeakToPeak,3,2024-07-09_07,7,2024-07-09_08,8,0.9231295205727292,5.968032489936448,False,0.15467903737611177
Stat3_Etch_MV_SourceRFPeakToPeak,3,2024-07-09_08,8,2024-07-09_09,9,1.7464136046173735,5.968032489936448,False,0.29262803236447704
Stat3_Etch_MV_SourceRFPeakToPeak,3,2024-07-09_09,9,2024-07-09_10,10,2.1057147367860125,5.968032489936448,False,0.3528323179099241
Stat3_Etch_MV_SourceRFPeakToPeak,4,2024-07-11_01,1,2024-07-11_02,2,1.180506460387278,5.968032489936448,False,0.19780496543507403
Stat3_Etch_MV_SourceRFPeakToPeak,4,2024-07-11_02,2,2024-07-11_03,3,2.6794603838206967,5.968032489936448,False,0.4489687997407718
Stat3_Etch_MV_SourceRFPeakToPeak,4,2024-07-11_03,3,2024-07-11_04,4,4.36143823388602,5.968032489936448,False,0.7308000151206387
Stat3_Etch_MV_SourceRFPeakToPeak,4,2024-07-11_04,4,2024-07-11_05,5,4.745965422941936,5.968032489936448,False,0.795231163862594
Stat3_Etch_MV_SourceRFPeakToPeak,4,2024-07-11_05,5,2024-07-11_06,6,3.6632672462296796,5.968032489936448,False,0.6138148966861084
Stat3_Etch_MV_SourceRFPeakToPeak,4,2024-07-11_06,6,2024-07-11_07,7,1.0952600433520274,5.968032489936448,False,0.1835211261330936
Stat3_Etch_MV_SourceRFPeakToPeak,4,2024-07-11_07,7,2024-07-11_08,8,0.7406203004125018,5.968032489936448,False,0.12409790021441196
Stat3_Etch_MV_SourceRFPeakToPeak,4,2024-07-11_08,8,2024-07-11_09,9,3.2859053008164665,5.968032489936448,False,0.5505843519379797
Stat3_Etch_MV_SourceRFPeakToPeak,4,2024-07-11_09,9,2024-07-11_10,10,2.920643736195416,5.968032489936448,False,0.48938133985033266
Stat3_Etch_MV_SourceRFPeakToPeak,5,2024-07-19_01,1,2024-07-19_02,2,0.0845221617387324,5.968032489936448,False,0.014162483512155351
Stat3_Etch_MV_SourceRFPeakToPeak,5,2024-07-19_02,2,2024-07-19_03,3,0.5644521310364325,5.968032489936448,False,0.09457926577783146
Stat3_Etch_MV_SourceRFPeakToPeak,5,2024-07-19_03,3,2024-07-19_04,4,1.0924603721082349,5.968032489936448,False,0.18305201487263825
Stat3_Etch_MV_SourceRFPeakToPeak,5,2024-07-19_04,4,2024-07-19_05,5,2.7165118231396264,5.968032489936448,False,0.45517711703485614
Stat3_Etch_MV_SourceRFPeakToPeak,5,2024-07-19_05,5,2024-07-19_06,6,3.211689296451368,5.968032489936448,False,0.5381487620697535
Stat3_Etch_MV_SourceRFPeakToPeak,5,2024-07-19_06,6,2024-07-19_07,7,2.450261968550876,5.968032489936448,False,0.41056444861562214
Stat3_Etch_MV_SourceRFPeakToPeak,5,2024-07-19_07,7,2024-07-19_08,8,1.102577866057345,5.968032489936448,False,0.1847472961845565
Stat3_Etch_MV_SourceRFPeakToPeak,5,2024-07-19_08,8,2024-07-19_09,9,0.16181103224789695,5.968032489936448,False,0.02711296101701015
Stat3_Etch_MV_SourceRFPeakToPeak,5,2024-07-19_09,9,2024-07-19_10,10,0.5352769582314068,5.968032489936448,False,0.0896906910500259
Stat3_Etch_MV_SourceRFPeakToPeak,6,2024-08-01_01,1,2024-08-01_02,2,0.26446869577966936,5.968032489936448,False,0.044314218500926025
Stat3_Etch_MV_SourceRFPeakToPeak,6,2024-08-01_02,2,2024-08-01_03,3,2.4201714093410374,5.968032489936448,False,0.405522492282345
Stat3_Etch_MV_SourceRFPeakToPeak,6,2024-08-01_03,3,2024-08-01_04,4,1.5380416395760221,5.968032489936448,False,0.25771334894197273
Stat3_Etch_MV_SourceRFPeakToPeak,6,2024-08-01_04,4,2024-08-01_05,5,0.857214816659507,5.968032489936448,False,0.14363440850983628
Stat3_Etch_MV_SourceRFPeakToPeak,6,2024-08-01_05,5,2024-08-01_06,6,1.1510487928203474,5.968032489936448,False,0.1928690560517717
Stat3_Etch_MV_SourceRFPeakToPeak,6,2024-08-01_06,6,2024-08-01_07,7,0.6504071439189829,5.968032489936448,False,0.10898183698157263
Stat3_Etch_MV_SourceRFPeakToPeak,6,2024-08-01_07,7,2024-08-01_08,8,0.417281709416784,5.968032489936448,False,0.06991947683267849
Stat3_Etch_MV_SourceRFPeakToPeak,6,2024-08-01_08,8,2024-08-01_09,9,0.7580814429570637,5.968032489936448,False,0.12702367894869426
Stat3_Etch_MV_SourceRFPeakToPeak,6,2024-08-01_09,9,2024-08-01_10,10,2.3965700440376168,5.968032489936448,False,0.4015678614482773
Stat3_Etch_MV_SourceRFPeakToPeak,7,2024-08-05_01,1,2024-08-05_02,2,0.7036566318465702,5.968032489936448,False,0.11790428973587296
Stat3_Etch_MV_SourceRFPeakToPeak,7,2024-08-05_02,2,2024-08-05_03,3,0.8758124475280056,5.968032489936448,False,0.14675061655660188
Stat3_Etch_MV_SourceRFPeakToPeak,7,2024-08-05_03,3,2024-08-05_04,4,1.2160987549077618,5.968032489936448,False,0.20376878928832903
Stat3_Etch_MV_SourceRFPeakToPeak,7,2024-08-05_04,4,2024-08-05_05,5,4.142881091151139,5.968032489936448,False,0.6941787093379673
Stat3_Etch_MV_SourceRFPeakToPeak,7,2024-08-05_05,5,2024-08-05_06,6,2.334675439117291,5.968032489936448,False,0.39119683799545674
Stat3_Etch_MV_SourceRFPeakToPeak,8,2024-08-07_01,1,2024-08-07_02,2,1.1574920708972058,5.968032489936448,False,0.19394868792169254
Stat3_Etch_MV_SourceRFPeakToPeak,8,2024-08-07_02,2,2024-08-07_03,3,2.1744559733278948,5.968032489936448,False,0.3643505589144422
Stat3_Etch_MV_SourceRFPeakToPeak,8,2024-08-07_03,3,2024-08-07_04,4,0.6009218506637808,5.968032489936448,False,0.10069011046388922
Stat3_Etch_MV_SourceRFPeakToPeak,8,2024-08-07_04,4,2024-08-07_05,5,1.3770509542300715,5.968032489936448,False,0.2307378447674529
Stat3_Etch_MV_SourceRFPeakToPeak,8,2024-08-07_05,5,2024-08-07_06,6,0.9149081341852252,5.968032489936448,False,0.1533014667275995
Stat3_Etch_MV_SourceRFPeakToPeak,8,2024-08-07_06,6,2024-08-07_07,7,1.611971815592824,5.968032489936448,False,0.27010104558093473
Stat3_Etch_MV_SourceRFPeakToPeak,8,2024-08-07_07,7,2024-08-07_08,8,3.9109979622421633,5.968032489936448,False,0.655324509180715
Stat3_Etch_MV_SourceRFPeakToPeak,8,2024-08-07_08,8,2024-08-07_09,9,3.601212815656254,5.968032489936448,False,0.6034170929412287
Stat3_Etch_MV_SourceRFPeakToPeak,8,2024-08-07_09,9,2024-08-07_10,10,2.1146063939872874,5.968032489936448,False,0.35432219874020915
Stat3_Etch_MV_SourceRFPeakToPeak,9,2024-08-21_01,1,2024-08-21_02,2,0.25996601938231834,5.968032489936448,False,0.04355975270253374
Stat3_Etch_MV_SourceRFPeakToPeak,9,2024-08-21_02,2,2024-08-21_03,3,0.8767336290916319,5.968032489936448,False,0.14690496919546228
Stat3_Etch_MV_SourceRFPeakToPeak,9,2024-08-21_03,3,2024-08-21_04,4,0.6360396090185532,5.968032489936448,False,0.10657442131742252
Stat3_Etch_MV_SourceRFPeakToPeak,9,2024-08-21_04,4,2024-08-21_05,5,2.453358059899074,5.968032489936448,False,0.41108322785374096
Stat3_Etch_MV_SourceRFPeakToPeak,9,2024-08-21_05,5,2024-08-21_06,6,2.7975995088881973,5.968032489936448,False,0.4687641217780951
Stat3_Etch_MV_SourceRFPeakToPeak,9,2024-08-21_06,6,2024-08-21_07,7,2.887217197978316,5.968032489936448,False,0.4837804088444333
Stat3_Etch_MV_SourceRFPeakToPeak,9,2024-08-21_07,7,2024-08-21_08,8,3.250882591742993,5.968032489936448,False,0.544715967485896
Stat3_Etch_MV_SourceRFPeakToPeak,9,2024-08-21_08,8,2024-08-21_09,9,0.6317571696590676,5.968032489936448,False,0.10585685830704904
Stat3_Etch_MV_SourceRFPeakToPeak,9,2024-08-21_09,9,2024-08-21_10,10,2.4235131747382184,5.968032489936448,False,0.40608243651904546
Stat3_Etch_MV_SourceRFPeakToPeak,10,2024-08-22_01,1,2024-08-22_02,2,2.5154692078917833,5.968032489936448,False,0.4214905351359054
Stat3_Etch_MV_SourceRFPeakToPeak,10,2024-08-22_02,2,2024-08-22_03,3,1.2996959206052452,5.968032489936448,False,0.21777628101000593
Stat3_Etch_MV_SourceRFPeakToPeak,10,2024-08-22_03,3,2024-08-22_04,4,0.9528189859875056,5.968032489936448,False,0.15965378666992677
Stat3_Etch_MV_SourceRFPeakToPeak,10,2024-08-22_04,4,2024-08-22_05,5,1.2848643345473647,5.968032489936448,False,0.21529110920792707
Stat3_Etch_MV_SourceRFPeakToPeak,10,2024-08-22_05,5,2024-08-22_06,6,0.7658709475099386,5.968032489936448,False,0.12832888373201437
Stat3_Etch_MV_SourceRFPeakToPeak,10,2024-08-22_06,6,2024-08-22_07,7,3.4485360774715446,5.968032489936448,False,0.5778346688438131
Stat3_Etch_MV_SourceRFPeakToPeak,10,2024-08-22_07,7,2024-08-22_08,8,1.8833316115806156,5.968032489936448,False,0.3155699327636654
Stat3_Etch_MV_SourceRFPeakToPeak,10,2024-08-22_08,8,2024-08-22_09,9,0.6629740423609292,5.968032489936448,False,0.11108753906398204
Stat3_Etch_MV_SourceRFPeakToPeak,10,2024-08-22_09,9,2024-08-22_10,10,2.0015908744526314,5.968032489936448,False,0.33538538502057413
Stat3_Etch_MV_SourceRFReflectedPower,1,2024-07-02_01,1,2024-07-02_02,2,3.8204575104110177,5.982178545194634,False,0.6386398335569432
Stat3_Etch_MV_SourceRFReflectedPower,1,2024-07-02_02,2,2024-07-02_03,3,2.988592534118766,5.982178545194634,False,0.49958263725168206
Stat3_Etch_MV_SourceRFReflectedPower,1,2024-07-02_03,3,2024-07-02_04,4,2.74391140788876,5.982178545194634,False,0.45868096165282296
Stat3_Etch_MV_SourceRFReflectedPower,1,2024-07-02_04,4,2024-07-02_05,5,1.695322652935232,5.982178545194634,False,0.28339552892433334
Stat3_Etch_MV_SourceRFReflectedPower,1,2024-07-02_05,5,2024-07-02_06,6,1.8187335490013936,5.982178545194634,False,0.30402528698551573
Stat3_Etch_MV_SourceRFReflectedPower,1,2024-07-02_06,6,2024-07-02_07,7,2.6050425262856436,5.982178545194634,False,0.4354671975443165
Stat3_Etch_MV_SourceRFReflectedPower,1,2024-07-02_07,7,2024-07-02_08,8,0.06910390756715401,5.982178545194634,False,0.011551629067083567
Stat3_Etch_MV_SourceRFReflectedPower,1,2024-07-02_08,8,2024-07-02_09,9,1.83640130383057,5.982178545194634,False,0.3069786850988784
Stat3_Etch_MV_SourceRFReflectedPower,1,2024-07-02_09,9,2024-07-02_10,10,0.8197248837268205,5.982178545194634,False,0.13702781980408948
Stat3_Etch_MV_SourceRFReflectedPower,2,2024-07-05_01,1,2024-07-05_02,2,2.2743199725460386,5.982178545194634,False,0.3801825631521739
Stat3_Etch_MV_SourceRFReflectedPower,2,2024-07-05_02,2,2024-07-05_03,3,0.6094590274334735,5.982178545194634,False,0.10187911023201404
Stat3_Etch_MV_SourceRFReflectedPower,2,2024-07-05_03,3,2024-07-05_04,4,2.4721587267452207,5.982178545194634,False,0.41325391879703377
Stat3_Etch_MV_SourceRFReflectedPower,2,2024-07-05_04,4,2024-07-05_05,5,3.7671153935010295,5.982178545194634,False,0.62972299556774
Stat3_Etch_MV_SourceRFReflectedPower,2,2024-07-05_05,5,2024-07-05_06,6,3.6471270062437497,5.982178545194634,False,0.6096653549689545
Stat3_Etch_MV_SourceRFReflectedPower,2,2024-07-05_06,6,2024-07-05_07,7,0.4574747744094907,5.982178545194634,False,0.07647293890567194
Stat3_Etch_MV_SourceRFReflectedPower,2,2024-07-05_07,7,2024-07-05_08,8,0.28675732956494926,5.982178545194634,False,0.04793526762842874
Stat3_Etch_MV_SourceRFReflectedPower,2,2024-07-05_08,8,2024-07-05_09,9,3.910794929342643,5.982178545194634,False,0.6537409239455261
Stat3_Etch_MV_SourceRFReflectedPower,2,2024-07-05_09,9,2024-07-05_10,10,2.840556208300626,5.982178545194634,False,0.4748364139987746
Stat3_Etch_MV_SourceRFReflectedPower,3,2024-07-09_01,1,2024-07-09_02,2,2.628121230672349,5.982178545194634,False,0.4393251072025369
Stat3_Etch_MV_SourceRFReflectedPower,3,2024-07-09_02,2,2024-07-09_03,3,0.776266493647114,5.982178545194634,False,0.1297631770403566
Stat3_Etch_MV_SourceRFReflectedPower,3,2024-07-09_03,3,2024-07-09_04,4,0.29285285926212623,5.982178545194634,False,0.04895421576766029
Stat3_Etch_MV_SourceRFReflectedPower,3,2024-07-09_04,4,2024-07-09_05,5,0.9164280978323802,5.982178545194634,False,0.15319303676894247
Stat3_Etch_MV_SourceRFReflectedPower,3,2024-07-09_05,5,2024-07-09_06,6,0.01876099533166098,5.982178545194634,False,0.0031361476742835298
Stat3_Etch_MV_SourceRFReflectedPower,3,2024-07-09_06,6,2024-07-09_07,7,2.623244496479572,5.982178545194634,False,0.4385098967978434
Stat3_Etch_MV_SourceRFReflectedPower,3,2024-07-09_07,7,2024-07-09_08,8,1.0245455816549054,5.982178545194634,False,0.17126629937815926
Stat3_Etch_MV_SourceRFReflectedPower,3,2024-07-09_08,8,2024-07-09_09,9,2.651900192581877,5.982178545194634,False,0.4433000741363857
Stat3_Etch_MV_SourceRFReflectedPower,3,2024-07-09_09,9,2024-07-09_10,10,2.30532868535488,5.982178545194634,False,0.3853660782503232
Stat3_Etch_MV_SourceRFReflectedPower,4,2024-07-11_01,1,2024-07-11_02,2,1.702418091644489,5.982178545194634,False,0.2845816250355831
Stat3_Etch_MV_SourceRFReflectedPower,4,2024-07-11_02,2,2024-07-11_03,3,0.9602662931389148,5.982178545194634,False,0.1605211689828746
Stat3_Etch_MV_SourceRFReflectedPower,4,2024-07-11_03,3,2024-07-11_04,4,3.398730171345221,5.982178545194634,False,0.5681425496862433
Stat3_Etch_MV_SourceRFReflectedPower,4,2024-07-11_04,4,2024-07-11_05,5,2.8194717093309123,5.982178545194634,False,0.4713118620633178
Stat3_Etch_MV_SourceRFReflectedPower,4,2024-07-11_05,5,2024-07-11_06,6,2.8551868381049417,5.982178545194634,False,0.4772821166293101
Stat3_Etch_MV_SourceRFReflectedPower,4,2024-07-11_06,6,2024-07-11_07,7,0.16659537508542144,5.982178545194634,False,0.027848612980507614
Stat3_Etch_MV_SourceRFReflectedPower,4,2024-07-11_07,7,2024-07-11_08,8,0.3709881327076232,5.982178545194634,False,0.06201555669140479
Stat3_Etch_MV_SourceRFReflectedPower,4,2024-07-11_08,8,2024-07-11_09,9,4.1067777562428205,5.982178545194634,False,0.6865020368778051
Stat3_Etch_MV_SourceRFReflectedPower,4,2024-07-11_09,9,2024-07-11_10,10,2.7890273191985386,5.982178545194634,False,0.46622268093935604
Stat3_Etch_MV_SourceRFReflectedPower,5,2024-07-19_01,1,2024-07-19_02,2,4.044013519188525,5.982178545194634,False,0.6760101673055213
Stat3_Etch_MV_SourceRFReflectedPower,5,2024-07-19_02,2,2024-07-19_03,3,0.22937883056090413,5.982178545194634,False,0.038343695165226996
Stat3_Etch_MV_SourceRFReflectedPower,5,2024-07-19_03,3,2024-07-19_04,4,0.39237018901400234,5.982178545194634,False,0.06558984925804089
Stat3_Etch_MV_SourceRFReflectedPower,5,2024-07-19_04,4,2024-07-19_05,5,2.832462180190589,5.982178545194634,False,0.47348339050593036
Stat3_Etch_MV_SourceRFReflectedPower,5,2024-07-19_05,5,2024-07-19_06,6,3.080421977489806,5.982178545194634,False,0.514933139192953
Stat3_Etch_MV_SourceRFReflectedPower,5,2024-07-19_06,6,2024-07-19_07,7,2.5622321370074985,5.982178545194634,False,0.42831087665641293
Stat3_Etch_MV_SourceRFReflectedPower,5,2024-07-19_07,7,2024-07-19_08,8,0.8512087235737056,5.982178545194634,False,0.14229075864970042
Stat3_Etch_MV_SourceRFReflectedPower,5,2024-07-19_08,8,2024-07-19_09,9,0.5845249659011813,5.982178545194634,False,0.09771105316987215
Stat3_Etch_MV_SourceRFReflectedPower,5,2024-07-19_09,9,2024-07-19_10,10,1.3458579380558433,5.982178545194634,False,0.2249778952413489
Stat3_Etch_MV_SourceRFReflectedPower,6,2024-08-01_01,1,2024-08-01_02,2,2.9189019547849,5.982178545194634,False,0.4879329382653743
Stat3_Etch_MV_SourceRFReflectedPower,6,2024-08-01_02,2,2024-08-01_03,3,0.9288941504210015,5.982178545194634,False,0.15527690178474596
Stat3_Etch_MV_SourceRFReflectedPower,6,2024-08-01_03,3,2024-08-01_04,4,0.5399752692188144,5.982178545194634,False,0.09026398412206636
Stat3_Etch_MV_SourceRFReflectedPower,6,2024-08-01_04,4,2024-08-01_05,5,2.937275180197531,5.982178545194634,False,0.49100426508616773
Stat3_Etch_MV_SourceRFReflectedPower,6,2024-08-01_05,5,2024-08-01_06,6,1.5214947824141802,5.982178545194634,False,0.2543379089941017
Stat3_Etch_MV_SourceRFReflectedPower,6,2024-08-01_06,6,2024-08-01_07,7,0.6555478783907631,5.982178545194634,False,0.1095834692057715
Stat3_Etch_MV_SourceRFReflectedPower,6,2024-08-01_07,7,2024-08-01_08,8,0.731346895949855,5.982178545194634,False,0.12225427416193246
Stat3_Etch_MV_SourceRFReflectedPower,6,2024-08-01_08,8,2024-08-01_09,9,0.9712101589512372,5.982178545194634,False,0.16235058041378442
Stat3_Etch_MV_SourceRFReflectedPower,6,2024-08-01_09,9,2024-08-01_10,10,3.567581566593816,5.982178545194634,False,0.5963682861755412
Stat3_Etch_MV_SourceRFReflectedPower,7,2024-08-05_01,1,2024-08-05_02,2,2.0892564351466376,5.982178545194634,False,0.3492467533963687
Stat3_Etch_MV_SourceRFReflectedPower,7,2024-08-05_02,2,2024-08-05_03,3,2.536391266358777,5.982178545194634,False,0.42399123449703957
Stat3_Etch_MV_SourceRFReflectedPower,7,2024-08-05_03,3,2024-08-05_04,4,0.09664628057029745,5.982178545194634,False,0.016155699773944644
Stat3_Etch_MV_SourceRFReflectedPower,7,2024-08-05_04,4,2024-08-05_05,5,3.352991927930816,5.982178545194634,False,0.5604967993849346
Stat3_Etch_MV_SourceRFReflectedPower,7,2024-08-05_05,5,2024-08-05_06,6,3.2218541886354615,5.982178545194634,False,0.5385753976239164
Stat3_Etch_MV_SourceRFReflectedPower,8,2024-08-07_01,1,2024-08-07_02,2,2.5828442987885865,5.982178545194634,False,0.4317564712045137
Stat3_Etch_MV_SourceRFReflectedPower,8,2024-08-07_02,2,2024-08-07_03,3,0.9524081986011765,5.982178545194634,False,0.15920758489668072
Stat3_Etch_MV_SourceRFReflectedPower,8,2024-08-07_03,3,2024-08-07_04,4,0.6422116122681985,5.982178545194634,False,0.1073541365267465
Stat3_Etch_MV_SourceRFReflectedPower,8,2024-08-07_04,4,2024-08-07_05,5,2.805237041271056,5.982178545194634,False,0.46893234965787634
Stat3_Etch_MV_SourceRFReflectedPower,8,2024-08-07_05,5,2024-08-07_06,6,0.3905276323409055,5.982178545194634,False,0.06528184162183
Stat3_Etch_MV_SourceRFReflectedPower,8,2024-08-07_06,6,2024-08-07_07,7,0.6517906145034544,5.982178545194634,False,0.10895539301932487
Stat3_Etch_MV_SourceRFReflectedPower,8,2024-08-07_07,7,2024-08-07_08,8,0.0912949316919196,5.982178545194634,False,0.015261151268254109
Stat3_Etch_MV_SourceRFReflectedPower,8,2024-08-07_08,8,2024-08-07_09,9,0.07680040144094846,5.982178545194634,False,0.012838199472103807
Stat3_Etch_MV_SourceRFReflectedPower,8,2024-08-07_09,9,2024-08-07_10,10,0.7032590375568475,5.982178545194634,False,0.11755901838164988
Stat3_Etch_MV_SourceRFReflectedPower,9,2024-08-21_01,1,2024-08-21_02,2,3.50639864022628,5.982178545194634,False,0.5861407535291472
Stat3_Etch_MV_SourceRFReflectedPower,9,2024-08-21_02,2,2024-08-21_03,3,0.2606468905617305,5.982178545194634,False,0.04357056356519199
Stat3_Etch_MV_SourceRFReflectedPower,9,2024-08-21_03,3,2024-08-21_04,4,0.34323843023003064,5.982178545194634,False,0.057376828129903835
Stat3_Etch_MV_SourceRFReflectedPower,9,2024-08-21_04,4,2024-08-21_05,5,3.3836112331910044,5.982178545194634,False,0.5656152198782153
Stat3_Etch_MV_SourceRFReflectedPower,9,2024-08-21_05,5,2024-08-21_06,6,2.3069510620182996,5.982178545194634,False,0.38563727989553703
Stat3_Etch_MV_SourceRFReflectedPower,9,2024-08-21_06,6,2024-08-21_07,7,2.4014152640084774,5.982178545194634,False,0.40142821647098564
Stat3_Etch_MV_SourceRFReflectedPower,9,2024-08-21_07,7,2024-08-21_08,8,3.1128723613966827,5.982178545194634,False,0.5203576486190289
Stat3_Etch_MV_SourceRFReflectedPower,9,2024-08-21_08,8,2024-08-21_09,9,0.13647834512829604,5.982178545194634,False,0.02281415442505079
Stat3_Etch_MV_SourceRFReflectedPower,9,2024-08-21_09,9,2024-08-21_10,10,2.3313731418813006,5.982178545194634,False,0.38971975247279217
Stat3_Etch_MV_SourceRFReflectedPower,10,2024-08-22_01,1,2024-08-22_02,2,2.1455608955899663,5.982178545194634,False,0.3586587861563332
Stat3_Etch_MV_SourceRFReflectedPower,10,2024-08-22_02,2,2024-08-22_03,3,1.3385057342906919,5.982178545194634,False,0.22374887746636837
Stat3_Etch_MV_SourceRFReflectedPower,10,2024-08-22_03,3,2024-08-22_04,4,0.3359827189648854,5.982178545194634,False,0.056163940348248835
Stat3_Etch_MV_SourceRFReflectedPower,10,2024-08-22_04,4,2024-08-22_05,5,3.638557736275658,5.982178545194634,False,0.6082328885349702
Stat3_Etch_MV_SourceRFReflectedPower,10,2024-08-22_05,5,2024-08-22_06,6,0.7133025583970038,5.982178545194634,False,0.11923792528225119
Stat3_Etch_MV_SourceRFReflectedPower,10,2024-08-22_06,6,2024-08-22_07,7,3.3709848391275443,5.982178545194634,False,0.5635045516712954
Stat3_Etch_MV_SourceRFReflectedPower,10,2024-08-22_07,7,2024-08-22_08,8,2.458379846459195,5.982178545194634,False,0.41095059732611344
Stat3_Etch_MV_SourceRFReflectedPower,10,2024-08-22_08,8,2024-08-22_09,9,1.2323242190159363,5.982178545194634,False,0.20599923751955515
Stat3_Etch_MV_SourceRFReflectedPower,10,2024-08-22_09,9,2024-08-22_10,10,2.4991777835744244,5.982178545194634,False,0.41777051030714635
Stat3_Etch_MV_moriInnerCurrent,1,2024-07-02_01,1,2024-07-02_02,2,0.0008153948549978196,0.0015295657727157198,False,0.5330891090417765
Stat3_Etch_MV_moriInnerCurrent,1,2024-07-02_02,2,2024-07-02_03,3,0.0004204886031491384,0.0015295657727157198,False,0.274907173427768
Stat3_Etch_MV_moriInnerCurrent,1,2024-07-02_03,3,2024-07-02_04,4,0.0007154493886201152,0.0015295657727157198,False,0.4677467300734941
Stat3_Etch_MV_moriInnerCurrent,1,2024-07-02_04,4,2024-07-02_05,5,0.0005529042474261558,0.0015295657727157198,False,0.3614779156861513
Stat3_Etch_MV_moriInnerCurrent,1,2024-07-02_05,5,2024-07-02_06,6,0.0006544961317178632,0.0015295657727157198,False,0.42789669028473076
Stat3_Etch_MV_moriInnerCurrent,1,2024-07-02_06,6,2024-07-02_07,7,0.00044079479049585757,0.0015295657727157198,False,0.2881829590846776
Stat3_Etch_MV_moriInnerCurrent,1,2024-07-02_07,7,2024-07-02_08,8,0.0007878593731351913,0.0015295657727157198,False,0.5150869529045223
Stat3_Etch_MV_moriInnerCurrent,1,2024-07-02_08,8,2024-07-02_09,9,0.0007394564339353593,0.0015295657727157198,False,0.48344206383650057
Stat3_Etch_MV_moriInnerCurrent,1,2024-07-02_09,9,2024-07-02_10,10,0.00020161821206876596,0.0015295657727157198,False,0.131814019158389
Stat3_Etch_MV_moriInnerCurrent,2,2024-07-05_01,1,2024-07-05_02,2,0.0015293228060517805,0.0015295657727157198,False,0.9998411531767556
Stat3_Etch_MV_moriInnerCurrent,2,2024-07-05_02,2,2024-07-05_03,3,0.000707309288577207,0.0015295657727157198,False,0.4624248928644569
Stat3_Etch_MV_moriInnerCurrent,2,2024-07-05_03,3,2024-07-05_04,4,0.00021555598890010685,0.0015295657727157198,False,0.14092626335210848
Stat3_Etch_MV_moriInnerCurrent,2,2024-07-05_04,4,2024-07-05_05,5,0.0007496860520763704,0.0015295657727157198,False,0.490129986855887
Stat3_Etch_MV_moriInnerCurrent,2,2024-07-05_05,5,2024-07-05_06,6,0.0006069477409820223,0.0015295657727157198,False,0.3968104881847586
Stat3_Etch_MV_moriInnerCurrent,2,2024-07-05_06,6,2024-07-05_07,7,0.000498767641754938,0.0015295657727157198,False,0.32608446831899485
Stat3_Etch_MV_moriInnerCurrent,2,2024-07-05_07,7,2024-07-05_08,8,0.000325455266628083,0.0015295657727157198,False,0.2127762482879323
Stat3_Etch_MV_moriInnerCurrent,2,2024-07-05_08,8,2024-07-05_09,9,0.001020399926597193,0.0015295657727157198,False,0.6671173903071125
Stat3_Etch_MV_moriInnerCurrent,2,2024-07-05_09,9,2024-07-05_10,10,0.00041409502765965556,0.0015295657727157198,False,0.2707271795997608
Stat3_Etch_MV_moriInnerCurrent,3,2024-07-09_01,1,2024-07-09_02,2,0.00029631211116232237,0.0015295657727157198,False,0.1937230267883315
Stat3_Etch_MV_moriInnerCurrent,3,2024-07-09_02,2,2024-07-09_03,3,0.0003440577857052318,0.0015295657727157198,False,0.22493820915877497
Stat3_Etch_MV_moriInnerCurrent,3,2024-07-09_03,3,2024-07-09_04,4,0.0008215828945665749,0.0015295657727157198,False,0.5371347275298056
Stat3_Etch_MV_moriInnerCurrent,3,2024-07-09_04,4,2024-07-09_05,5,0.0007905509575731884,0.0015295657727157198,False,0.5168466578390922
Stat3_Etch_MV_moriInnerCurrent,3,2024-07-09_05,5,2024-07-09_06,6,0.0003441213027581824,0.0015295657727157198,False,0.22497973535796403
Stat3_Etch_MV_moriInnerCurrent,3,2024-07-09_06,6,2024-07-09_07,7,0.0004819134300255712,0.0015295657727157198,False,0.31506551638504665
Stat3_Etch_MV_moriInnerCurrent,3,2024-07-09_07,7,2024-07-09_08,8,0.0006637810587246662,0.0015295657727157198,False,0.43396699283230783
Stat3_Etch_MV_moriInnerCurrent,3,2024-07-09_08,8,2024-07-09_09,9,0.0006329725875762193,0.0015295657727157198,False,0.41382502071315735
Stat3_Etch_MV_moriInnerCurrent,3,2024-07-09_09,9,2024-07-09_10,10,0.0010047516319122707,0.0015295657727157198,False,0.6568868432041011
Stat3_Etch_MV_moriInnerCurrent,4,2024-07-11_01,1,2024-07-11_02,2,0.0012353967176110814,0.0015295657727157198,False,0.8076780610863526
Stat3_Etch_MV_moriInnerCurrent,4,2024-07-11_02,2,2024-07-11_03,3,0.000261414510669411,0.0015295657727157198,False,0.17090766237876368
Stat3_Etch_MV_moriInnerCurrent,4,2024-07-11_03,3,2024-07-11_04,4,9.784350562469513e-05,0.0015295657727157198,False,0.06396815839502967
Stat3_Etch_MV_moriInnerCurrent,4,2024-07-11_04,4,2024-07-11_05,5,0.0003572937712004176,0.0015295657727157198,False,0.233591635988329
Stat3_Etch_MV_moriInnerCurrent,4,2024-07-11_05,5,2024-07-11_06,6,8.664213502207474e-05,0.0015295657727157198,False,0.056644922740552044
Stat3_Etch_MV_moriInnerCurrent,4,2024-07-11_06,6,2024-07-11_07,7,5.660951423180904e-07,0.0015295657727157198,False,0.00037010186316669303
Stat3_Etch_MV_moriInnerCurrent,4,2024-07-11_07,7,2024-07-11_08,8,0.0001386370662839198,0.0015295657727157198,False,0.09063818552749901
Stat3_Etch_MV_moriInnerCurrent,4,2024-07-11_08,8,2024-07-11_09,9,1.0966419122127036e-05,0.0015295657727157198,False,0.007169629000429535
Stat3_Etch_MV_moriInnerCurrent,4,2024-07-11_09,9,2024-07-11_10,10,5.7641400967867185e-05,0.0015295657727157198,False,0.037684813556938965
Stat3_Etch_MV_moriInnerCurrent,5,2024-07-19_01,1,2024-07-19_02,2,0.001190880610872469,0.0015295657727157198,False,0.7785743065877313
Stat3_Etch_MV_moriInnerCurrent,5,2024-07-19_02,2,2024-07-19_03,3,0.0006175699941053381,0.0015295657727157198,False,0.4037551082284303
Stat3_Etch_MV_moriInnerCurrent,5,2024-07-19_03,3,2024-07-19_04,4,0.0002547463283768536,0.0015295657727157198,False,0.16654813602723048
Stat3_Etch_MV_moriInnerCurrent,5,2024-07-19_04,4,2024-07-19_05,5,0.00033383799186204044,0.0015295657727157198,False,0.21825670907195863
Stat3_Etch_MV_moriInnerCurrent,5,2024-07-19_05,5,2024-07-19_06,6,0.000678079573431134,0.0015295657727157198,False,0.44331508034938205
Stat3_Etch_MV_moriInnerCurrent,5,2024-07-19_06,6,2024-07-19_07,7,0.0001763342768530407,0.0015295657727157198,False,0.11528387990793099
Stat3_Etch_MV_moriInnerCurrent,5,2024-07-19_07,7,2024-07-19_08,8,0.0004694974137713359,0.0015295657727157198,False,0.3069481693080453
Stat3_Etch_MV_moriInnerCurrent,5,2024-07-19_08,8,2024-07-19_09,9,0.00020588855774406056,0.0015295657727157198,False,0.13460588711952456
Stat3_Etch_MV_moriInnerCurrent,5,2024-07-19_09,9,2024-07-19_10,10,0.0004418098728624642,0.0015295657727157198,False,0.28884659995891365
Stat3_Etch_MV_moriInnerCurrent,6,2024-08-01_01,1,2024-08-01_02,2,0.0009519217650542089,0.0015295657727157198,False,0.6223477159560695
Stat3_Etch_MV_moriInnerCurrent,6,2024-08-01_02,2,2024-08-01_03,3,0.00021639364227254987,0.0015295657727157198,False,0.14147390464180326
Stat3_Etch_MV_moriInnerCurrent,6,2024-08-01_03,3,2024-08-01_04,4,0.0006479140930100158,0.0015295657727157198,False,0.42359348291355564
Stat3_Etch_MV_moriInnerCurrent,6,2024-08-01_04,4,2024-08-01_05,5,0.0006430232713867667,0.0015295657727157198,False,0.4203959599887549
Stat3_Etch_MV_moriInnerCurrent,6,2024-08-01_05,5,2024-08-01_06,6,0.0003074621968224278,0.0015295657727157198,False,0.20101273335669217
Stat3_Etch_MV_moriInnerCurrent,6,2024-08-01_06,6,2024-08-01_07,7,0.0004937326292306921,0.0015295657727157198,False,0.322792676220832
Stat3_Etch_MV_moriInnerCurrent,6,2024-08-01_07,7,2024-08-01_08,8,0.00021147697830237178,0.0015295657727157198,False,0.1382594864991636
Stat3_Etch_MV_moriInnerCurrent,6,2024-08-01_08,8,2024-08-01_09,9,0.00023730200511629107,0.0015295657727157198,False,0.1551433807877154
Stat3_Etch_MV_moriInnerCurrent,6,2024-08-01_09,9,2024-08-01_10,10,2.668985215770192e-05,0.0015295657727157198,False,0.017449300078357866
Stat3_Etch_MV_moriInnerCurrent,7,2024-08-05_01,1,2024-08-05_02,2,0.001005783773782909,0.0015295657727157198,False,0.6575616372463381
Stat3_Etch_MV_moriInnerCurrent,7,2024-08-05_02,2,2024-08-05_03,3,0.00045203845543895227,0.0015295657727157198,False,0.2955338459465951
Stat3_Etch_MV_moriInnerCurrent,7,2024-08-05_03,3,2024-08-05_04,4,4.697922126339904e-05,0.0015295657727157198,False,0.030714090300274027
Stat3_Etch_MV_moriInnerCurrent,7,2024-08-05_04,4,2024-08-05_05,5,0.00038904675925266474,0.0015295657727157198,False,0.25435111467087707
Stat3_Etch_MV_moriInnerCurrent,7,2024-08-05_05,5,2024-08-05_06,6,0.00025538997144991527,0.0015295657727157198,False,0.16696893720135644
Stat3_Etch_MV_moriInnerCurrent,8,2024-08-07_01,1,2024-08-07_02,2,0.001338753597142528,0.0015295657727157198,False,0.8752507548371667
Stat3_Etch_MV_moriInnerCurrent,8,2024-08-07_02,2,2024-08-07_03,3,1.0507179199592542e-05,0.0015295657727157198,False,0.006869386977022382
Stat3_Etch_MV_moriInnerCurrent,8,2024-08-07_03,3,2024-08-07_04,4,0.000266766315826672,0.0015295657727157198,False,0.17440656726584083
Stat3_Etch_MV_moriInnerCurrent,8,2024-08-07_04,4,2024-08-07_05,5,0.0002619911258552321,0.0015295657727157198,False,0.17128464203933577
Stat3_Etch_MV_moriInnerCurrent,8,2024-08-07_05,5,2024-08-07_06,6,0.00016331167197947138,0.0015295657727157198,False,0.10676995712941072
Stat3_Etch_MV_moriInnerCurrent,8,2024-08-07_06,6,2024-08-07_07,7,0.00018755192478892013,0.0015295657727157198,False,0.12261775736255176
Stat3_Etch_MV_moriInnerCurrent,8,2024-08-07_07,7,2024-08-07_08,8,0.000986030503801416,0.0015295657727157198,False,0.6446473380812743
Stat3_Etch_MV_moriInnerCurrent,8,2024-08-07_08,8,2024-08-07_09,9,0.00021664901320583851,0.0015295657727157198,False,0.14164086113222946
Stat3_Etch_MV_moriInnerCurrent,8,2024-08-07_09,9,2024-08-07_10,10,0.0004882237419749913,0.0015295657727157198,False,0.3191910741492063
Stat3_Etch_MV_moriInnerCurrent,9,2024-08-21_01,1,2024-08-21_02,2,0.0005049975172273236,0.0015295657727157198,False,0.33015743829747735
Stat3_Etch_MV_moriInnerCurrent,9,2024-08-21_02,2,2024-08-21_03,3,0.0006359912162263726,0.0015295657727157198,False,0.41579854071733063
Stat3_Etch_MV_moriInnerCurrent,9,2024-08-21_03,3,2024-08-21_04,4,0.0003275483025166892,0.0015295657727157198,False,0.21414463396048172
Stat3_Etch_MV_moriInnerCurrent,9,2024-08-21_04,4,2024-08-21_05,5,0.0002778623916430689,0.0015295657727157198,False,0.18166096326131084
Stat3_Etch_MV_moriInnerCurrent,9,2024-08-21_05,5,2024-08-21_06,6,0.00045643612101464726,0.0015295657727157198,False,0.2984089531529279
Stat3_Etch_MV_moriInnerCurrent,9,2024-08-21_06,6,2024-08-21_07,7,0.00031986859871402373,0.0015295657727157198,False,0.20912379475261275
Stat3_Etch_MV_moriInnerCurrent,9,2024-08-21_07,7,2024-08-21_08,8,0.0004245511054588036,0.0015295657727157198,False,0.27756315748685967
Stat3_Etch_MV_moriInnerCurrent,9,2024-08-21_08,8,2024-08-21_09,9,0.0001876178473487755,0.0015295657727157198,False,0.12266085623481428
Stat3_Etch_MV_moriInnerCurrent,9,2024-08-21_09,9,2024-08-21_10,10,0.0005403639831094154,0.0015295657727157198,False,0.3532793376711141
Stat3_Etch_MV_moriInnerCurrent,10,2024-08-22_01,1,2024-08-22_02,2,0.0011125230574737799,0.0015295657727157198,False,0.7273456802701023
Stat3_Etch_MV_moriInnerCurrent,10,2024-08-22_02,2,2024-08-22_03,3,3.5004273868821656e-05,0.0015295657727157198,False,0.02288510536338174
Stat3_Etch_MV_moriInnerCurrent,10,2024-08-22_03,3,2024-08-22_04,4,0.0003332132099878038,0.0015295657727157198,False,0.21784823897843178
Stat3_Etch_MV_moriInnerCurrent,10,2024-08-22_04,4,2024-08-22_05,5,0.0003228433909949757,0.0015295657727157198,False,0.21106865540131195
Stat3_Etch_MV_moriInnerCurrent,10,2024-08-22_05,5,2024-08-22_06,6,0.00011912129525626369,0.0015295657727157198,False,0.07787915850442031
Stat3_Etch_MV_moriInnerCurrent,10,2024-08-22_06,6,2024-08-22_07,7,0.00034085652679216594,0.0015295657727157198,False,0.2228452890829144
Stat3_Etch_MV_moriInnerCurrent,10,2024-08-22_07,7,2024-08-22_08,8,8.578036152684376e-05,0.0015295657727157198,False,0.056081512189268
Stat3_Etch_MV_moriInnerCurrent,10,2024-08-22_08,8,2024-08-22_09,9,0.0005876682630816532,0.0015295657727157198,False,0.38420594495799776
Stat3_Etch_MV_moriInnerCurrent,10,2024-08-22_09,9,2024-08-22_10,10,0.0004557726352949487,0.0015295657727157198,False,0.29797517924693856
